id,label,price_usd,date_start,date_end,season,value
BREZİLYA – ARJANTİN – ŞİLİ TURU 04 – 22 OCAK,Trip,3800,2025-01-04,2025-01-22,Kış,
Rio de Janeiro,City,,,,,
Iguazu,City,,,,,
Buenos Aires,City,,,,,
Cape Horn,City,,,,,
Magdalena Adası,City,,,,,
Santiago,City,,,,,
Brezilya,Country,,,,,
Arjantin,Country,,,,,
Şili,Country,,,,,
Satyricon Restaurant,Restaurant,,,,,
La Cabrera Restaurant,Restaurant,,,,,
Fervor Restaurant,Restaurant,,,,,
Vista Chinesa,Activity,,,,,
Amanhã (Yarının Müzesi),Activity,,,,,
Iguazú Şelaleleri,Activity,,,,,
Iguazú Milli Parkı,Activity,,,,,
Macuco Safarisi,Activity,,,,,
Plaza de Mayo,Activity,,,,,
Casa Rosada,Activity,,,,,
San Telmo,Activity,,,,,
La Boca,Activity,,,,,
Buenos Aires Modern Sanat Müzesi,Activity,,,,,
Plaza Dorrego,Activity,,,,,
Palermo Soho,Activity,,,,,
Recoleta Semti,Activity,,,,,
Recoleta Mezarlığı,Activity,,,,,
Rojo Tango Gösterisi,Activity,,,,,
Cape Horn,Activity,,,,,
Magdalena Adası,Activity,,,,,
Plaza de Armas,Activity,,,,,
Santiago Katedrali,Activity,,,,,
Belediye Binası,Activity,,,,,
Merkez Postane,Activity,,,,,
Ulusal Tarih Müzesi,Activity,,,,,
Kış,Season,,,,,
DATE_2025-01-04,Date,,,,,2025-01-04
DATE_2025-01-22,Date,,,,,2025-01-22
İZLANDA TURU 18 – 24 MAYIS,Trip,1400,2025-05-18,2025-05-24,İlkbahar,
İzlanda,City,,,,,
İzlanda,Country,,,,,
Hali Country Hotel,Hotel,,,,,
Fosshotel Glacier Lagoon,Hotel,,,,,
Blue Lagoon,Activity,,,,,
Kerid Crater Lake,Activity,,,,,
Skaftafell National Park,Activity,,,,,
Ice Cave,Activity,,,,,
Svartifoss Şelalesi,Activity,,,,,
Fjallsárlón Glacier Lagoon,Activity,,,,,
Jökulsárlón Glacier Lagoon,Activity,,,,,
Goðafoss Şelalesi,Activity,,,,,
İlkbahar,Season,,,,,
DATE_2025-05-18,Date,,,,,2025-05-18
DATE_2025-05-24,Date,,,,,2025-05-24
GÜNEY AFRİKA TURU 07 – 16 ARALIK,Trip,2000,2025-12-07,2025-12-16,Kış,
Cape Town,City,,,,,
Stellenbosch,City,,,,,
Franschhoek,City,,,,,
Kimberley,City,,,,,
Güney Afrika,Country,,,,,
Babel Hotel,Hotel,,,,,
Cape Town & Masa Dağı Gezisi,Activity,,,,,
Zeitz Çağdaş Sanatlar Müzesi,Activity,,,,,
Cape Point & Ümit Burnu,Activity,,,,,
Boulders Penguen Kolonisi,Activity,,,,,
Stellenbosch Şarap Evleri,Activity,,,,,
Franschhoek Şarap Bağları,Activity,,,,,
La Motte Şarap Tadımı,Activity,,,,,
Matjiesfontein Köyü,Activity,,,,,
Kimberley Diamond Mine & Big Hole,Activity,,,,,
Sabah Safari,Activity,,,,,
Akşam Safari,Activity,,,,,
DATE_2025-12-07,Date,,,,,2025-12-07
DATE_2025-12-16,Date,,,,,2025-12-16
VENEDİK & MİLANO TURU 08 – 12,Trip,1000,,,,
Venedik,City,,,,,
Milano,City,,,,,
İtalya,Country,,,,,
Hotel Ai Cavalieri,Hotel,,,,,
Ristorante Da Ivo,Restaurant,,,,,
Ristorante Acqua Pazza,Restaurant,,,,,
Osteria Enoteca San Marco,Restaurant,,,,,
Restaurant Terrazza Danieli,Restaurant,,,,,
Da Giacomo,Restaurant,,,,,
Il Salumaio di Montenapoleone,Restaurant,,,,,
Solferino Restaurant,Restaurant,,,,,
MALDİVLER TURU 08 – 15 OCAK 2024,Trip,47800 / 47600 / 34900 USD (oda tipine göre),2024-01-08,2024-01-15,Kış,
Maldivler,City,,,,,
Maldivler,Country,,,,,
Beach Villa with Pool,Hotel,,,,,
Water Villa with Pool,Hotel,,,,,
Water Villa One Bedroom,Hotel,,,,,
DATE_2024-01-08,Date,,,,,2024-01-08
DATE_2024-01-15,Date,,,,,2024-01-15
TANZANYA & ZANZIBAR TURU 08 – 17 OCAK 2024,Trip,2000,2024-01-08,2024-01-17,Kış,
Arusha,City,,,,,
Serengeti,City,,,,,
Zanzibar,City,,,,,
Tanzanya,Country,,,,,
Singita Lodge,Hotel,,,,,
Singita Sasakawa Lodge,Hotel,,,,,
Serengeti Ulusal Parkı Safari,Activity,,,,,
Öğle Safarisi,Activity,,,,,
Sabah ve Akşam Safarileri,Activity,,,,,
DATE_2024-01-17,Date,,,,,2024-01-17
BARCELONA TURU 09 – 11 KASIM,Trip,600,2025-11-09,2025-11-11,Sonbahar,
Barcelona,City,,,,,
İspanya,Country,,,,,
La Pepita Tapas Bar,Restaurant,,,,,
Gala Restoran,Restaurant,,,,,
Barceloneta Restoran,Restaurant,,,,,
Park Güell,Activity,,,,,
La Sagrada Familia,Activity,,,,,
Casa Milà,Activity,,,,,
Plaza Catalunya,Activity,,,,,
Gotik Mahallesi,Activity,,,,,
Sonbahar,Season,,,,,
DATE_2025-11-09,Date,,,,,2025-11-09
DATE_2025-11-11,Date,,,,,2025-11-11
BILBAO & SAN SEBASTIAN TURU 12 – 15 EYLÜL,Trip,800,2025-09-12,2025-09-15,Sonbahar,
Bilbao,City,,,,,
San Sebastian,City,,,,,
Biarritz,City,,,,,
Saint Jean De Luz,City,,,,,
Fransa,Country,,,,,
Hotel Maria Cristina,Hotel,,,,,
Restaurante Ilura,Restaurant,,,,,
Elkano Restaurant,Restaurant,,,,,
Cafe Iruña,Restaurant,,,,,
Biarritz Gezisi,Activity,,,,,
Saint Jean De Luz Gezisi,Activity,,,,,
San Sebastian Şehir Gezisi,Activity,,,,,
Guggenheim Müzesi Gezisi,Activity,,,,,
DATE_2025-09-12,Date,,,,,2025-09-12
DATE_2025-09-15,Date,,,,,2025-09-15
AVUSTRALYA & YENİ ZELANDA TURU 14 ARALIK – 3 OCAK,Trip,1000,,,,
Singapore,City,,,,,
Auckland,City,,,,,
Rotorua,City,,,,,
Wellington,City,,,,,
Tekapo,City,,,,,
Queenstown,City,,,,,
Gold Coast,City,,,,,
Sydney,City,,,,,
Avustralya,Country,,,,,
Yeni Zelanda,Country,,,,,
Singapur,Country,,,,,
JW Marriott Hotel Singapore South Beach,Hotel,,,,,
Pullman Rotorua,Hotel,,,,,
Intercontinental Hotel Wellington,Hotel,,,,,
Peppers Blue Water Resort Lake Tekapo,Hotel,,,,,
The Rees Hotel & Luxury Apartments,Hotel,,,,,
JW Marriott Gold Coast Resort & Spa,Hotel,,,,,
Sydney Harbour Marriott Hotel at Circular Quay,Hotel,,,,,
Auckland Şehir Gezisi,Activity,,,,,
Te Puia Maori Dansı ve Gayzerler,Activity,,,,,
Weta Workshop,Activity,,,,,
Queenstown Panoramik Gezisi,Activity,,,,,
Seal Bay Conservation Park,Activity,,,,,
Flinders Chase National Park,Activity,,,,,
Sydney Harbour Tekne Turu & Havai Fişek Gösterisi,Activity,,,,,
Blue Mountains Gezisi,Activity,,,,,
Sydney Opera Binası & Harbour Bridge,Activity,,,,,
BALI & BANGKOK TURU 18 TEMMUZ – 06 AĞUSTOS,Trip,1000,,,,
Bali,City,,,,,
Bangkok,City,,,,,
Endonezya,Country,,,,,
Tayland,Country,,,,,
Capella Bangkok Hotel,Hotel,,,,,
Riverside Pool Villa,Hotel,,,,,
Koral Restaurant,Restaurant,,,,,
Restaurant POTONG,Restaurant,,,,,
Volcanoes & Temples Turu (Helikopter),Activity,,,,,
DANİMARKA & NORVEÇ TURU 18 – 25 AĞUSTOS 2025,Trip,1600,2025-08-18,2025-08-25,Yaz,
Kopenhag,City,,,,,
Bergen,City,,,,,
Flåm,City,,,,,
Oslo,City,,,,,
Danimarka,Country,,,,,
Norveç,Country,,,,,
Nimb Hotel,Hotel,,,,,
Bergen Børs Hotel,Hotel,,,,,
Fretheim Hotel,Hotel,,,,,
Fjellskål Seafood Restaurant,Restaurant,,,,,
Restaurant Arven,Restaurant,,,,,
Lofoten Fiskerestaurant,Restaurant,,,,,
Bryggen Tracteursted,Restaurant,,,,,
Izakaya Bar & Terrace,Restaurant,,,,,
Designmuseum Danmark,Activity,,,,,
Bergen Market Square & Balık Pazarı,Activity,,,,,
Flåm Railway Museum,Activity,,,,,
Vigeland Heykel Parkı,Activity,,,,,
Oslo Opera Binası,Activity,,,,,
Ulusal Müze,Activity,,,,,
Munch Müzesi,Activity,,,,,
Astrup Fearnley Museum of Modern Art,Activity,,,,,
Yaz,Season,,,,,
DATE_2025-08-18,Date,,,,,2025-08-18
DATE_2025-08-25,Date,,,,,2025-08-25
GÜNEY AFRİKA TURU 19 ARALIK 2025 – 3 OCAK 2026,Trip,-4200,2026-01-25,2026-01-03,Kış,
Livingstone,City,,,,,
Zambiya,Country,,,,,
Royal Livingstone Victoria Falls Zambia Hotel by Anantara,Hotel,,,,,
Babylonstoren Hotel,Hotel,,,,,
Marataba Safari Lodge,Hotel,,,,,
The Lookout Cafe,Restaurant,,,,,
Mukuni Village Gezisi,Activity,,,,,
Sunset Safari Cruise,Activity,,,,,
David Livingstone Müzesi,Activity,,,,,
Franschhoek Şarap Bağları ve Galeriler,Activity,,,,,
Huguenot Anıt Müzesi,Activity,,,,,
Franschhoek Motor Müzesi,Activity,,,,,
Güney Afrika'nın İlk Parfüm Müzesi,Activity,,,,,
Masa Dağı,Activity,,,,,
Kirstenbosch Ulusal Botanik Bahçesi,Activity,,,,,
Boulders Beach Penguen Kolonisi,Activity,,,,,
Cape Town Şehir Gezisi,Activity,,,,,
Two Oceans Aquarium,Activity,,,,,
Camps Bay ve Clifton Beach,Activity,,,,,
Zeitz Museum of Contemporary Art Africa,Activity,,,,,
Güney Afrika Ulusal Müzesi (İziko),Activity,,,,,
Planetarium,Activity,,,,,
Cape Town Graffiti Street Art Turu,Activity,,,,,
DATE_2026-01-25,Date,,,,,2026-01-25
DATE_2026-01-03,Date,,,,,2026-01-03
JAPONYA TURU 19 HAZİRAN – 5 TEMMUZ 2025,Trip,1000,,,,
Tokyo,City,,,,,
Okayama,City,,,,,
Kyoto,City,,,,,
Naoshima,City,,,,,
Teshima,City,,,,,
Japonya,Country,,,,,
Mitsui Garden Hotel Premier Jingu-Gaien,Hotel,,,,,
Uno Hotel,Hotel,,,,,
ACE Hotel Kyoto,Hotel,,,,,
Meiji Tapınağı,Activity,,,,,
Ota Memorial Museum of Art,Activity,,,,,
Doğu Bahçeler,Activity,,,,,
Shibuya Sky,Activity,,,,,
Miyashita Park,Activity,,,,,
Mori Art Museum,Activity,,,,,
National Art Centre,Activity,,,,,
Museum of Contemporary Art,Activity,,,,,
Chichu Sanat Müzesi,Activity,,,,,
Art House Project,Activity,,,,,
Lee Ufan Müzesi,Activity,,,,,
Benesse House,Activity,,,,,
Teshima Sanat Müzesi,Activity,,,,,
Les Archives du Coeur,Activity,,,,,
LAPLAND TURU 19 – 24 OCAK,Trip,1200,2025-01-19,2025-01-24,Kış,
Jukkasjärvi,City,,,,,
Harads,City,,,,,
İsveç,Country,,,,,
ICEHOTEL,Hotel,,,,,
Kaamos Hotel,Hotel,,,,,
Treehotel,Hotel,,,,,
Gece Safarisi,Activity,,,,,
Kar Mobili Safarisi,Activity,,,,,
DATE_2025-01-19,Date,,,,,2025-01-19
DATE_2025-01-24,Date,,,,,2025-01-24
MISIR TURU 20 – 25 NİSAN 2024,Trip,1200,2024-04-20,2024-04-25,İlkbahar,
Kahire,City,,,,,
Aswan,City,,,,,
Luxor,City,,,,,
Mısır,Country,,,,,
Marriott Mena House Hotel,Hotel,,,,,
Movenpick Sunray Nile Cruise,Hotel,,,,,
Giza Piramitleri,Activity,,,,,
Büyük Giza Sfenksi,Activity,,,,,
Mısır Müzesi,Activity,,,,,
Khan El Khalili Çarşısı,Activity,,,,,
High Dam,Activity,,,,,
Philae Tapınağı,Activity,,,,,
Kom Ombo Tapınağı,Activity,,,,,
Edfu Tapınağı,Activity,,,,,
Luxor East Bank Gezisi,Activity,,,,,
Karnak Tapınağı,Activity,,,,,
Luxor Tapınağı,Activity,,,,,
Nil Nehri Sıcak Hava Balonu,Activity,,,,,
DATE_2024-04-20,Date,,,,,2024-04-20
DATE_2024-04-25,Date,,,,,2024-04-25
AMALFI TURU 20 – 23 HAZİRAN,Trip,800,2025-06-20,2025-06-23,Yaz,
Amalfi,City,,,,,
Ravello,City,,,,,
Pompei,City,,,,,
Napoli,City,,,,,
Sorrento,City,,,,,
Villa Piedimonte,Hotel,,,,,
Hotel Rufolo,Hotel,,,,,
Ravello - Villa Cimbrone Bahçesi,Activity,,,,,
Ravello - Villa Rufolo,Activity,,,,,
Pompei Şehri Ziyareti,Activity,,,,,
Napoli Şehri Gezisi,Activity,,,,,
Duomo di Napoli,Activity,,,,,
Il Pio Monte della Misericordia,Activity,,,,,
Palazzo Reale,Activity,,,,,
Castel dell’Ovo,Activity,,,,,
Amalfi Kasabası Gezisi,Activity,,,,,
Cattedrale di Sant’Andrea,Activity,,,,,
Piazza Duomo,Activity,,,,,
Piazza dei Dogi,Activity,,,,,
Piazza dello Spirito Santo,Activity,,,,,
Sorrento Gezisi,Activity,,,,,
Piazza Tasso,Activity,,,,,
Basilica di Sant’Antonino,Activity,,,,,
Sedile Dominova,Activity,,,,,
Sorrento Peninsula Arkeoloji Müzesi,Activity,,,,,
Bottega Della Tarsia Lignea Müzesi,Activity,,,,,
DATE_2025-06-20,Date,,,,,2025-06-20
DATE_2025-06-23,Date,,,,,2025-06-23
LOIRE TURU 20 – 23 NİSAN,Trip,800,2025-04-20,2025-04-23,İlkbahar,
Loire,City,,,,,
Tours,City,,,,,
Amboise,City,,,,,
Blois,City,,,,,
Avarum Restaurant,Restaurant,,,,,
Restaurante Amour Blanc,Restaurant,,,,,
Cheverny Şatosu,Activity,,,,,
Villandry Şatosu,Activity,,,,,
Amboise Şatosu,Activity,,,,,
Château du Clos Lucé,Activity,,,,,
Château de Chenonceau,Activity,,,,,
Château de Blois,Activity,,,,,
Château de Chambord,Activity,,,,,
Loire Vadisi Balon Turu,Activity,,,,,
Tours Şehri Gezisi,Activity,,,,,
DATE_2025-04-20,Date,,,,,2025-04-20
DATE_2025-04-23,Date,,,,,2025-04-23
BRUGGE & LOIRE TURU 20 – 23 NİSAN,Trip,800,2025-04-20,2025-04-23,İlkbahar,
Brugge,City,,,,,
Gent,City,,,,,
Belçika,Country,,,,,
Hotel De Orangerie,Hotel,,,,,
Hotel Van Cleef,Hotel,,,,,
Hotel Heritage Relais Chateau,Hotel,,,,,
Hotel Dukes' Palace,Hotel,,,,,
Brugge Gezisi,Activity,,,,,
Gent Gezisi,Activity,,,,,
Clos de Lucé,Activity,,,,,
Loire Vadisi Şarap Bağları,Activity,,,,,
AMALFI TURU 20 – 24 HAZİRAN,Trip,1000,2025-06-20,2025-06-24,Yaz,
Tam Gün Tekne Gezisi,Activity,,,,,
DATE_2025-06-24,Date,,,,,2025-06-24
SALZBURG TURU 20 – 25 ARALIK,Trip,1200,2025-12-20,2025-12-25,Kış,
Salzburg,City,,,,,
Hallstatt,City,,,,,
St Wolfgang,City,,,,,
Berchtesgaden,City,,,,,
Avusturya,Country,,,,,
Almanya,Country,,,,,
Radisson Blu Hotel Altstadt,Hotel,,,,,
Hotel Goldener Hirsch,Hotel,,,,,
Hotel Bristol,Hotel,,,,,
Cafe Sacher Salzburg,Restaurant,,,,,
Restaurant Blaue Gans Salzburg Gasthaus,Restaurant,,,,,
Mirabel Sarayı ve Bahçesi,Activity,,,,,
Mozart’ın Evi,Activity,,,,,
Residenzplatz & DomQuartier,Activity,,,,,
Noel Pazarları,Activity,,,,,
Hallstatt Gezisi,Activity,,,,,
Salzberg Dağı & Tuz Madeni Ziyareti,Activity,,,,,
Atlı Kızak Turu (St Wolfgang),Activity,,,,,
Salzburg Kalesi,Activity,,,,,
Adolf Hitler’in Kartal Yuvası,Activity,,,,,
Salzbergwerk Berchtesgaden,Activity,,,,,
Grassl Likör Fabrikası,Activity,,,,,
DATE_2025-12-20,Date,,,,,2025-12-20
DATE_2025-12-25,Date,,,,,2025-12-25
BELGRAD TURU 21 – 23 EYLÜL,Trip,600,2025-09-21,2025-09-23,Sonbahar,
Belgrad,City,,,,,
Karlofca,City,,,,,
Novi Sad,City,,,,,
Sırbistan,Country,,,,,
Metropol Palace Hotel,Hotel,,,,,
Square Nine Hotel,Hotel,,,,,
Kalemegdan Restaurant,Restaurant,,,,,
Belgrad Şehir Gezisi,Activity,,,,,
Aziz Sava Kilisesi,Activity,,,,,
Kalemegdan,Activity,,,,,
Sokullu Mehmet Paşa Çeşmesi,Activity,,,,,
Damat Ali Paşa Türbesi,Activity,,,,,
Fikirbayır,Activity,,,,,
Stambol Kapısı,Activity,,,,,
Tuna & Sava Nehirlerinin Birleşim Noktası,Activity,,,,,
Museum of Yugoslav History,Activity,,,,,
Royal Compound,Activity,,,,,
Nikola Tesla Müzesi,Activity,,,,,
Karlofca Gezisi,Activity,,,,,
Novi Sad Gezisi,Activity,,,,,
Tuna Nehri Tekne Gezisi,Activity,,,,,
DATE_2025-09-21,Date,,,,,2025-09-21
DATE_2025-09-23,Date,,,,,2025-09-23
İSTANBUL – KAPADOKYA – İZMİR TURU 23 TEMMUZ – 2 AĞUSTOS 2023,Trip,1000,,,,
İstanbul,City,,,,,
Kapadokya,City,,,,,
Kuşadası,City,,,,,
İzmir,City,,,,,
Şirince,City,,,,,
Efes,City,,,,,
Türkiye,Country,,,,,
Il Cortile Ristorante Pizzeria,Restaurant,,,,,
Pandeli Restaurant,Restaurant,,,,,
Belisirma Nehir Kenarı Restoran,Restaurant,,,,,
Geleneksel Türk Restoranı (Efes),Restaurant,,,,,
Topkapı Sarayı,Activity,,,,,
Ayasofya,Activity,,,,,
Yerebatan Sarnıcı,Activity,,,,,
Boğaz Turu,Activity,,,,,
Karaköy,Activity,,,,,
Balon Turu,Activity,,,,,
Soğanlı Vadisi,Activity,,,,,
Keşlik Manastırı,Activity,,,,,
Taşkınpaşa Medresesi,Activity,,,,,
Selime Köyü,Activity,,,,,
Agzikarahan Kervansarayı,Activity,,,,,
Ihlara Vadisi,Activity,,,,,
Göreme Açık Hava Müzesi,Activity,,,,,
Uçhisar,Activity,,,,,
Kaymaklı Yeraltı Şehri,Activity,,,,,
Kızıl Vadi,Activity,,,,,
Efes Antik Kenti,Activity,,,,,
Hadrian Tapınağı,Activity,,,,,
Odeon,Activity,,,,,
Traian Çeşmesi,Activity,,,,,
Şirince Köyü,Activity,,,,,
EDINBURGH & HIGHLANDS TURU 4 – 8 AĞUSTOS,Trip,1000,2025-08-04,2025-08-08,Yaz,
Edinburgh,City,,,,,
Pitlochry,City,,,,,
Fort William,City,,,,,
Inverness,City,,,,,
İskoçya,Country,,,,,
Fonab Castle Hotel,Hotel,,,,,
The Craigellachie Hotel,Hotel,,,,,
Nevis Bank Inn,Hotel,,,,,
Seasgair Hotel,Hotel,,,,,
Nevis Bank Inn and Browns Restaurant,Restaurant,,,,,
Rocpool Restaurant,Restaurant,,,,,
Blair Castle,Activity,,,,,
Ballindalloch Castle & Gardens,Activity,,,,,
Camera Obscura & World of Illusions,Activity,,,,,
Loch Ness,Activity,,,,,
Inverness Kalesi,Activity,,,,,
St. Andrews Katedrali,Activity,,,,,
Inverness Müzesi ve Sanat Galerisi,Activity,,,,,
Strathisla Distillery,Activity,,,,,
DATE_2025-08-04,Date,,,,,2025-08-04
DATE_2025-08-08,Date,,,,,2025-08-08
TAYLAND TURU 5 – 18 ŞUBAT,Trip,2800,2025-02-05,2025-02-18,Kış,
Chiang Mai,City,,,,,
Chiang Rai,City,,,,,
The Surin,Hotel,,,,,
Beach Restaurant (The Surin),Restaurant,,,,,
Potong Restaurant,Restaurant,,,,,
Clara Restaurant,Restaurant,,,,,
Kalido,Restaurant,,,,,
Carpe Diem Beach Club,Restaurant,,,,,
Terrace Rim Naam,Restaurant,,,,,
Tapınaklar ve Şehir Gezisi,Activity,,,,,
Bo Sang Köyü,Activity,,,,,
Wat Chedi Luangis,Activity,,,,,
Wat Suan Dok Tapınağı,Activity,,,,,
Wat Phra That Doi Suthep,Activity,,,,,
Wat Rong Khun,Activity,,,,,
Chiang Rai Gezisi,Activity,,,,,
Golden Triangle Gezisi,Activity,,,,,
Mekong Nehri Tekne Gezisi,Activity,,,,,
Bangkok Şehir Gezisi,Activity,,,,,
Büyük Saray,Activity,,,,,
Wat Phra Kaew,Activity,,,,,
Wat Pho Tapınağı,Activity,,,,,
Wat Ratchabophit,Activity,,,,,
Bangkok Kanalları Gezisi,Activity,,,,,
Chatuchak Weekend Market,Activity,,,,,
DATE_2025-02-05,Date,,,,,2025-02-05
DATE_2025-02-18,Date,,,,,2025-02-18
JAPONYA TURU 6 – 13 NİSAN 2024 (SAFFET EMRE),Trip,1600,2024-04-06,2024-04-13,İlkbahar,
Hakone,City,,,,,
Nara,City,,,,,
Mitsui Garden Hotel,Hotel,,,,,
Benesse House,Hotel,,,,,
Shinjuku Gyoen Park,Activity,,,,,
Senso-ji Tapınağı,Activity,,,,,
Nakamise Alışveriş Caddesi,Activity,,,,,
Meiji Shrine,Activity,,,,,
Takeshita Street,Activity,,,,,
Omotesando,Activity,,,,,
TeamLab Planets,Activity,,,,,
Ginza,Activity,,,,,
Hakone Açık Hava Müzesi,Activity,,,,,
Picasso Pavilion,Activity,,,,,
Hakone Teleferiği,Activity,,,,,
Owakudani Vadisi,Activity,,,,,
Ashinoko Tekne Gezisi,Activity,,,,,
Kiyomizu Tapınağı,Activity,,,,,
Kinkaku-ji,Activity,,,,,
Geisha & Maiko Gösterisi,Activity,,,,,
Nara Park,Activity,,,,,
Kasuga Taisha,Activity,,,,,
Tenryu-ji Tapınağı,Activity,,,,,
Monkey Park Iwatayama,Activity,,,,,
Teshima Yokoo Evi,Activity,,,,,
DATE_2024-04-06,Date,,,,,2024-04-06
DATE_2024-04-13,Date,,,,,2024-04-13
ARLES TURU 03 – 06 EKİM,Trip,800,2025-10-03,2025-10-06,Sonbahar,
Arles,City,,,,,
Avignon,City,,,,,
Les Baux-de-Provence,City,,,,,
L'Isle-sur-la-Sorgue,City,,,,,
Restaurant L'Oriel,Restaurant,,,,,
Café Tadoa Ando,Restaurant,,,,,
La Taula Gallici's Gourmet Restaurant,Restaurant,,,,,
LUMA Müzesi,Activity,,,,,
Van Gogh Müzesi,Activity,,,,,
Art Tour,Activity,,,,,
Avignon Gezisi,Activity,,,,,
Chateau Estoublon,Activity,,,,,
Les Baux-de-Provence Gezisi,Activity,,,,,
L'Isle-sur-la-Sorgue Gezisi,Activity,,,,,
DATE_2025-10-03,Date,,,,,2025-10-03
DATE_2025-10-06,Date,,,,,2025-10-06
PUGLIA TURU 07 – 11 EKİM,Trip,1000,2025-10-07,2025-10-11,Sonbahar,
Bari,City,,,,,
Alberobello,City,,,,,
Matera,City,,,,,
Monopoli,City,,,,,
Polignano a Mare,City,,,,,
Lecce,City,,,,,
Canne Bianche Lifestyle & Hotel,Hotel,,,,,
Alberobello Trulli Evleri,Activity,,,,,
Matera Gezisi,Activity,,,,,
Monopoli Gezisi,Activity,,,,,
Polignano a Mare Gezisi,Activity,,,,,
Lecce Şehir Gezisi,Activity,,,,,
Santa Croce Bazilikası,Activity,,,,,
San Giuseppe Kilisesi,Activity,,,,,
Palazzo dei Celestini,Activity,,,,,
Sant'Oronzo Meydanı,Activity,,,,,
Antik Roma Amfitiyatrosu,Activity,,,,,
Bari Şehir Gezisi,Activity,,,,,
Saint Nicholas Bazilikası,Activity,,,,,
San Sabino Katedrali,Activity,,,,,
Hohenstaufen Kalesi,Activity,,,,,
Old Town,Activity,,,,,
Strada delle Orecchiette,Activity,,,,,
DATE_2025-10-07,Date,,,,,2025-10-07
DATE_2025-10-11,Date,,,,,2025-10-11
PROVENCE TURU 4 – 7 MAYIS,Trip,800,2025-05-04,2025-05-07,İlkbahar,
Provence,City,,,,,
L’Isle-sur-la-Sorgue,City,,,,,
Roussillon,City,,,,,
Gordes,City,,,,,
Saint-Rémy-de-Provence,City,,,,,
Tadao Ando Café Restaurant,Restaurant,,,,,
Chateau d’Estoublon,Restaurant,,,,,
Chateau La Coste Art Tour,Activity,,,,,
L’Isle-sur-la-Sorgue Gezisi,Activity,,,,,
Roussillon Gezisi,Activity,,,,,
Gordes Gezisi,Activity,,,,,
Saint-Rémy-de-Provence Gezisi,Activity,,,,,
Arles Gezisi,Activity,,,,,
DATE_2025-05-04,Date,,,,,2025-05-04
DATE_2025-05-07,Date,,,,,2025-05-07
59. Venedik Bienali,Trip,1000,,,,
Trattoria Alla Madonna,Restaurant,,,,,
Peggy Guggenheim Müzesi,Activity,,,,,
Galleria dell’Accademia,Activity,,,,,
Palazzo Manfrin,Activity,,,,,
Giardini Bienali,Activity,,,,,
Türk Hava Yolları TK1867,Transport,,,,,
Bienal,Highlight,,,,,
Sanat,Highlight,,,,,
Venedik,Highlight,,,,,
İtalya,Highlight,,,,,
Dubai Programı,Trip,1000,,,,
Dubai,City,,,,,
Birleşik Arap Emirlikleri,Country,,,,,
Atlantis The Royal,Hotel,,,,,
Nobu Restaurant - Atlantis the Palm,Restaurant,,,,,
Dubai Creek – Old Town,Activity,,,,,
Museum of the Future,Activity,,,,,
Dubai Mall,Activity,,,,,
Emirates EK124,Transport,,,,,
Dubai,Highlight,,,,,
BAE,Highlight,,,,,
Müze,Highlight,,,,,
Alışveriş,Highlight,,,,,
Modern Mimari,Highlight,,,,,
İzmir’in En Güzel Köyleri - Şirince & Urla,Trip,1000,,,,
Urla,City,,,,,
Güllü Konak,Hotel,,,,,
Artemis Restaurant ve Şarapevi,Restaurant,,,,,
Yengeç Restoran - Urla İskele,Restaurant,,,,,
Şirince Çarşısı,Activity,,,,,
Aziz John Baptist Kilisesi,Activity,,,,,
Hodri Meydan Kulesi,Activity,,,,,
Şarap Mahzenleri,Activity,,,,,
Nesin Matematik Köyü,Activity,,,,,
Key Museum,Activity,,,,,
Urla Sanat Sokağı,Activity,,,,,
Necati Cumali Anı Evi,Activity,,,,,
Yorgo Seferis’in doğduğu ev,Activity,,,,,
Tanju Okan Parkı,Activity,,,,,
Malgaca Pazarı,Activity,,,,,
Şirince,Highlight,,,,,
Urla,Highlight,,,,,
İzmir,Highlight,,,,,
Türkiye,Highlight,,,,,
Köy Gezisi,Highlight,,,,,
Şarap,Highlight,,,,,
Toskana Gezisi,Trip,1000,,,,
Bologna,City,,,,,
Floransa,City,,,,,
Chianti,City,,,,,
San Gimignano,City,,,,,
Siena,City,,,,,
Cortona,City,,,,,
Orvieto,City,,,,,
Roma,City,,,,,
Hotel Cerretani Firenze – Mgallery,Hotel,,,,,
Buca Mario,Restaurant,,,,,
Osteria delle Tre Panche,Restaurant,,,,,
Ristorante Storico Sabatini,Restaurant,,,,,
Buca Lapi,Restaurant,,,,,
Antico Ristorante Paoli 1827,Restaurant,,,,,
Santa Maria del Fiore Katedrali,Activity,,,,,
Vaftizhane (Battistero di San Giovanni),Activity,,,,,
Piazza della Signoria,Activity,,,,,
Palazzo Vecchio,Activity,,,,,
Uffizi Galerisi,Activity,,,,,
Antinori nel Chianti Classico Şaraphanesi,Activity,,,,,
San Gimignano UNESCO Dünya Mirası,Activity,,,,,
Siena Şehir Merkezi,Activity,,,,,
Cortona Tarihi Sokaklar,Activity,,,,,
Orvieto Katedrali,Activity,,,,,
Orvieto Yer Altı Tünelleri,Activity,,,,,
Türk Hava Yolları TK1323,Transport,,,,,
Türk Hava Yolları TK1864,Transport,,,,,
Toskana,Highlight,,,,,
Floransa,Highlight,,,,,
Katedral,Highlight,,,,,
Siena,Highlight,,,,,
San Gimignano,Highlight,,,,,
Avustralya – Yeni Zelanda,Trip,1000,,,,
Melbourne,City,,,,,
Park Hyatt Sydney,Hotel,,,,,
The Rocks,Activity,,,,,
Botanik Bahçeleri - Sydney,Activity,,,,,
Macquarie Caddesi,Activity,,,,,
Hyde Park,Activity,,,,,
St. Mary Katedrali,Activity,,,,,
Mrs Macquarie’s Chair,Activity,,,,,
Sydney Opera Binası,Activity,,,,,
Sydney Köprüsü,Activity,,,,,
Bondi Plajı,Activity,,,,,
Oxford Caddesi,Activity,,,,,
Paddington,Activity,,,,,
Türk Hava Yolları TK174,Transport,,,,,
Sydney,Highlight,,,,,
Avustralya,Highlight,,,,,
Yeni Zelanda,Highlight,,,,,
Opera Binası,Highlight,,,,,
Plaj,Highlight,,,,,
Hindistan Gezisi,Trip,1000,,,,
Varanasi,City,,,,,
Jaipur,City,,,,,
Udaipur,City,,,,,
Delhi,City,,,,,
Hindistan,Country,,,,,
Brijrama Palace,Hotel,,,,,
Rambagh Palace,Hotel,,,,,
Taj Lake Palace,Hotel,,,,,
Udayan Terrace,Restaurant,,,,,
Neelkamal Restaurant,Restaurant,,,,,
Spice Route,Restaurant,,,,,
Bukhara - ITC Maurya Hotel,Restaurant,,,,,
City Palace Özel Akşam Yemeği,Restaurant,,,,,
Mewar Terrace,Restaurant,,,,,
Ganj Nehri Aarti Töreni,Activity,,,,,
Kashi Vishwanath Tapınağı,Activity,,,,,
Sarnath,Activity,,,,,
Amber Fort,Activity,,,,,
City Palace - Jaipur,Activity,,,,,
Hawa Mahal,Activity,,,,,
Jantar Mantar,Activity,,,,,
City Palace - Udaipur,Activity,,,,,
Crystal Gallery,Activity,,,,,
Pichola Gölü,Activity,,,,,
Muson Sarayı,Activity,,,,,
Humayun’un Mezarı,Activity,,,,,
Cumhurbaşkanlığı Sarayı,Activity,,,,,
Hindistan Kapısı,Activity,,,,,
Jama Mescidi,Activity,,,,,
Chandni Chowk,Activity,,,,,
Laxmi Narayan Tapınağı,Activity,,,,,
Türk Hava Yolları TK716,Transport,,,,,
Air India AI406,Transport,,,,,
Indigo 6E7348,Transport,,,,,
Hindistan,Highlight,,,,,
Varanasi,Highlight,,,,,
Jaipur,Highlight,,,,,
Udaipur,Highlight,,,,,
Delhi,Highlight,,,,,
Tapınak,Highlight,,,,,
Saray,Highlight,,,,,
Kale,Highlight,,,,,
Meksika Gezisi,Trip,1000,,,,
Mexico City,City,,,,,
Mérida,City,,,,,
Chichen Itza,City,,,,,
Cancún,City,,,,,
Meksika,Country,,,,,
The St. Regis Mexico City,Hotel,,,,,
Göl kenarında özel yemek,Restaurant,,,,,
Woodend Restaurant,Restaurant,,,,,
Ixi’im,Restaurant,,,,,
Ki’ol,Restaurant,,,,,
Centro Histórico,Activity,,,,,
Zócalo Meydanı,Activity,,,,,
Templo Mayor,Activity,,,,,
Palacio de Bellas Artes,Activity,,,,,
Plaza Manuel Tolsá,Activity,,,,,
Antropoloji Müzesi,Activity,,,,,
Coyoacán & Frida Kahlo Müzesi,Activity,,,,,
Polanco,Activity,,,,,
Chichen Itza,Activity,,,,,
Kukulkan Piramidi,Activity,,,,,
Plaza Grande,Activity,,,,,
San Ildefonso Katedrali,Activity,,,,,
Parque de Santa Lucía,Activity,,,,,
Iglesia de Santa Lucía,Activity,,,,,
Tekila & Mezcal Tadımı,Activity,,,,,
Türk Hava Yolları TK2341,Transport,,,,,
Türk Hava Yolları TK2175,Transport,,,,,
Türk Hava Yolları TK184,Transport,,,,,
Aeroméxico AM826D,Transport,,,,,
Türk Hava Yolları TK181,Transport,,,,,
Meksika,Highlight,,,,,
Mexico City,Highlight,,,,,
Mérida,Highlight,,,,,
Chichen Itza,Highlight,,,,,
Cancún,Highlight,,,,,
Aztek,Highlight,,,,,
Maya,Highlight,,,,,
Kolonyal Mimari,Highlight,,,,,
Sicilya Gezisi,Trip,1000,,,,
Katanya,City,,,,,
Taormina,City,,,,,
Savoca,City,,,,,
Forza d’Agrò,City,,,,,
Syracuse,City,,,,,
Ragusa,City,,,,,
Palermo,City,,,,,
Hotel Metropole Taormina,Hotel,,,,,
Osteria Rosso Divino,Restaurant,,,,,
Doba Restaurant and Terrace,Restaurant,,,,,
Corso Umberto,Activity,,,,,
Piazza IX Aprile,Activity,,,,,
Porta Messina,Activity,,,,,
Porta Catania,Activity,,,,,
Teatro Greco,Activity,,,,,
Villa Comunale Bahçeleri,Activity,,,,,
Bar Vitelli,Activity,,,,,
Godfather Film Kilisesi - Savoca,Activity,,,,,
Forza d’Agrò Ortaçağ Köyü,Activity,,,,,
Piazza del Municipio - Forza d’Agrò,Activity,,,,,
Etna Yanardağı,Activity,,,,,
Ortigia Adası,Activity,,,,,
Ortigia Meydanı,Activity,,,,,
Syracuse Katedrali,Activity,,,,,
Arethusa Çeşmesi,Activity,,,,,
Ragusa Ibla,Activity,,,,,
Cattedrale di San Giovanni Battista,Activity,,,,,
Chiesa di Santa Maria delle Scale,Activity,,,,,
Palazzo della Cancelleria,Activity,,,,,
Chiesa Anime Sante del Purgatorio,Activity,,,,,
Duomo di San Giorgio,Activity,,,,,
Giardini Iblei,Activity,,,,,
Santa Maria dello Spasimo Kilisesi,Activity,,,,,
Türk Hava Yolları TK1393,Transport,,,,,
Sicilya,Highlight,,,,,
Taormina,Highlight,,,,,
Etna,Highlight,,,,,
Ortigia,Highlight,,,,,
Ragusa,Highlight,,,,,
Palermo,Highlight,,,,,
Barok Mimari,Highlight,,,,,
Porto Gezisi,Trip,1000,,,,
Porto,City,,,,,
Portekiz,Country,,,,,
Maison Albar Hotels Le Monumental Palace,Hotel,,,,,
Enoteca 1756 Restaurant,Restaurant,,,,,
Marisqueira A Antiga,Restaurant,,,,,
Casa de Chá de Boa Nova,Restaurant,,,,,
Vinum Restaurant & Wine Bar,Restaurant,,,,,
Tuktuk Gezisi & Rehberli Yürüyüş Turu,Activity,,,,,
Boavista,Activity,,,,,
Foz do Douro,Activity,,,,,
São Francisco Kilisesi,Activity,,,,,
Palácio da Bolsa,Activity,,,,,
São Bento Tren İstasyonu,Activity,,,,,
Porto Katedrali,Activity,,,,,
Liberdade Meydanı,Activity,,,,,
Batalha Meydanı,Activity,,,,,
Ribeira Bölgesi,Activity,,,,,
Torre dos Clérigos,Activity,,,,,
Santa Catarina Caddesi,Activity,,,,,
Lello Kütüphanesi,Activity,,,,,
Serralves Müzesi,Activity,,,,,
Six Bridges Tekne Turu,Activity,,,,,
Gaia Şarap Evleri,Activity,,,,,
Churchill Graham Şaraphanesi,Activity,,,,,
Porto,Highlight,,,,,
Portekiz,Highlight,,,,,
Douro Nehri,Highlight,,,,,
Katedraller,Highlight,,,,,
Kahire Gezisi,Trip,1000,,,,
Four Seasons Hotel Cairo at Nile Plaza,Hotel,,,,,
Riviera - Four Seasons Hotel Cairo at Nile Plaza,Restaurant,,,,,
Sfenks,Activity,,,,,
Khufu Piramidi,Activity,,,,,
Deve Gezisi - Piramitler,Activity,,,,,
Büyük Mısır Müzesi,Activity,,,,,
Sultan Hassan Camii,Activity,,,,,
El Refaei Camii,Activity,,,,,
Mısır Müzesi - Eski Müze,Activity,,,,,
Nil Nehri Felucca Tekne Gezisi,Activity,,,,,
Mısır,Highlight,,,,,
Kahire,Highlight,,,,,
Piramitler,Highlight,,,,,
Sfenks,Highlight,,,,,
Müzeler,Highlight,,,,,
Çarşı,Highlight,,,,,
Endülüs Gezisi,Trip,1000,,,,
Granada,City,,,,,
Córdoba,City,,,,,
Sevilla,City,,,,,
Ronda,City,,,,,
Elhamra Sarayı,Activity,,,,,
Generalife Bahçeleri,Activity,,,,,
Alcazaba,Activity,,,,,
Partal,Activity,,,,,
Nasrid Sarayı,Activity,,,,,
Realejo Mahallesi,Activity,,,,,
Comendadoras de Santiago,Activity,,,,,
Dominicans of Santo Domingo,Activity,,,,,
Fundación Rodriguez-Acosta Sanat Müzesi,Activity,,,,,
Carmen de los Mártires Bahçesi,Activity,,,,,
Capilla Real,Activity,,,,,
Las Granadas Kapısı,Activity,,,,,
Mezquita Camii - Córdoba,Activity,,,,,
Alcazar Kalesi - Córdoba,Activity,,,,,
Plaza Corredera - Córdoba,Activity,,,,,
Musevi Mahallesi - Córdoba,Activity,,,,,
Sevilla Katedrali,Activity,,,,,
Giralda Kulesi,Activity,,,,,
Alcázar - Sevilla,Activity,,,,,
Altın Kule (Torre del Oro),Activity,,,,,
Maria Luisa Parkı,Activity,,,,,
El Alamillo Köprüsü,Activity,,,,,
Puente Nuevo - Ronda,Activity,,,,,
El Tajo Kanyonu,Activity,,,,,
Casa del Rey Moro,Activity,,,,,
Ronda Tarihi Sokakları,Activity,,,,,
Plaza de Toros - Ronda,Activity,,,,,
Endülüs,Highlight,,,,,
İspanya,Highlight,,,,,
Granada,Highlight,,,,,
Sevilla,Highlight,,,,,
Córdoba,Highlight,,,,,
Ronda,Highlight,,,,,
Elhamra,Highlight,,,,,
Mezquita,Highlight,,,,,
Avustralya Gezisi,Trip,1000,,,,
Ballarat,City,,,,,
Hobart,City,,,,,
Adelaide,City,,,,,
Hahndorf,City,,,,,
Barossa Valley,City,,,,,
Brisbane,City,,,,,
Surfers Paradise,City,,,,,
Canberra,City,,,,,
"The Tasman, a Luxury Collection Hotel, Hobart",Hotel,,,,,
Nehir Kenarı Restoran - Adelaide,Restaurant,,,,,
Yerel Lüks Restoran - Adelaide,Restaurant,,,,,
Royal Exhibition Binası - Melbourne,Activity,,,,,
Sanat Galerisi - Melbourne,Activity,,,,,
Parlamento ve Hazine Binası - Melbourne,Activity,,,,,
Fitzroy Gardens & Captain Cook’un Evi,Activity,,,,,
Melbourne Müzesi,Activity,,,,,
Franklin Meydanı - Hobart,Activity,,,,,
Sullivan’s Cove,Activity,,,,,
Anayasa Limanı - Hobart,Activity,,,,,
Mount Wellington,Activity,,,,,
Alman Kasabası Hahndorf,Activity,,,,,
Barossa Valley Şarap Bağları,Activity,,,,,
Brisbane Şehir Turu,Activity,,,,,
Ateş Böceği Mağarası,Activity,,,,,
Surfers Paradise - Gold Coast,Activity,,,,,
Hyde Park Barracks - Sydney,Activity,,,,,
Anzac-Atatürk Anıtı,Activity,,,,,
Sydney Harbour Bridge,Activity,,,,,
Darling Harbour,Activity,,,,,
Ulusal Müze - Sydney,Activity,,,,,
Sydney Opera House,Activity,,,,,
Canberra Şehir Turu,Activity,,,,,
Türk Hava Yolları TK168,Transport,,,,,
Türk Hava Yolları TK169,Transport,,,,,
Melbourne - Hobart İç Hat Uçuşu,Transport,,,,,
Hobart - Adelaide İç Hat Uçuşu,Transport,,,,,
Adelaide - Brisbane İç Hat Uçuşu,Transport,,,,,
Melbourne,Highlight,,,,,
Tasmanya,Highlight,,,,,
Opera House,Highlight,,,,,
Gold Coast,Highlight,,,,,
Barselona Gezisi,Trip,1000,,,,
Barselona,City,,,,,
Girona,City,,,,,
Almanac Barcelona,Hotel,,,,,
Maná 75,Restaurant,,,,,
El Tribut,Restaurant,,,,,
BarcelonaMilona,Restaurant,,,,,
Restaurant Normal,Restaurant,,,,,
La Rambla,Activity,,,,,
Sagrada Familia,Activity,,,,,
Ciutadella Park,Activity,,,,,
Plaza España,Activity,,,,,
Girona Gotik Katedrali,Activity,,,,,
Türk Hava Yolları TK1467,Transport,,,,,
Barselona,Highlight,,,,,
Gaudi,Highlight,,,,,
Sagrada Familia,Highlight,,,,,
Park Güell,Highlight,,,,,
Girona,Highlight,,,,,
Puglia Gezisi,Trip,1000,,,,
Locorotondo,City,,,,,
Ristorante Blunotte,Restaurant,,,,,
Ristorante La Cantina,Restaurant,,,,,
Pizzeria Casa Pinto,Restaurant,,,,,
Santa Croce Bazilikası - Lecce,Activity,,,,,
San Giuseppe Kilisesi - Lecce,Activity,,,,,
Palazzo dei Celestini - Lecce,Activity,,,,,
Sant’Oronzo Meydanı - Lecce,Activity,,,,,
Roma Amfi Tiyatrosu - Lecce,Activity,,,,,
Trulli Evleri - Alberobello,Activity,,,,,
Locorotondo Şehir Gezisi,Activity,,,,,
Monopoli Tarihi Merkezi,Activity,,,,,
Polignano a Mare,Activity,,,,,
Domenico Modugno Heykeli - Polignano a Mare,Activity,,,,,
Matera Kaya Evleri,Activity,,,,,
Matera Kiliseleri ve Mağaraları,Activity,,,,,
Napoli Tarihi Merkezi,Activity,,,,,
Vezüv Yanardağı,Activity,,,,,
Pompei Antik Kenti,Activity,,,,,
Puglia,Highlight,,,,,
Lecce,Highlight,,,,,
Alberobello,Highlight,,,,,
Matera,Highlight,,,,,
Napoli,Highlight,,,,,
Pompei,Highlight,,,,,
Trulli,Highlight,,,,,
Alegra Benardete ile Sicilya’da Nefes,Trip,1000,,,,
Siracusa,City,,,,,
Ortigia,City,,,,,
Noto,City,,,,,
Casa Di Melo Otel,Hotel,,,,,
Ortigia Roma Amfi Tiyatrosu,Activity,,,,,
Duomo Meydanı - Ortigia,Activity,,,,,
Fonte Arethusa,Activity,,,,,
Maniace Kalesi,Activity,,,,,
Arşimed Meydanı,Activity,,,,,
Corso Vittorio Emanuele - Noto,Activity,,,,,
Chiesa di San Francesco - Noto,Activity,,,,,
Duomo - Noto,Activity,,,,,
Palazzo Ducezio - Noto,Activity,,,,,
Palazzo Nicolaci - Noto,Activity,,,,,
Chiesa di San Carlo - Noto,Activity,,,,,
MAT Museum - Noto,Activity,,,,,
Siracusa Arkeoloji Parkı,Activity,,,,,
Latomie - Siracusa,Activity,,,,,
Yunan Tiyatrosu - Siracusa,Activity,,,,,
Roma Amfi Tiyatrosu - Siracusa,Activity,,,,,
Taormina Gezisi,Activity,,,,,
Siracusa,Highlight,,,,,
Noto,Highlight,,,,,
Arkeoloji,Highlight,,,,,
Barok,Highlight,,,,,
Arjantin Gezisi,Trip,1000,,,,
Ushuaia,City,,,,,
Puerto Madryn,City,,,,,
Tango House,Restaurant,,,,,
Tango Gösterisi - Buenos Aires,Activity,,,,,
Tierra del Fuego Milli Parkı - Ushuaia,Activity,,,,,
Beagle Kanalı - Ushuaia,Activity,,,,,
Peninsula Valdes - Puerto Madryn,Activity,,,,,
Arjantin,Highlight,,,,,
Buenos Aires,Highlight,,,,,
Ushuaia,Highlight,,,,,
Puerto Madryn,Highlight,,,,,
Tango,Highlight,,,,,
Doğa,Highlight,,,,,
Balina,Highlight,,,,,
Bangkok & Hong Kong Gezisi,Trip,1000,,,,
Macau,City,,,,,
Hong Kong,City,,,,,
Çin,Country,,,,,
Lebua at State Tower Hotel,Hotel,,,,,
Err Restaurant,Restaurant,,,,,
Sala Rattanakosin Restaurant,Restaurant,,,,,
Eat Me Restaurant,Restaurant,,,,,
Grand Palace & Wat Phra Kaew - Bangkok,Activity,,,,,
Wat Pho Tapınağı - Bangkok,Activity,,,,,
Wat Arun Tapınakları - Bangkok,Activity,,,,,
Royal Barge Ulusal Müzesi - Bangkok,Activity,,,,,
Wang Lang Market - Bangkok,Activity,,,,,
Pak Khlong Talat Çiçek Pazarı - Bangkok,Activity,,,,,
Çiçek Kültürü Müzesi - Bangkok,Activity,,,,,
Wat Suthat Tapınağı - Bangkok,Activity,,,,,
Aziz Paulo Katedrali Harabesi - Macau,Activity,,,,,
Macau Müzesi,Activity,,,,,
Macau Kulesi,Activity,,,,,
Monte Hisarı,Activity,,,,,
A-Ma Tapınağı,Activity,,,,,
Senado Meydanı,Activity,,,,,
Sun Yat Sen’in Müze Evi,Activity,,,,,
Macau Şarap Müzesi,Activity,,,,,
Macau Casinoları,Activity,,,,,
Wong Tai Sin Tapınağı - Hong Kong,Activity,,,,,
Lam Tsuen Dilek Ağacı - Hong Kong,Activity,,,,,
Tai Po Old Market - Hong Kong,Activity,,,,,
Hong Kong Miras Müzesi,Activity,,,,,
Lantau Adası Turu,Activity,,,,,
Kowloon Turu,Activity,,,,,
Türk Hava Yolları TK68,Transport,,,,,
Macau - Hong Kong Feribot,Transport,,,,,
Bangkok,Highlight,,,,,
Hong Kong,Highlight,,,,,
Macau,Highlight,,,,,
Tayland,Highlight,,,,,
Çin,Highlight,,,,,
Casinolar,Highlight,,,,,
Bhutan & Nepal Gezisi,Trip,1000,,,,
Katmandu,City,,,,,
Paro,City,,,,,
Punakha,City,,,,,
Thimphu,City,,,,,
Bhaktapur,City,,,,,
Nepal,Country,,,,,
Bhutan,Country,,,,,
Pashupatinath Tapınağı - Katmandu,Activity,,,,,
Bhaktapur - Katmandu,Activity,,,,,
Taktsang (Tiger’s Nest) Manastırı - Paro,Activity,,,,,
Punakha Dzong - Punakha,Activity,,,,,
Thimphu Şehir Turu,Activity,,,,,
İstanbul - Katmandu Uçuşu,Transport,,,,,
Katmandu - Paro Uçuşu,Transport,,,,,
Nepal,Highlight,,,,,
Bhutan,Highlight,,,,,
Katmandu,Highlight,,,,,
Paro,Highlight,,,,,
Punakha,Highlight,,,,,
Tiger’s Nest,Highlight,,,,,
Punakha Dzong,Highlight,,,,,
Budizm,Highlight,,,,,
Bilbao & San Sebastián Gezisi,Trip,1000,,,,
San Sebastián,City,,,,,
Hondarribia,City,,,,,
Saint-Jean-de-Luz,City,,,,,
Hotel Du Palais Biarritz,Hotel,,,,,
Hotel Du Palais Biarritz - Le Sunset,Restaurant,,,,,
Guggenheim Müzesi - Bilbao,Activity,,,,,
San Sebastián Şehir Gezisi,Activity,,,,,
La Concha Plajı,Activity,,,,,
Zurriola Plajı,Activity,,,,,
San Telmo Müzesi - San Sebastián,Activity,,,,,
Monte Urgull - San Sebastián,Activity,,,,,
Monte Igueldo - San Sebastián,Activity,,,,,
Victoria Eugenia Tiyatrosu - San Sebastián,Activity,,,,,
Miramar Sarayı - San Sebastián,Activity,,,,,
Hondarribia Eski Şehir ve Surlar,Activity,,,,,
Rue Gambetta - Saint-Jean-de-Luz,Activity,,,,,
Place Louis XIV - Saint-Jean-de-Luz,Activity,,,,,
Eglise Saint-Jean-Baptiste - Saint-Jean-de-Luz,Activity,,,,,
Biarritz Grande Plage,Activity,,,,,
Casino Municipal - Biarritz,Activity,,,,,
Chapelle Impériale - Biarritz,Activity,,,,,
Musée Asiatica - Biarritz,Activity,,,,,
İstanbul - Bilbao Uçuşu,Transport,,,,,
Bilbao,Highlight,,,,,
San Sebastián,Highlight,,,,,
Biarritz,Highlight,,,,,
Saint-Jean-de-Luz,Highlight,,,,,
Fransa,Highlight,,,,,
Guggenheim,Highlight,,,,,
Brezilya & Arjantin Gezisi,Trip,1000,,,,
Foz do Iguaçu,City,,,,,
Park Hyatt - Palacio Duhau Hotel,Hotel,,,,,
Rio Restaurant Önerileri,Restaurant,,,,,
Buenos Aires Restaurant Önerileri,Restaurant,,,,,
Cristo Redentor Heykeli - Corcovado,Activity,,,,,
Santa Teresa Semti - Rio,Activity,,,,,
Museu da Chácara do Céu,Activity,,,,,
Harabeler Parkı - Rio,Activity,,,,,
Sugar Loaf Dağı,Activity,,,,,
Tijuca Ormanı ve Vista Chinesa,Activity,,,,,
Pepe Plajı,Activity,,,,,
Sao Conrado Plajı,Activity,,,,,
Leblon Plajı,Activity,,,,,
Iguazú Şelaleleri Milli Parkı,Activity,,,,,
Plaza de Mayo - Buenos Aires,Activity,,,,,
San Telmo Semti,Activity,,,,,
La Boca Semti,Activity,,,,,
Palermo,Activity,,,,,
Tigre Delta Tekne Gezisi,Activity,,,,,
Türk Hava Yolları İstanbul - Rio Uçuşu,Transport,,,,,
LATAM Airlines LA3290 Rio - Iguazú,Transport,,,,,
Aerolineas Argentinas AR1783 Iguazú - Buenos Aires,Transport,,,,,
Brezilya,Highlight,,,,,
Rio de Janeiro,Highlight,,,,,
Iguazú Şelaleleri,Highlight,,,,,
Cristo Redentor,Highlight,,,,,
Burgonya Gezisi,Trip,1000,,,,
Beaune,City,,,,,
Dijon,City,,,,,
Nuits-Saint-Georges,City,,,,,
Vézelay,City,,,,,
Cluny,City,,,,,
Fleurie,City,,,,,
Auberge de la Madone - Fleurie,Restaurant,,,,,
Hospices de Beaune (Hôtel-Dieu),Activity,,,,,
Saint-Martin de l’Aigue Kilisesi,Activity,,,,,
Saint-Baudèle Kilisesi,Activity,,,,,
Saint-Flocel Kilisesi,Activity,,,,,
Notre-Dame Kilisesi - Beaune,Activity,,,,,
Sainte-Madeleine Kilisesi,Activity,,,,,
Musée du Vin de Bourgogne,Activity,,,,,
Musée des Beaux-Arts - Beaune,Activity,,,,,
Palais des ducs de Bourgogne - Dijon,Activity,,,,,
Musée des Beaux-Arts - Dijon,Activity,,,,,
Saint-Michel Kilisesi - Dijon,Activity,,,,,
Saint-Philibert Kilisesi - Dijon,Activity,,,,,
Notre-Dame Kilisesi - Dijon,Activity,,,,,
Saint-Bénigne Katedrali - Dijon,Activity,,,,,
Rue de la Liberté - Dijon,Activity,,,,,
Beffroi Meydanı - Nuits-Saint-Georges,Activity,,,,,
Église Saint-Symphorien - Nuits-Saint-Georges,Activity,,,,,
Domaine Rion Armelle et Bernard - Şarap Tadımı,Activity,,,,,
Abbaye Sainte-Marie-Madeleine - Vézelay,Activity,,,,,
Colline Éternelle - Vézelay Şarap Tadımı,Activity,,,,,
Benedictine Manastırı - Cluny,Activity,,,,,
Musée d’Art et d’Archéologie - Cluny,Activity,,,,,
Tour de Fromages - Cluny,Activity,,,,,
Hôtel-Dieu - Cluny,Activity,,,,,
Beaujolais Şarap Bağları - Fleurie,Activity,,,,,
İstanbul - Lyon Uçuşu,Transport,,,,,
Burgonya,Highlight,,,,,
Beaune,Highlight,,,,,
Dijon,Highlight,,,,,
Nuits-Saint-Georges,Highlight,,,,,
Vézelay,Highlight,,,,,
Cluny,Highlight,,,,,
San Sebastián ve Bask Bölgesi Gezisi (Can Özdemir),Trip,1000,,,,
Getaria,City,,,,,
Hotel de Londres y de Inglaterra,Hotel,,,,,
Hotel Villa Favorita,Hotel,,,,,
Hotel Zenit Convento San Martín,Hotel,,,,,
Elkano Restoran - Getaria,Restaurant,,,,,
Guggenheim Müzesi Restoranı - Bilbao,Restaurant,,,,,
Parte Vieja - San Sebastián,Activity,,,,,
Kursaal Oditoryumu - San Sebastián,Activity,,,,,
Igueldo Tepesi - San Sebastián,Activity,,,,,
La Bretxa Food Market - San Sebastián,Activity,,,,,
La Concha Plajı - San Sebastián,Activity,,,,,
Getaria Balıkçı Köyü,Activity,,,,,
Gaztetape Plajı - Getaria,Activity,,,,,
Malkorbe Plajı - Getaria,Activity,,,,,
Cristóbal Balenciaga Museoa - Getaria,Activity,,,,,
Saint-Jean-de-Luz Plajları,Activity,,,,,
Rue Mazarin - Saint-Jean-de-Luz,Activity,,,,,
Quai de l’Infante - Saint-Jean-de-Luz,Activity,,,,,
Sanat Galerileri - Saint-Jean-de-Luz,Activity,,,,,
Biarritz Şehir Turu,Activity,,,,,
Bilbao Şehir Turu,Activity,,,,,
Getaria,Highlight,,,,,
Balenciaga,Highlight,,,,,
Cape Town Gezisi,Trip,1000,,,,
One&Only Cape Town,Hotel,,,,,
Nobu - One&Only Cape Town,Restaurant,,,,,
Aubergine Restaurant,Restaurant,,,,,
Buitenverwachting Restaurant,Restaurant,,,,,
Harbour House Restaurant - Kalk Bay,Restaurant,,,,,
Delaire Graff Indochine Restaurant,Restaurant,,,,,
Masa Dağı (Table Mountain),Activity,,,,,
V&A Waterfront,Activity,,,,,
Ümit Burnu Kalesi,Activity,,,,,
Cape Town Belediye Binası,Activity,,,,,
Bo-Kaap Mahallesi,Activity,,,,,
Cape Point,Activity,,,,,
Chapman’s Peak Drive,Activity,,,,,
Hout Bay & Seal Island,Activity,,,,,
Boulders Beach - Penguenler,Activity,,,,,
Camps Bay Plajı,Activity,,,,,
Stellenbosch Vadisi Şarap Bağları,Activity,,,,,
Franschhoek,Activity,,,,,
Iziko Güney Afrika Müzesi ve Planetaryum,Activity,,,,,
Türk Hava Yolları TK44,Transport,,,,,
Cape Town,Highlight,,,,,
Güney Afrika,Highlight,,,,,
Masa Dağı,Highlight,,,,,
Cape Point,Highlight,,,,,
Penguenler,Highlight,,,,,
Stellenbosch,Highlight,,,,,
Franschhoek,Highlight,,,,,
Lapland Rovaniemi Gezisi,Trip,1000,,,,
Rovaniemi,City,,,,,
Finlandiya,Country,,,,,
Arctic TreeHouse Hotel,Hotel,,,,,
Santa’s Igloos Arctic Circle,Hotel,,,,,
Rakas Restaurant & Bar,Restaurant,,,,,
MonteRosa Restaurant,Restaurant,,,,,
Gustav Kitchen & Bar,Restaurant,,,,,
Glass Restaurant - Santa Claus Village,Restaurant,,,,,
Arctic Restaurant,Restaurant,,,,,
Ice Restaurant,Restaurant,,,,,
Kota Restaurant,Restaurant,,,,,
Husky Safari,Activity,,,,,
Snowmobile Safari,Activity,,,,,
Reindeer Safari,Activity,,,,,
Aurora Borealis Macerası,Activity,,,,,
Santa Claus Village Gezisi,Activity,,,,,
Kar Bisikleti Turu,Activity,,,,,
Kar Ayakkabısı Yürüyüşü,Activity,,,,,
Kicksled Deneyimi,Activity,,,,,
Kızaklı Sandalye,Activity,,,,,
Cam Igloo Deneyimi,Activity,,,,,
İstanbul - Rovaniemi Uçuşu,Transport,,,,,
Lapland,Highlight,,,,,
Rovaniemi,Highlight,,,,,
Finlandiya,Highlight,,,,,
Kuzey Işıkları,Highlight,,,,,
Santa Claus Village,Highlight,,,,,
Aurora,Highlight,,,,,
Husky Safari,Highlight,,,,,
Igloo,Highlight,,,,,
Kenya & Rwanda Safari Gezisi,Trip,1000,,,,
Nairobi,City,,,,,
Masai Mara,City,,,,,
Kigali,City,,,,,
Volcanoes National Park,City,,,,,
Kenya,Country,,,,,
Ruanda,Country,,,,,
Four Points by Sheraton JKIA,Hotel,,,,,
Sanctuary Olonana,Hotel,,,,,
Bisate Lodge,Hotel,,,,,
Masai Mara Safari,Activity,,,,,
Game Drives - Masai Mara,Activity,,,,,
Volcanoes National Park Gorilla Trekking,Activity,,,,,
Kigali Şehir Turu,Activity,,,,,
İstanbul - Nairobi Uçuşu,Transport,,,,,
Charter Flight Cessna Caravan 208 - Nairobi to Masai Mara,Transport,,,,,
Lodge Transferleri,Transport,,,,,
Kigali Kara Transferi,Transport,,,,,
Kenya,Highlight,,,,,
Ruanda,Highlight,,,,,
Masai Mara,Highlight,,,,,
Goril Trekking,Highlight,,,,,
Safari,Highlight,,,,,
Kigali,Highlight,,,,,
Lizbon Seyahat Programı - SAHA,Trip,1000,,,,
Lizbon,City,,,,,
"Bairro Alto Hotel, Praça Luís de Camões, 2 1200",Hotel,,,,,
09 Kasım 2022: İstanbul – Lizbon uçuşu (TK 1759),Activity,,,,,
"09 Kasım 2022: Bairro Alto Hotel transfer, check-in ve serbest zaman",Activity,,,,,
İstanbul – Lizbon uçuşu TK 1759,Transport,,,,,
Havalimanı – Bairro Alto Hotel transfer,Transport,,,,,
Lizbon,Highlight,,,,,
SAHA,Highlight,,,,,
Sanat Programı,Highlight,,,,,
Sicilya & Malta Gezisi,Trip,1000,,,,
Etna,City,,,,,
Modica,City,,,,,
Valletta,City,,,,,
Senglea,City,,,,,
Vittoriosa,City,,,,,
Cospicua,City,,,,,
Mdina,City,,,,,
Malta,Country,,,,,
Grand Hotel Timeo - Deluxe Sea View Junior Suite with balcony or terrace,Hotel,,,,,
Osteria Rosso Divino (Taormina),Restaurant,,,,,
Regina Lucia Ristorante (Siracusa),Restaurant,,,,,
İstanbul – Katanya uçuşu TK 1395,Activity,,,,,
Taormina şehir turu,Activity,,,,,
Savoca köyü gezisi,Activity,,,,,
Etna Yanardağı gezisi,Activity,,,,,
Siracusa ve Noto ziyaretleri,Activity,,,,,
Modica ve Ragusa turları,Activity,,,,,
Valletta şehir turu,Activity,,,,,
"Senglea, Vittoriosa ve Cospicua üçlü gezisi",Activity,,,,,
Mdina şehir turu,Activity,,,,,
İstanbul – Katanya uçuşu TK 1395,Transport,,,,,
Katanya – Taormina transferi,Transport,,,,,
Ada içi özel araç transferleri,Transport,,,,,
Malta,Highlight,,,,,
Valletta,Highlight,,,,,
Gastronomi,Highlight,,,,,
Vietnam & Kamboçya Gezisi,Trip,1000,,,,
Hanoi,City,,,,,
Ha Long,City,,,,,
Ho Chi Minh (Saygon),City,,,,,
Mekong Deltası,City,,,,,
Siem Reap,City,,,,,
Phnom Penh,City,,,,,
Vietnam,Country,,,,,
Kamboçya,Country,,,,,
Sofitel Legend Metropole (Hanoi),Hotel,,,,,
Violet Cruise (Ha Long Körfezi),Hotel,,,,,
"Otel (Ho Chi Minh, ismi belirtilmemiş)",Hotel,,,,,
"Otel (Siem Reap, ismi belirtilmemiş)",Hotel,,,,,
"Yerel restoranlarda öğle yemekleri (Hanoi, Ho Chi Minh turları sırasında)",Restaurant,,,,,
Ha Long Violet Cruise – deniz ürünleri ve geleneksel Vietnam mutfağı,Restaurant,,,,,
Mekong Deltası – nehir kenarında restoran,Restaurant,,,,,
Yerel aile evi – çay ve taze meyve ikramı,Restaurant,,,,,
"Hanoi şehir turu: Ho Chi Minh Mozolesi, Başkanlık Sarayı, Tek Sütunlu Pagoda, Edebiyat Tapınağı",Activity,,,,,
Hanoi’de pedallı taksi (rikşov) gezisi,Activity,,,,,
Ha Long Körfezi’nde deniz uçağı ile ulaşım ve Violet Cruise konaklaması,Activity,,,,,
"Ha Long Körfezi’nde mağara keşfi, yüzme ve balık avı",Activity,,,,,
"Ho Chi Minh şehir turu: China Town, Thien Hau Tapınağı, Notre Dame Katedrali, Posta Merkezi, Belediye Tiyatrosu",Activity,,,,,
"Mekong Deltası gezisi: bot turları, noodle yapımı, meyve bahçeleri, yerel aile ziyareti",Activity,,,,,
"Siem Reap (Angkor) gezisi: Angkor Thom, Bayon Tapınağı, Baphuon, Kraliyet Sarayı, Fil Terası",Activity,,,,,
"Phnom Penh şehir turu: Artisan D’Angkor el işi okulu, Phsar Chas çarşısı",Activity,,,,,
"İstanbul – Hanoi uçuşu (TK 166, Türk Hava Yolları)",Transport,,,,,
Hanoi – Ha Long deniz uçağı,Transport,,,,,
Violet Cruise – Ha Long Körfezi tekne yolculuğu,Transport,,,,,
"Hanoi – Ho Chi Minh uçuşu (VN253, Vietnam Havayolları)",Transport,,,,,
Ho Chi Minh – Siem Reap uçuşu (Cambodia Angkor Air K6809),Transport,,,,,
"Siem Reap – Bangkok uçuşu (PG914, Bangkok Airways)",Transport,,,,,
"Bangkok – İstanbul uçuşu (TK 65, Türk Hava Yolları)",Transport,,,,,
Havalimanı ve şehir içi transferler,Transport,,,,,
Mekong Deltası’nda bot ve rikşov gezileri,Transport,,,,,
Vietnam,Highlight,,,,,
Kamboçya,Highlight,,,,,
Hanoi,Highlight,,,,,
Ha Long Körfezi,Highlight,,,,,
Ho Chi Minh,Highlight,,,,,
Mekong Deltası,Highlight,,,,,
Angkor,Highlight,,,,,
Phnom Penh,Highlight,,,,,
Kültür,Highlight,,,,,
Cruise,Highlight,,,,,
Kenya Safari Gezisi - Şule Zorlu,Trip,1000,,,,
Giraffe Manor,Hotel,,,,,
Sala’s Camp,Hotel,,,,,
The Retreat (günübirlik kullanım),Hotel,,,,,
"The Retreat (kahvaltı, öğle yemeği)",Restaurant,,,,,
Giraffe Manor (kahvaltı & ikindi çayı),Restaurant,,,,,
Giraffe Manor’da zürafalarla kahvaltı ve ikindi çayı,Activity,,,,,
Masai Mara’da safari ve game drive aktiviteleri,Activity,,,,,
Sala’s Camp konaklamasında vahşi yaşam deneyimleri,Activity,,,,,
Sanctuary Olonana’da doğa aktiviteleri ve safari,Activity,,,,,
"İstanbul – Doha uçuşu (QR 246, Qatar Airways)",Transport,,,,,
"Doha – Nairobi uçuşu (QR 1335, Qatar Airways)",Transport,,,,,
Nairobi Havalimanı – Giraffe Manor transferi,Transport,,,,,
Nairobi – Masai Mara lodge transferleri,Transport,,,,,
Nairobi,Highlight,,,,,
Giraffe Manor,Highlight,,,,,
Game Drive,Highlight,,,,,
"İtalya Gezisi - Bologna, Floransa, Toskana & Forte dei Marmi",Trip,1000,,,,
Toskana,City,,,,,
Forte dei Marmi,City,,,,,
Ferrari Müzesi ziyareti ve test sürüşü,Activity,,,,,
Balsamik sirke tadımı ve üretici ziyareti,Activity,,,,,
Parmesan peyniri tadımı,Activity,,,,,
Lamborghini Müzesi gezisi,Activity,,,,,
Floransa şehir turu (Piazza Della Signoria ve diğer yapılar),Activity,,,,,
Toskana’da şarap bağları ve bölgesel geziler,Activity,,,,,
Forte dei Marmi sahil tatili,Activity,,,,,
"İstanbul – Bologna uçuşu (TK1321, Türk Hava Yolları)",Transport,,,,,
Bologna – şehir içi transferler,Transport,,,,,
Toskana ve Floransa içi kara transferleri,Transport,,,,,
Bologna,Highlight,,,,,
Forte dei Marmi,Highlight,,,,,
Ferrari,Highlight,,,,,
Lamborghini,Highlight,,,,,
"Prag, Karlovy Vary & Cesky Krumlov Gezisi - Beril Miskavi",Trip,1000,,,,
Prag,City,,,,,
Karlovy Vary,City,,,,,
Cesky Krumlov,City,,,,,
Çekya,Country,,,,,
"Kampa Park Restaurant (Na Kampě 8b, Prag)",Restaurant,,,,,
"Prag şehir turu: Prag Kalesi, St. Vitus Bazilikası, Altın Yol",Activity,,,,,
Karlovy Vary gezisi,Activity,,,,,
Cesky Krumlov şehir turu,Activity,,,,,
"İstanbul – Prag uçuşu (TK1769, Türk Hava Yolları)",Transport,,,,,
Prag – şehir içi transferler,Transport,,,,,
Karlovy Vary ve Cesky Krumlov kara transferleri,Transport,,,,,
Çekya,Highlight,,,,,
Prag,Highlight,,,,,
Karlovy Vary,Highlight,,,,,
Cesky Krumlov,Highlight,,,,,
Kampa Park,Highlight,,,,,
Endülüs Gezisi - Berrin Zorlu,Trip,1000,,,,
Malaga,City,,,,,
Cordoba,City,,,,,
"Granada şehir merkezi turu (Realejo Mahallesi, Capilla Real, Katedral, Madraza)",Activity,,,,,
Elhamra Sarayı gezisi,Activity,,,,,
Cordoba turu,Activity,,,,,
Ronda gezisi,Activity,,,,,
Sevilla şehir turu,Activity,,,,,
"İstanbul – Malaga uçuşu (TK1303, Türk Hava Yolları)",Transport,,,,,
Malaga – Granada transferi,Transport,,,,,
Endülüs içi kara transferleri,Transport,,,,,
Cordoba,Highlight,,,,,
Elhamra Sarayı,Highlight,,,,,
Ürdün Gezisi - Berrin Zorlu,Trip,1000,,,,
Amman,City,,,,,
Mount Nebo,City,,,,,
Madaba,City,,,,,
Petra,City,,,,,
Wadi Rum,City,,,,,
Dead Sea,City,,,,,
Ürdün,Country,,,,,
Amman şehir turu,Activity,,,,,
Mount Nebo ve Madaba ziyareti,Activity,,,,,
Petra Antik Kenti gezisi,Activity,,,,,
Wadi Rum çöl safarisi,Activity,,,,,
Dead Sea’de konaklama ve dinlenme,Activity,,,,,
"İstanbul – Amman uçuşu (TK816, Türk Hava Yolları)",Transport,,,,,
Ürdün içi kara transferleri,Transport,,,,,
Ürdün,Highlight,,,,,
Amman,Highlight,,,,,
Petra,Highlight,,,,,
Wadi Rum,Highlight,,,,,
Dead Sea,Highlight,,,,,
Mount Nebo,Highlight,,,,,
Madaba,Highlight,,,,,
BAE Gezisi - Fuat Pamukçu,Trip,1000,,,,
Abu Dhabi,City,,,,,
Ras Al Khaimah,City,,,,,
"The St. Regis Saadiyat Island Resort, Abu Dhabi",Hotel,,,,,
The Ritz Carlton Ras Al Khaimah,Hotel,,,,,
"Address Dubai Mall, Dubai",Hotel,,,,,
Hakkasan Abu Dhabi,Restaurant,,,,,
Ula Beach RAK,Restaurant,,,,,
The Guild Dubai,Restaurant,,,,,
WHITE Beach Dubai,Restaurant,,,,,
Estiatorio Milos Dubai,Restaurant,,,,,
The MAINE Oyster Bar & Grill JBR,Restaurant,,,,,
La Cantine Beach,Restaurant,,,,,
The Restaurant at Address Dubai Mall,Restaurant,,,,,
Sunset Electric Dragon Boat Experience - Jubail Mangrove Park,Activity,,,,,
Ferrari World Abu Dhabi – Driving Experience,Activity,,,,,
"Louvre Museum, Abu Dhabi",Activity,,,,,
Çöl Safarisi,Activity,,,,,
Çölde Akşam Yemeği,Activity,,,,,
Dubai Autodrome Circuit,Activity,,,,,
New Year's Eve Celebration - The Restaurant at Address Dubai Mall,Activity,,,,,
İstanbul – Abu Dhabi uçuşu,Transport,,,,,
Şehir içi ve otel transferleri,Transport,,,,,
Abu Dhabi – Ras Al Khaimah transferi,Transport,,,,,
Ras Al Khaimah – Dubai transferi,Transport,,,,,
Abu Dhabi,Highlight,,,,,
Ras Al Khaimah,Highlight,,,,,
Ferrari World,Highlight,,,,,
Çöl Safarisi,Highlight,,,,,
Yılbaşı,Highlight,,,,,
Peru Gezisi - Seda Soğancıoğlu,Trip,1000,,,,
Lima,City,,,,,
Cusco,City,,,,,
Sacred Valley,City,,,,,
Machu Picchu,City,,,,,
Peru,Country,,,,,
Belmond Miraflores Park (Lima),Hotel,,,,,
Lima şehir turu (Plaza Mayor ve tarihi merkez),Activity,,,,,
Cusco turu,Activity,,,,,
Sacred Valley gezisi,Activity,,,,,
Machu Picchu ziyareti,Activity,,,,,
"İstanbul – Lima uçuşu (TK800, Türk Hava Yolları, Panama aktarmalı CM337)",Transport,,,,,
Lima Havalimanı – otel transferi,Transport,,,,,
Peru içi kara ve tren transferleri,Transport,,,,,
Peru,Highlight,,,,,
Lima,Highlight,,,,,
Cusco,Highlight,,,,,
Sacred Valley,Highlight,,,,,
Machu Picchu,Highlight,,,,,
Belmond,Highlight,,,,,
USA Gezisi - Selen Zorlu,Trip,1000,,,,
New York,City,,,,,
Amerika Birleşik Devletleri,Country,,,,,
Central Park ziyareti,Activity,,,,,
New York şehir turu (müze ve meydanlar),Activity,,,,,
Kültürel ve alışveriş aktiviteleri,Activity,,,,,
"Londra – New York uçuşu (BA175, British Airways)",Transport,,,,,
New York havalimanı – otel transferi,Transport,,,,,
ABD,Highlight,,,,,
New York,Highlight,,,,,
Central Park,Highlight,,,,,
Hindistan Gezisi - Berrin Zorlu,Trip,1000,,,,
Varanasi’de Ganj Nehri kıyısında Aarti töreni,Activity,,,,,
Jaipur şehir turu,Activity,,,,,
Udaipur göl gezileri ve saray ziyareti,Activity,,,,,
Delhi şehir turu,Activity,,,,,
"İstanbul – Delhi uçuşu (TK716, Türk Hava Yolları)",Transport,,,,,
"Delhi – Varanasi uçuşu (AI406, Air India)",Transport,,,,,
Hindistan içi transferler ve uçuşlar,Transport,,,,,
Ganj Nehri,Highlight,,,,,
Aarti töreni,Highlight,,,,,
Mısır Gezisi - Hakan Ateş,Trip,1000,,,,
"Giza Piramitleri gezisi (Keops, Kefren, Mikerinos)",Activity,,,,,
Sfenks ziyareti,Activity,,,,,
Kahire şehir gezisi,Activity,,,,,
"İstanbul – Kahire uçuşu (TK694D, Türk Hava Yolları)",Transport,,,,,
Kahire Havalimanı – otel transferi,Transport,,,,,
Şehir içi araç ile transferler,Transport,,,,,
Giza Piramitleri,Highlight,,,,,
Nil Nehri,Highlight,,,,,
Provence Gezisi - Olgun Zorlu,Trip,1000,,,,
Marsilya,City,,,,,
Gordes ve Roussillon köy gezileri,Activity,,,,,
Sanat atölyeleri ve butik mağazalar,Activity,,,,,
Provence manzaraları ve şato ziyareti,Activity,,,,,
"İstanbul – Marsilya uçuşu (TK1367, Türk Hava Yolları)",Transport,,,,,
Marsilya Havalimanı – Provence transferi,Transport,,,,,
Köyler arası özel araç transferleri,Transport,,,,,
Provence,Highlight,,,,,
Marsilya,Highlight,,,,,
Gordes,Highlight,,,,,
Roussillon,Highlight,,,,,
Toskana Gezisi - Selen Zorlu,Trip,1000,,,,
San Casciano Val di Pesa,City,,,,,
San Casciano Val di Pesa kasabası ziyareti,Activity,,,,,
Floransa çevresinde geziler,Activity,,,,,
Chianti bölgesinde üzüm bağları ve köyler,Activity,,,,,
Bologna Havalimanı – Toskana otel transferi,Transport,,,,,
Bölge içi kara transferleri,Transport,,,,,
Chianti,Highlight,,,,,
San Casciano Val di Pesa,Highlight,,,,,
Güney Afrika Gezisi - Tanju Kaya,Trip,1000,,,,
Johannesburg,City,,,,,
Sabi Sand,City,,,,,
Kruger,City,,,,,
Sabi Sabi Little Bush Camp,Hotel,,,,,
The Table Bay,Hotel,,,,,
Sabi Sabi’de sabah ve akşam safari turları,Activity,,,,,
Cape Town V&A Waterfront gezisi,Activity,,,,,
Cape Town şehir turu ve çevre gezileri,Activity,,,,,
"İstanbul – Johannesburg uçuşu (TK38, Türk Hava Yolları)",Transport,,,,,
Johannesburg – Sabi Sabi özel uçuşu (Federal Havayolları),Transport,,,,,
"Kruger Mpumalanga – Cape Town uçuşu (SA8664, South African Airways)",Transport,,,,,
Şehir içi ve lodge transferleri,Transport,,,,,
Johannesburg,Highlight,,,,,
Sabi Sabi,Highlight,,,,,
V&A Waterfront,Highlight,,,,,
Tayland & Vietnam Gezisi,Trip,1000,,,,
Danang,City,,,,,
Saigon,City,,,,,
"Mandarin Oriental, Bangkok",Hotel,,,,,
"Anantara Golden Triangle, Chiang Rai",Hotel,,,,,
The Market Restaurant (Vietnam),Restaurant,,,,,
Bangkok kanal turu (Thonburi Klongs) ve Chao Phraya Nehri gezisi,Activity,,,,,
"Bangkok şehir turu: Wat Arun, Wat Pho, Çin Mahallesi",Activity,,,,,
"Chiang Rai’de fil sürüşü, Altın Üçgen gezisi veya yemek kursu",Activity,,,,,
Tra Que Organic Village bisiklet turu,Activity,,,,,
The Market Restaurant’ta Vietnam yemek kursu,Activity,,,,,
"İstanbul – Bangkok uçuşu (TK68, Türk Hava Yolları)",Transport,,,,,
"Bangkok – Chiang Rai uçuşu (PG231, Bangkok Airways)",Transport,,,,,
"Bangkok – Danang uçuşu (PG222, Bangkok Airways)",Transport,,,,,
Vietnam içi transferler,Transport,,,,,
Saigon aktarmalı Bangkok dönüş uçuşu,Transport,,,,,
Şehir içi ve havalimanı transferleri,Transport,,,,,
Chiang Rai,Highlight,,,,,
Danang,Highlight,,,,,
Saigon,Highlight,,,,,
Mandarin Oriental,Highlight,,,,,
Anantara Golden Triangle,Highlight,,,,,
Tra Que Village,Highlight,,,,,
The Market Restaurant,Highlight,,,,,
Tayland & Endonezya Gezisi,Trip,1000,,,,
Phuket,City,,,,,
The Surin Phuket,Hotel,,,,,
"Beach Restaurant, The Surin (Phuket)",Restaurant,,,,,
Phuket’te Big Buddha ziyareti,Activity,,,,,
Phuket Tarihi Kent Gezisi,Activity,,,,,
Bangkok şehir turu,Activity,,,,,
Bali’de tapınak ziyaretleri ve sahil aktiviteleri,Activity,,,,,
"İstanbul – Phuket uçuşu (TK172, Türk Hava Yolları)",Transport,,,,,
Phuket – Bangkok uçuşu,Transport,,,,,
Bangkok – Bali uçuşu,Transport,,,,,
Endonezya,Highlight,,,,,
Phuket,Highlight,,,,,
Bali,Highlight,,,,,
The Surin Phuket,Highlight,,,,,
Big Buddha,Highlight,,,,,
Tayland Gezi Önerileri,Trip,1000,,,,
Bangkok’ta Grand Palace & Wat Phra Kaew ziyareti,Activity,,,,,
Wat Pho (Yatan Buda Tapınağı) gezisi,Activity,,,,,
Wat Arun (Şafak Tapınağı) ziyareti,Activity,,,,,
Thonburi Kanalları tekne turu,Activity,,,,,
Phuket ada ve sahil aktiviteleri,Activity,,,,,
Grand Palace,Highlight,,,,,
Wat Pho,Highlight,,,,,
Wat Arun,Highlight,,,,,
Thonburi Kanalları,Highlight,,,,,
Toskana Gezisi - Bayram Programı,Trip,1000,,,,
Montepulciano,City,,,,,
"Bologna şehir turu (Piazza Maggiore, Basilica di San Petronio, Fontana di Nettuno, Palazzo Communale)",Activity,,,,,
The Mall Firenze outlet gezisi,Activity,,,,,
Siena şehir turu,Activity,,,,,
Montepulciano şarap bağları ve kasaba gezisi,Activity,,,,,
San Gimignano kasabası gezisi,Activity,,,,,
Bologna Havalimanı – şehir içi transfer,Transport,,,,,
Bölge içi kara transferleri ve araç kiralama,Transport,,,,,
Montepulciano,Highlight,,,,,
The Mall Firenze,Highlight,,,,,
Pienza,City,,,,,
Montalcino,City,,,,,
Borgo Santo Pietro,Hotel,,,,,
Montepulciano şarap bağları turu,Activity,,,,,
Pienza kasabası ziyareti,Activity,,,,,
Montalcino’da şarap tadımı,Activity,,,,,
San Gimignano gezisi,Activity,,,,,
Bologna Havalimanı – şehir merkezi transferi,Transport,,,,,
Toskana içi kara transferleri,Transport,,,,,
Pienza,Highlight,,,,,
Montalcino,Highlight,,,,,
Borgo Santo Pietro,Highlight,,,,,
Toskana Bağ Bozumu Programı,Trip,1000,,,,
Toskana kırsalı,City,,,,,
COMO Castello del Nero,Hotel,,,,,
Rosewood Castiglion del Bosco,Hotel,,,,,
Bağ bozumu deneyimi,Activity,,,,,
Şarap tadımları,Activity,,,,,
Toskana kasabaları ve doğa gezileri,Activity,,,,,
İstanbul – Bologna uçuşu (Türk Hava Yolları),Transport,,,,,
Bologna – İstanbul uçuşu (Türk Hava Yolları),Transport,,,,,
Bağ Bozumu,Highlight,,,,,
Şarap Tadımı,Highlight,,,,,
COMO Castello del Nero,Highlight,,,,,
Rosewood Castiglion del Bosco,Highlight,,,,,
Ho Chi Minh,City,,,,,
Hotel des Arts Saigon,Hotel,,,,,
Raffles Hotel Le Royal,Hotel,,,,,
Belmond La Résidence d’Angkor,Hotel,,,,,
"Ho Chi Minh şehir turu: Reunification Palace, War Remnants Museum, Cho Lon, Thien Hau Tapınağı, Notre Dame Katedrali, Posta Merkezi, Belediye Tiyatrosu",Activity,,,,,
Ben Thanh Pazarı ve Nguyen Hue caddelerinde alışveriş,Activity,,,,,
Vespa ile gece turu ve Banh Xeo tadımı,Activity,,,,,
"Mekong Deltası bot turu, tropik meyve bahçeleri, noodle yapımı",Activity,,,,,
"Phnom Penh şehir turu: Kraliyet Sarayı, Gümüş Pagoda, Ulusal Müze",Activity,,,,,
"Siem Reap’te Angkor Wat, Angkor Thom, Bayon ve Ta Prohm gezileri",Activity,,,,,
"İstanbul – Ho Chi Minh uçuşu (TK168, Türk Hava Yolları)",Transport,,,,,
Ho Chi Minh içi Vespa ve araç transferleri,Transport,,,,,
Mekong Deltası bot turu,Transport,,,,,
Ho Chi Minh – Phnom Penh kara/air transferi,Transport,,,,,
Phnom Penh – Siem Reap uçuşu,Transport,,,,,
Siem Reap,Highlight,,,,,
Angkor Wat,Highlight,,,,,
Banh Xeo,Highlight,,,,,
Raffles,Highlight,,,,,
Vietnam Gezisi,Trip,1000,,,,
Nha Trang,City,,,,,
Hanoi By Night turu,Activity,,,,,
"Hanoi şehir turu: Ho Chi Minh Mozolesi, kazık ev, Tek Sütunlu Pagoda, Edebiyat Tapınağı",Activity,,,,,
Nha Trang sahil tatili ve dinlenme,Activity,,,,,
Saigon şehir turu,Activity,,,,,
"İstanbul – Hanoi uçuşu (TK164, Türk Hava Yolları)",Transport,,,,,
Hanoi – Nha Trang uçuşu,Transport,,,,,
Nha Trang – Saigon uçuşu,Transport,,,,,
Nha Trang,Highlight,,,,,
Ho Chi Minh Mozolesi,Highlight,,,,,
Pagoda,Highlight,,,,,
Vietnam & Bangkok Gezisi - Gökhan Mendi,Trip,1000,,,,
Ha Long (Lan Ha Bay),City,,,,,
Bhaya Cruise (Lan Ha Bay / Ha Long),Hotel,,,,,
May de Cuisine Restaurant (Hanoi),Restaurant,,,,,
"Hanoi şehir turu: Opera Binası, Edebiyat Tapınağı, Etnoloji Müzesi, Eski Mahalle",Activity,,,,,
Westlake bölgesi turu (vintage jeep ile),Activity,,,,,
Ha Long (Lan Ha Bay) Bhaya özel tekne yolculuğu,Activity,,,,,
Thien Canh Son Cave ziyareti,Activity,,,,,
Bangkok şehir turu ve alışveriş aktiviteleri,Activity,,,,,
Hanoi – Ha Long kara transferi,Transport,,,,,
Ha Long Bhaya Cruise tekne yolculuğu,Transport,,,,,
Hanoi – Saigon uçuşu,Transport,,,,,
Saigon – Bangkok uçuşu,Transport,,,,,
Şehir içi transferler,Transport,,,,,
Ha Long,Highlight,,,,,
Lan Ha Bay,Highlight,,,,,
Bhaya Cruise,Highlight,,,,,
May de Cuisine,Highlight,,,,,
Volvo EX90 Basın Seyahati - Los Angeles,Trip,1000,,,,
Los Angeles,City,,,,,
Newport Beach,City,,,,,
The Resort at Pelican Hill,Hotel,,,,,
Nobu Los Angeles,Restaurant,,,,,
Volvo EX90 sunumu ve sürüş deneyimi,Activity,,,,,
Callaway Winery ziyareti ve şarap tadımı,Activity,,,,,
Volvo etkinlikleri,Activity,,,,,
İstanbul – Los Angeles uçuşu,Transport,,,,,
Los Angeles Havalimanı – otel transferi,Transport,,,,,
Los Angeles,Highlight,,,,,
Volvo,Highlight,,,,,
EX90,Highlight,,,,,
Pelican Hill,Highlight,,,,,
Nobu,Highlight,,,,,
Callaway Winery,Highlight,,,,,
Ürdün Gezisi,Trip,1000,,,,
"İstanbul – Amman uçuşu (TK812, Türk Hava Yolları)",Transport,,,,,
Marakeş 21-25 Haziran 2023,Trip,1000,,,,
Marrakech,City,,,,,
Fes,City,,,,,
Fas,Country,,,,,
Marakeş şehir gezisi,Activity,,,,,
Yves Saint Laurent Müzesi ziyareti,Activity,,,,,
Jardin Majorelle Bahçeleri gezisi,Activity,,,,,
Ali ibn Yusuf Medresesi ziyareti,Activity,,,,,
İstanbul – Fas uçuşu,Transport,,,,,
Fas içi transferler,Transport,,,,,
Fas,Highlight,,,,,
Marrakech,Highlight,,,,,
Fes,Highlight,,,,,
Havana - Cancun 8-19 Temmuz 2022,Trip,2400,2022-07-08,2022-07-19,Yaz,
Havana,City,,,,,
Vinales,City,,,,,
Cancun,City,,,,,
Küba,Country,,,,,
Hotel Manzana Kempinski,Hotel,,,,,
Floridita,Restaurant,,,,,
Rancho San Vicente,Restaurant,,,,,
Havana şehir turu,Activity,,,,,
"Havana Eski Kenti, Malecon Bulvarı, Devrim Meydanı, Colomb Mezarlığı ve Morro Kalesi gezisi",Activity,,,,,
Floridita’da öğle yemeği ve daiquiri kokteyl tadımı,Activity,,,,,
Jose Fuster’in sanat mahallesi ziyareti,Activity,,,,,
Hamel Sokağı ziyareti,Activity,,,,,
Rancho San Vicente restoranda öğle yemeği,Activity,,,,,
Devrim Müzesi ziyareti,Activity,,,,,
Hemingway’in La Finca evi ziyareti,Activity,,,,,
Che Guevara’nın evi ziyareti,Activity,,,,,
"Vinales şehir merkezi, tütün tarlaları ve çiftlik ziyareti",Activity,,,,,
1950’lerden kalma Amerikan arabaları ile Havana turu,Activity,,,,,
Prado Caddesi ziyareti,Activity,,,,,
İstanbul – Havana uçuşu (TK183),Transport,,,,,
Küba içi transferler,Transport,,,,,
Küba,Highlight,,,,,
Havana,Highlight,,,,,
Vinales,Highlight,,,,,
Cancun,Highlight,,,,,
DATE_2022-07-08,Date,,,,,2022-07-08
DATE_2022-07-19,Date,,,,,2022-07-19
Japonya 12 - 21 Ekim 2024,Trip,1000,,,,
Kobe,City,,,,,
Osaka,City,,,,,
Hotel Tokyo Deluxe Double,Hotel,,,,,
Garrya Nijo Castle Kyoto,Hotel,,,,,
Tokyo şehir turu,Activity,,,,,
Mori Sanat Müzesi ve Sky Deck ziyareti,Activity,,,,,
Ashinoko Gölü tekne turu,Activity,,,,,
Hakone Açık Hava Müzesi ziyareti,Activity,,,,,
Picasso Pavilion sergisi,Activity,,,,,
Arashiyama bölgesi ziyareti,Activity,,,,,
Todai-ji Tapınağı ziyareti,Activity,,,,,
TeamLab Borderless ziyareti,Activity,,,,,
Osaka Kalesi ziyareti,Activity,,,,,
Sorakuen Bahçesi ve Kobe eski yerleşim yeri gezisi,Activity,,,,,
İstanbul – Tokyo uçuşu (TK50),Transport,,,,,
Japonya içi transferler,Transport,,,,,
Japonya,Highlight,,,,,
Tokyo,Highlight,,,,,
Kyoto,Highlight,,,,,
Osaka,Highlight,,,,,
Güney Afrika 14-21 Kasım 2018,Trip,1600,2018-11-14,2018-11-21,Sonbahar,
Soweto,City,,,,,
Sabi Sabi Game Reserve Lodge,Hotel,,,,,
Hotel Luxury King Mountain Room,Hotel,,,,,
Sabah ve akşam safarileri (Sabi Sand Game Reserve),Activity,,,,,
Soweto gezisi ve Nelson Mandela’nın Evi ziyareti,Activity,,,,,
Hector Pieterson Müzesi ziyareti,Activity,,,,,
Nelson Mandela Meydanı gezisi,Activity,,,,,
Cape Town şehir turu,Activity,,,,,
Stellenbosch şarap bağları gezisi,Activity,,,,,
İstanbul – Johannesburg uçuşu (TK42),Transport,,,,,
Güney Afrika içi transferler,Transport,,,,,
DATE_2018-11-14,Date,,,,,2018-11-14
DATE_2018-11-21,Date,,,,,2018-11-21
Hindistan 2024 Maide Cebi,Trip,1000,,,,
Ranthambore,City,,,,,
Jodhpur,City,,,,,
Mumbai,City,,,,,
Humayun’un Türbesi ziyareti,Activity,,,,,
Jaipur City Palace gezisi,Activity,,,,,
Amber Kalesi ziyareti,Activity,,,,,
Ranthambore Milli Parkı’nda jeep safari,Activity,,,,,
Bishnoi köyü safari gezisi,Activity,,,,,
Udaipur City Palace ve göl çevresi gezisi,Activity,,,,,
Bundi Palace ve Chitra Shala gezisi,Activity,,,,,
Ranakpur Jain Tapınakları ziyareti,Activity,,,,,
Jodhpur Mehrangarh Kalesi gezisi,Activity,,,,,
Elephanta Adası ve Trimurti heykeli ziyareti,Activity,,,,,
Mumbai şehir turu,Activity,,,,,
Hindistan içi özel araç transferleri,Transport,,,,,
Ranthambore jeep safarileri,Transport,,,,,
Ranthambore,Highlight,,,,,
Jodhpur,Highlight,,,,,
Mumbai,Highlight,,,,,
Küba Gezisi 2022,Trip,1000,,,,
Cienfuegos,City,,,,,
Trinidad,City,,,,,
Santa Clara,City,,,,,
La Canchanchara,Restaurant,,,,,
"Havana şehir turu (Eski Kent, Malecon, Devrim Meydanı, Colomb Mezarlığı, Miramar)",Activity,,,,,
Küba sokaklarında klasik Amerikan arabalarıyla gezi,Activity,,,,,
"Cienfuegos şehir turu (Valle Sarayı, Jose Marti Parkı, Prado Promenade)",Activity,,,,,
Trinidad gezisi ve La Canchanchara Bar ziyareti,Activity,,,,,
Santa Clara gezisi ve Che Guevara Anıt Mezarı ziyareti,Activity,,,,,
Vinales tütün tarlaları ve çiftlik ziyareti,Activity,,,,,
Trinidad,Highlight,,,,,
Santa Clara,Highlight,,,,,
Kolombiya - Peru 2024,Trip,1000,,,,
Bogotá,City,,,,,
Cartagena,City,,,,,
Kolombiya,Country,,,,,
Bogotá şehir turu,Activity,,,,,
Cartagena eski şehir gezisi,Activity,,,,,
Lima şehir turu,Activity,,,,,
Cusco şehir turu,Activity,,,,,
Machu Picchu gezisi,Activity,,,,,
Uluslararası uçuşlar,Transport,,,,,
Kolombiya ve Peru iç hat uçuşları,Transport,,,,,
Şehir içi özel transferler,Transport,,,,,
Kolombiya,Highlight,,,,,
Bogotá,Highlight,,,,,
Cartagena,Highlight,,,,,
Frieze London 2023,Trip,1000,,,,
Londra,City,,,,,
İngiltere,Country,,,,,
The Biltmore Mayfair Hotel,Hotel,,,,,
Frieze Sculpture Park ziyareti,Activity,,,,,
Hayward Gallery ziyareti,Activity,,,,,
Frieze London fuarı gezisi,Activity,,,,,
İstanbul – Londra uçuşu (THY 1979),Transport,,,,,
Londra içi transferler,Transport,,,,,
İngiltere,Highlight,,,,,
Londra,Highlight,,,,,
Frieze London,Highlight,,,,,
Gamze Çuhadaroglu PROVENCE 2022,Trip,1000,,,,
Aix-en-Provence,City,,,,,
Château La Coste,Restaurant,,,,,
Roussillon ve Gordes gezisi,Activity,,,,,
Arles şehir gezisi,Activity,,,,,
Arles Luma Müzesi ziyareti,Activity,,,,,
Mirabeau Caddesi’nde gezinti,Activity,,,,,
Château La Coste şarap evi ve bahçeleri ziyareti,Activity,,,,,
İstanbul – Marsilya uçuşu (TK1367),Transport,,,,,
Provence içi transferler,Transport,,,,,
Arles,Highlight,,,,,
Aix-en-Provence,Highlight,,,,,
MAP Venedik Bienali 2022,Trip,1000,,,,
Hotel Bauer Palazzo,Hotel,,,,,
La Caravella,Restaurant,,,,,
Ai Weiwei sergisi,Activity,,,,,
Giardini ana sergi turu,Activity,,,,,
Venedik Bienali ülke pavyonları turu,Activity,,,,,
Arsenale ana sergi turu,Activity,,,,,
"Personal Structures, Palazzo Bembo sergisi",Activity,,,,,
İstanbul – Venedik uçuşu (THY 1867),Transport,,,,,
Venedik içi deniz taksi transferleri,Transport,,,,,
MAP Barcelona Çağdaş Sanat Gezisi 2023,Trip,1000,,,,
Cadaques,City,,,,,
Merendero de la Mar,Restaurant,,,,,
Barcelona şehir gezisi,Activity,,,,,
MACBA - Museu d’Art Contemporani de Barcelona ziyareti,Activity,,,,,
Picasso Müzesi ziyareti,Activity,,,,,
Antoni Tàpies Müzesi ziyareti,Activity,,,,,
La Casa de Salvador Dalí - Port Lligat gezisi,Activity,,,,,
Caixa Forum gezisi,Activity,,,,,
Poble Espanyol gezisi,Activity,,,,,
Joan Miró Vakfı ziyareti,Activity,,,,,
Fundació Suñol ziyareti,Activity,,,,,
Dali Müzesi ziyareti,Activity,,,,,
Xavi Bou Atölye ziyareti,Activity,,,,,
Jordi Bernadó Atölye ziyareti,Activity,,,,,
James Turrell enstalasyonu ziyareti,Activity,,,,,
İstanbul – Barselona uçuşu,Transport,,,,,
Barselona içi transferler,Transport,,,,,
Çağdaş Sanat,Highlight,,,,,
MAP Provence Program 31 Mart - 3 Nisan 2023,Trip,1000,,,,
Saint-Remy-de-Provence,City,,,,,
La Luma Drum Cafe,Restaurant,,,,,
Les Deux Garçons,Restaurant,,,,,
Château La Coste sanat ve mimari gezisi,Activity,,,,,
Fondation Vincent van Gogh Arles ziyareti,Activity,,,,,
Mucem Müzesi ziyareti,Activity,,,,,
Atelier de Cezanne ziyareti,Activity,,,,,
Palais des Papes ziyareti,Activity,,,,,
Saint-Paul de Mausole ziyareti,Activity,,,,,
Carrières de Lumières ziyareti,Activity,,,,,
Les Deux Garçons’da kahve molası,Activity,,,,,
İstanbul – Marsilya uçuşu (TK1365),Transport,,,,,
Avignon,Highlight,,,,,
Jules Verne - 2 Ladies - Japan - March 2024,Trip,1000,,,,
Arashiyama Bamboo Grove ziyareti,Activity,,,,,
Fushimi Inari Tapınağı ziyareti,Activity,,,,,
Naoshima & Teshima sanat adaları gezisi,Activity,,,,,
Naoshima,Highlight,,,,,
Teshima,Highlight,,,,,
Lofoten Islands - Version 2.0,Trip,1000,,,,
Henningsvær,City,,,,,
Svolvær,City,,,,,
Reine,City,,,,,
Å,City,,,,,
Restaurant Nyvågar,Restaurant,,,,,
Midnight Sun Safari,Activity,,,,,
Sea Eagle RIB Boat Safari,Activity,,,,,
Henningsvær gezisi,Activity,,,,,
Svolvær gezisi,Activity,,,,,
Rehberli hiking ve çevre gezisi,Activity,,,,,
Å köyü gezisi,Activity,,,,,
Kayaking özel turu,Activity,,,,,
İstanbul – Oslo – Svolvær uçuşu,Transport,,,,,
Norveç içi transferler,Transport,,,,,
Norveç,Highlight,,,,,
Lofoten,Highlight,,,,,
Henningsvær,Highlight,,,,,
Svolvær,Highlight,,,,,
Reine,Highlight,,,,,
Güney Afrika 22-30 Ocak,Trip,1800,2025-01-22,2025-01-30,Kış,
Marataba,City,,,,,
Öğleden sonra safari,Activity,,,,,
Tam gün safari,Activity,,,,,
Kirstenbosch Ulusal Botanik Bahçesi gezisi,Activity,,,,,
Stellenbosch şarap bağları turu,Activity,,,,,
Cape Winelands bölgesi ziyareti,Activity,,,,,
İstanbul – Cape Town uçuşu (TK44),Transport,,,,,
Güney Afrika içi araç kiralama ve transferler,Transport,,,,,
DATE_2025-01-30,Date,,,,,2025-01-30
Mardin 13-15 Ekim 2023,Trip,1000,,,,
Mardin,City,,,,,
Midyat,City,,,,,
Mardin şehir turu,Activity,,,,,
Sakıp Sabancı Müzesi ziyareti,Activity,,,,,
Eski PTT Binası gezisi,Activity,,,,,
Eski Mardin Evleri ve Abbara tünelleri gezisi,Activity,,,,,
Zinciriye Medresesi ziyareti,Activity,,,,,
Kültür Sokağı ve Uçurtma Atölyesi gezisi,Activity,,,,,
Ulu Camii ziyareti,Activity,,,,,
Deyrulzafaran Manastırı ziyareti,Activity,,,,,
Kasımiye Medresesi ziyareti,Activity,,,,,
Midyat şehir turu,Activity,,,,,
Midyat Devlet Konukevi ve Gümüşçüler Çarşısı ziyareti,Activity,,,,,
Mor Gabriel Manastırı ziyareti,Activity,,,,,
İstanbul – Mardin uçuşu (TK2674),Transport,,,,,
Mardin içi transferler,Transport,,,,,
Mardin,Highlight,,,,,
Midyat,Highlight,,,,,
Meksika 06-16 Aralık 2023,Trip,2200,2023-12-06,2023-12-16,Kış,
Tulum,City,,,,,
Hotel Rosas,Hotel,,,,,
Mexico City şehir turu,Activity,,,,,
Ulusal Saray ve Diego Rivera duvar resimleri ziyareti,Activity,,,,,
Zócalo ve Metropolitan Katedrali ziyareti,Activity,,,,,
Xochimilco yüzen bahçeleri gezisi,Activity,,,,,
Coyoacan köyü ziyareti,Activity,,,,,
Frida Kahlo Müzesi ziyareti,Activity,,,,,
Mérida şehir turu,Activity,,,,,
San Ildefonso Katedrali ziyareti,Activity,,,,,
Casa Montejo ziyareti,Activity,,,,,
Yucatan Valilik Sarayı duvar resimleri ziyareti,Activity,,,,,
Chichen-Itza arkeolojik alanı ziyareti,Activity,,,,,
İstanbul – Mexico City uçuşu (TK184),Transport,,,,,
Meksika içi transferler,Transport,,,,,
Tulum,Highlight,,,,,
DATE_2023-12-06,Date,,,,,2023-12-06
DATE_2023-12-16,Date,,,,,2023-12-16
Mendi Family - Kenya 25-29 Aralık,Trip,1000,2025-12-25,2025-12-29,Kış,
Emara Ole Sereni Hotel,Hotel,,,,,
Akşam safari,Activity,,,,,
Sabah ve akşam safarileri,Activity,,,,,
Karen Blixen Müzesi ziyareti,Activity,,,,,
Giraffe Centre ziyareti,Activity,,,,,
İstanbul – Nairobi uçuşu (TK607),Transport,,,,,
Air Kenya iç hat uçuşu,Transport,,,,,
Kenya içi transferler,Transport,,,,,
DATE_2025-12-29,Date,,,,,2025-12-29
Mevzun Vietnam Kamboçya 2016,Trip,1000,,,,
Halong,City,,,,,
Hoi An,City,,,,,
Ho Chi Minh City,City,,,,,
Park Hyatt Saigon,Hotel,,,,,
Intercontinental Danang,Hotel,,,,,
Sofitel Legend Metropole Hanoi,Hotel,,,,,
Paradise Luxury Halong,Hotel,,,,,
Hanoi şehir turu,Activity,,,,,
Ngoc Son Pagoda ziyareti,Activity,,,,,
Temple of Literature ziyareti,Activity,,,,,
Water Puppet gösterisi,Activity,,,,,
Halong Bay tekne turu,Activity,,,,,
Hoi An yürüyüş turu,Activity,,,,,
Ho Chi Minh City şehir turu,Activity,,,,,
Ben Thanh Market ziyareti,Activity,,,,,
War Remnants Museum ziyareti,Activity,,,,,
Cu Chi Tünelleri gezisi,Activity,,,,,
Siem Reap Angkor Wat ziyareti,Activity,,,,,
Ta Prohm Tapınağı ziyareti,Activity,,,,,
Banteay Srei ve Banteay Samre tapınakları ziyareti,Activity,,,,,
Tonle Sap Gölü yüzen köy ziyareti,Activity,,,,,
İstanbul – Bangkok – Vietnam uçuşları (THY 69),Transport,,,,,
Bangkok – İstanbul dönüş uçuşu (THY 69),Transport,,,,,
Halong,Highlight,,,,,
Hoi An,Highlight,,,,,
Ho Chi Minh City,Highlight,,,,,
Mevzun Çifçi Hindistan 2024,Trip,1000,,,,
Jaipur Amber Kalesi ziyareti,Activity,,,,,
Jaipur City Palace ziyareti,Activity,,,,,
Udaipur göl gezisi,Activity,,,,,
Udaipur City Palace ziyareti,Activity,,,,,
Jodhpur Mehrangarh Kalesi ziyareti,Activity,,,,,
İstanbul – Delhi uçuşu (TK716),Transport,,,,,
Hindistan içi uçuşlar ve transferler,Transport,,,,,
Mine Bahadır Japonya - Tayland Programı,Trip,1000,,,,
Ise Shima,City,,,,,
Senso-ji Tapınağı ve Nakamise alışveriş caddesi ziyareti,Activity,,,,,
Akihabara gezisi,Activity,,,,,
Kyoto şehir turu,Activity,,,,,
Nishiki Pazarı ziyareti,Activity,,,,,
Machiya deneyimi,Activity,,,,,
Ise Shima bölgesi gezisi,Activity,,,,,
Naiku ve Geku Shinto tapınakları ziyareti,Activity,,,,,
Chiang Rai fil kampı ziyareti,Activity,,,,,
Golden Triangle bölgesi gezisi,Activity,,,,,
Chiang Mai şehir turu,Activity,,,,,
Phuket sahil tatili,Activity,,,,,
İstanbul – Tokyo uçuşu,Transport,,,,,
Tayland içi transferler,Transport,,,,,
Murat Bilgin 28 Eylül - 9 Ekim 2023 Güney Afrika,Trip,1000,,,,
Sabi Sabi,City,,,,,
Four Seasons Hotel The Westcliff,Hotel,,,,,
Delaire Graff,Restaurant,,,,,
Johannesburg şehir turu,Activity,,,,,
Zeitz MOCAA ziyareti,Activity,,,,,
Cape Point gezisi,Activity,,,,,
Boulders Beach penguen kolonisi ziyareti,Activity,,,,,
Franschhoek ve Stellenbosch şarap bağları gezisi,Activity,,,,,
Iziko Müzesi ziyareti,Activity,,,,,
Myanmar 2017 Mevzun Çiftçi,Trip,1000,,,,
Yangon,City,,,,,
Mandalay,City,,,,,
Bagan,City,,,,,
Inle Lake,City,,,,,
Myanmar,Country,,,,,
Belmond Road to Mandalay Cruise,Hotel,,,,,
Shwedagon Pagoda ziyareti,Activity,,,,,
Yangon şehir turu,Activity,,,,,
Mandalay gezisi,Activity,,,,,
Bagan tapınakları gezisi,Activity,,,,,
Ananda ve Gubyaukgyi tapınakları ziyareti,Activity,,,,,
Phaung Daw Oo Pagoda ziyareti,Activity,,,,,
Inle Gölü gezisi,Activity,,,,,
Lacquer ware atölyesi ziyareti,Activity,,,,,
Damnoen Saduak yüzen pazar ziyareti (Bangkok),Activity,,,,,
İstanbul – Yangon uçuşu,Transport,,,,,
Myanmar içi transferler,Transport,,,,,
Bangkok – İstanbul uçuşu (THY69),Transport,,,,,
Myanmar,Highlight,,,,,
Yangon,Highlight,,,,,
Mandalay,Highlight,,,,,
Bagan,Highlight,,,,,
Inle Lake,Highlight,,,,,
SUMMER EUROPE 2025,Trip,3564,,,,
PARIS,City,,,,,
ROME,City,,,,,
FRANCE,Country,,,,,
ITALY,Country,,,,,
HOTEL LUMIERE,Hotel,,,,,
ROMA SUITES,Hotel,,,,,
LE BISTRO,Restaurant,,,,,
TRATTORIA ROMANA,Restaurant,,,,,
EIFFEL TOWER,Activity,,,,,
COLOSSEUM TOUR,Activity,,,,,
PLANE,Transport,,,,,
TRAIN,Transport,,,,,
CITY BREAK,Highlight,,,,,
HISTORY,Highlight,,,,,
SUMMER EUROPE 2024,Trip,2147,,,,
BALKANS 2025,Trip,2672,,,,
LEG1,City,,,,,
LEG2,City,,,,,
TURKEY,Country,,,,,
BULGARIA,Country,,,,,
NORTH MACEDONIA,Country,,,,,
AYASOFYA CAMII,Activity,,,,,
OLD TOWN WALK,Activity,,,,,
BUS,Transport,,,,,
CULTURE,Highlight,,,,,
ROME ANCIENT 2024,Trip,4946,,,,
FORUM INN,Hotel,,,,,
TRASTEVERE TRATTORIA,Restaurant,,,,,
COLOSSEUM,Activity,,,,,
ROMAN FORUM,Activity,,,,,
PALATINE HILL,Activity,,,,,
METRO,Transport,,,,,
CAPPADOCIA DREAM 2023,Trip,4000,,,,
GOREME,City,,,,,
ISTANBUL,City,,,,,
GOREME CAVE HOTEL,Hotel,,,,,
SULTANAHMET INN,Hotel,,,,,
MEZE HOUSE,Restaurant,,,,,
KONYALI RESTAURANT,Restaurant,,,,,
BALLOON RIDE,Activity,,,,,
GOREME OPEN AIR MUSEUM,Activity,,,,,
TOPKAPI PALACE,Activity,,,,,
NATURE,Highlight,,,,,
BALKANS LOOP 2025,Trip,2140,,,,
LONDON HIGHLIGHTS 2024,Trip,990,,,,
LONDON,City,,,,,
UNITED KINGDOM,Country,,,,,
SOUTHBANK HOTEL,Hotel,,,,,
DISHOOM,Restaurant,,,,,
BRITISH MUSEUM,Activity,,,,,
TOWER OF LONDON,Activity,,,,,
LONDON EYE,Activity,,,,,
UNDERGROUND,Transport,,,,,
MUSEUMS,Highlight,,,,,
NEW YORK CLASSICS 2024,Trip,1250,,,,
NEW YORK,City,,,,,
UNITED STATES,Country,,,,,
MIDTOWN INN,Hotel,,,,,
SHAKE SHACK,Restaurant,,,,,
STATUE OF LIBERTY,Activity,,,,,
TIMES SQUARE,Activity,,,,,
CENTRAL PARK,Activity,,,,,
SUBWAY,Transport,,,,,
TOKYO ESSENTIALS 2025,Trip,1400,,,,
TOKYO,City,,,,,
JAPAN,Country,,,,,
SHIBUYA HOTEL,Hotel,,,,,
SUSHI BAR,Restaurant,,,,,
SENSOJI TEMPLE,Activity,,,,,
SHIBUYA CROSSING,Activity,,,,,
MEIJI SHRINE,Activity,,,,,
KYOTO TEMPLES 2025,Trip,1100,,,,
KYOTO,City,,,,,
GION RYOKAN,Hotel,,,,,
UDON HOUSE,Restaurant,,,,,
FUSHIMI INARI SHRINE,Activity,,,,,
KINKAKUJI TEMPLE,Activity,,,,,
KIYOMIZU DERA,Activity,,,,,
JR,Transport,,,,,
TEMPLES,Highlight,,,,,
BARCELONA ARCHITECTURE 2024,Trip,870,,,,
BARCELONA,City,,,,,
SPAIN,Country,,,,,
EIXAMPLE HOTEL,Hotel,,,,,
TAPAS BAR,Restaurant,,,,,
SAGRADA FAMILIA,Activity,,,,,
PARK GUELL,Activity,,,,,
CASA BATLLO,Activity,,,,,
ARCHITECTURE,Highlight,,,,,
GAUDI WEEKEND 2025,Trip,720,,,,
ISTANBUL CLASSICS 2024,Trip,900,,,,
BLUE MOSQUE,Activity,,,,,
URGUP,City,,,,,
SUNRISE VIEWPOINT,Activity,,,,,
SHUTTLE,Transport,,,,,
ROME ANTIQUITY 2024,Trip,820,,,,
ISTANBUL & CAPPADOCIA 2023,Trip,1200,,,,
ISTANBUL HERITAGE WEEKEND 2025,Trip,650,,,,
GRAND BAZAAR,Activity,,,,,
TRAM,Transport,,,,,
NEW YORK CITY 2024,Trip,1500,,,,
MIDTOWN HOTEL,Hotel,,,,,
LONDON ARCHITECTURE TOUR 2024,Trip,950,,,,
RIVERBANK HOTEL,Hotel,,,,,
TRAFALGAR RESTAURANT,Restaurant,,,,,
BIG BEN,Activity,,,,,
BALKAN CULTURE TOUR 2025,Trip,2000,,,,
BALKAN CULTURAL SITES,Activity,,,,,
SOFIA OLD TOWN,Activity,,,,,
SUMMER GREECE 2025,Trip,2800,,,,
ATHENS,City,,,,,
THESSALONIKI,City,,,,,
GREECE,Country,,,,,
ATHENS PLAZA HOTEL,Hotel,,,,,
THESSALONIKI INN,Hotel,,,,,
TAVERNAS,Restaurant,,,,,
ACROPOLIS TOUR,Activity,,,,,
THESSALONIKI OLD TOWN,Activity,,,,,
ITALY CLASSICS 2024,Trip,1800,,,,
VENICE,City,,,,,
VENICE SUITES,Hotel,,,,,
ST. MARK'S SQUARE,Activity,,,,,
BOAT,Transport,,,,,
PARIS MUSEUM TOUR 2024,Trip,1200,,,,
MARAIS HOTEL,Hotel,,,,,
LEON DE BRUXELLES,Restaurant,,,,,
LOUVRE MUSEUM,Activity,,,,,
MUSÉE D'ORSAY,Activity,,,,,
ART,Highlight,,,,,
TURKEY TOUR 2024,Trip,1500,,,,
CAPPADOCIA,City,,,,,
EUROPE CLASSICS 2025,Trip,4500,,,,
PARIS CITY BREAK 2024,Trip,980,,,,
MONTMARTRE WALK,Activity,,,,,
