start_id,end_id,relation
trip:ea684dba,city:d7b1c966,HAS_CITY
trip:ea684dba,city:1bdc156d,HAS_CITY
trip:ea684dba,city:0c455ad1,HAS_CITY
trip:ea684dba,city:54039364,HAS_CITY
trip:ea684dba,city:6c07625e,HAS_CITY
trip:ea684dba,city:a6f30815,HAS_CITY
trip:ea684dba,country:fa60284a,HAS_COUNTRY
trip:ea684dba,country:9431e461,HAS_COUNTRY
trip:ea684dba,country:c8a985f6,HAS_COUNTRY
trip:ea684dba,activity:a8b434ee,HAS_ACTIVITY
trip:ea684dba,activity:14c17cf9,HAS_ACTIVITY
trip:ea684dba,activity:eb2174d8,HAS_ACTIVITY
trip:ea684dba,activity:57c06067,HAS_ACTIVITY
trip:ea684dba,activity:72ea1919,HAS_ACTIVITY
trip:ea684dba,activity:5540f6fe,HAS_ACTIVITY
trip:ea684dba,activity:813d023a,HAS_ACTIVITY
trip:ea684dba,activity:f2cacced,HAS_ACTIVITY
trip:ea684dba,activity:aaff0ac6,HAS_ACTIVITY
trip:ea684dba,activity:b3ed6a8c,HAS_ACTIVITY
trip:ea684dba,activity:41e7148b,HAS_ACTIVITY
trip:ea684dba,activity:d7cc1cee,HAS_ACTIVITY
trip:ea684dba,activity:8b540166,HAS_ACTIVITY
trip:ea684dba,activity:62dd675d,HAS_ACTIVITY
trip:ea684dba,activity:abae52e6,HAS_ACTIVITY
trip:ea684dba,activity:54039364,HAS_ACTIVITY
trip:ea684dba,activity:6c07625e,HAS_ACTIVITY
trip:ea684dba,activity:2b3fee54,HAS_ACTIVITY
trip:ea684dba,activity:13e5dcbe,HAS_ACTIVITY
trip:ea684dba,activity:0c988670,HAS_ACTIVITY
trip:ea684dba,activity:288bc775,HAS_ACTIVITY
trip:ea684dba,activity:ce0db610,HAS_ACTIVITY
trip:ea684dba,restaurant:814944f2,HAS_RESTAURANT
trip:ea684dba,restaurant:3b4b20ac,HAS_RESTAURANT
trip:ea684dba,restaurant:18331a56,HAS_RESTAURANT
trip:0daeab7e,city:a2c4140a,HAS_CITY
trip:0daeab7e,country:a2c4140a,HAS_COUNTRY
trip:0daeab7e,hotel:768d24bf,HAS_HOTEL
trip:0daeab7e,hotel:0d448ea3,HAS_HOTEL
trip:0daeab7e,activity:b5b044de,HAS_ACTIVITY
trip:0daeab7e,activity:7818c4f5,HAS_ACTIVITY
trip:0daeab7e,activity:67a5d979,HAS_ACTIVITY
trip:0daeab7e,activity:184df9ef,HAS_ACTIVITY
trip:0daeab7e,activity:d82de52c,HAS_ACTIVITY
trip:0daeab7e,activity:2c76611d,HAS_ACTIVITY
trip:0daeab7e,activity:63afd8ba,HAS_ACTIVITY
trip:0daeab7e,activity:0b086ab5,HAS_ACTIVITY
trip:f3699f7b,city:78ac9a03,HAS_CITY
trip:f3699f7b,city:7fb3f60c,HAS_CITY
trip:f3699f7b,city:705776f1,HAS_CITY
trip:f3699f7b,city:6d3ff39c,HAS_CITY
trip:f3699f7b,country:dc300813,HAS_COUNTRY
trip:f3699f7b,hotel:e0e04ef2,HAS_HOTEL
trip:f3699f7b,activity:29ef753a,HAS_ACTIVITY
trip:f3699f7b,activity:98b392b2,HAS_ACTIVITY
trip:f3699f7b,activity:ee7e5c33,HAS_ACTIVITY
trip:f3699f7b,activity:ec201b94,HAS_ACTIVITY
trip:f3699f7b,activity:166c4f61,HAS_ACTIVITY
trip:f3699f7b,activity:afcc9fd4,HAS_ACTIVITY
trip:f3699f7b,activity:3787334c,HAS_ACTIVITY
trip:f3699f7b,activity:901489e5,HAS_ACTIVITY
trip:f3699f7b,activity:86d5d292,HAS_ACTIVITY
trip:f3699f7b,activity:31175c14,HAS_ACTIVITY
trip:f3699f7b,activity:4cdbed35,HAS_ACTIVITY
trip:5a5360b7,city:fbf968d5,HAS_CITY
trip:5a5360b7,city:82a8f10c,HAS_CITY
trip:5a5360b7,country:51b99634,HAS_COUNTRY
trip:5a5360b7,hotel:9cd92f6a,HAS_HOTEL
trip:5a5360b7,restaurant:5e26c087,HAS_RESTAURANT
trip:5a5360b7,restaurant:87218ca0,HAS_RESTAURANT
trip:5a5360b7,restaurant:9c97838a,HAS_RESTAURANT
trip:5a5360b7,restaurant:decdc5ce,HAS_RESTAURANT
trip:5a5360b7,restaurant:b6c05d57,HAS_RESTAURANT
trip:5a5360b7,restaurant:ef8ba1c0,HAS_RESTAURANT
trip:5a5360b7,restaurant:6de19d23,HAS_RESTAURANT
trip:cbe87c1e,city:0258f687,HAS_CITY
trip:cbe87c1e,country:0258f687,HAS_COUNTRY
trip:cbe87c1e,hotel:5f0d0789,HAS_HOTEL
trip:cbe87c1e,hotel:190db616,HAS_HOTEL
trip:cbe87c1e,hotel:238fdb9a,HAS_HOTEL
trip:4dc4a8b8,city:30067789,HAS_CITY
trip:4dc4a8b8,city:5e61b501,HAS_CITY
trip:4dc4a8b8,city:af942806,HAS_CITY
trip:4dc4a8b8,country:d20eefa8,HAS_COUNTRY
trip:4dc4a8b8,hotel:2de89629,HAS_HOTEL
trip:4dc4a8b8,hotel:ec925b7a,HAS_HOTEL
trip:4dc4a8b8,activity:7426549a,HAS_ACTIVITY
trip:4dc4a8b8,activity:71750007,HAS_ACTIVITY
trip:4dc4a8b8,activity:e9f33b77,HAS_ACTIVITY
trip:6729863a,city:dea56e47,HAS_CITY
trip:6729863a,country:1747d4b2,HAS_COUNTRY
trip:6729863a,activity:fdbe069f,HAS_ACTIVITY
trip:6729863a,activity:d85db24f,HAS_ACTIVITY
trip:6729863a,activity:46608195,HAS_ACTIVITY
trip:6729863a,activity:0c3636a4,HAS_ACTIVITY
trip:6729863a,activity:ff4757d7,HAS_ACTIVITY
trip:6729863a,restaurant:b7d63149,HAS_RESTAURANT
trip:6729863a,restaurant:6e110fce,HAS_RESTAURANT
trip:6729863a,restaurant:ac7e19ac,HAS_RESTAURANT
trip:35868ba9,city:72913ebb,HAS_CITY
trip:35868ba9,city:4fde1869,HAS_CITY
trip:35868ba9,city:156a5a30,HAS_CITY
trip:35868ba9,city:2cbe0da3,HAS_CITY
trip:35868ba9,country:1747d4b2,HAS_COUNTRY
trip:35868ba9,country:bb116538,HAS_COUNTRY
trip:35868ba9,hotel:f7e08311,HAS_HOTEL
trip:35868ba9,activity:ce078d3a,HAS_ACTIVITY
trip:35868ba9,activity:42b77812,HAS_ACTIVITY
trip:35868ba9,activity:f9108cca,HAS_ACTIVITY
trip:35868ba9,activity:6663b3d9,HAS_ACTIVITY
trip:35868ba9,restaurant:89c902de,HAS_RESTAURANT
trip:35868ba9,restaurant:7d5a0398,HAS_RESTAURANT
trip:35868ba9,restaurant:2327c809,HAS_RESTAURANT
trip:3c14a6de,city:519d71b3,HAS_CITY
trip:3c14a6de,city:46659217,HAS_CITY
trip:3c14a6de,city:7b0adbab,HAS_CITY
trip:3c14a6de,city:ebc7824e,HAS_CITY
trip:3c14a6de,city:fa560cb7,HAS_CITY
trip:3c14a6de,city:35f89832,HAS_CITY
trip:3c14a6de,city:faf16fe4,HAS_CITY
trip:3c14a6de,city:a8113a9b,HAS_CITY
trip:3c14a6de,country:aa06e5ae,HAS_COUNTRY
trip:3c14a6de,country:56f7de13,HAS_COUNTRY
trip:3c14a6de,country:519d71b3,HAS_COUNTRY
trip:3c14a6de,hotel:215b83e5,HAS_HOTEL
trip:3c14a6de,hotel:39a87307,HAS_HOTEL
trip:3c14a6de,hotel:70442d22,HAS_HOTEL
trip:3c14a6de,hotel:35f6a065,HAS_HOTEL
trip:3c14a6de,hotel:8f57ecdd,HAS_HOTEL
trip:3c14a6de,hotel:880f0e9e,HAS_HOTEL
trip:3c14a6de,hotel:d51aacf1,HAS_HOTEL
trip:3c14a6de,activity:58ef5030,HAS_ACTIVITY
trip:3c14a6de,activity:ad1aa395,HAS_ACTIVITY
trip:3c14a6de,activity:9358e116,HAS_ACTIVITY
trip:3c14a6de,activity:d88b0494,HAS_ACTIVITY
trip:3c14a6de,activity:bb8a83b6,HAS_ACTIVITY
trip:3c14a6de,activity:69fa9c57,HAS_ACTIVITY
trip:3c14a6de,activity:7c79f5eb,HAS_ACTIVITY
trip:3c14a6de,activity:13de3118,HAS_ACTIVITY
trip:3c14a6de,activity:a3ff8503,HAS_ACTIVITY
trip:c762abe4,city:24d54538,HAS_CITY
trip:c762abe4,city:b90bbd2b,HAS_CITY
trip:c762abe4,country:13175c72,HAS_COUNTRY
trip:c762abe4,country:d1fa54da,HAS_COUNTRY
trip:c762abe4,hotel:cd4ae2a2,HAS_HOTEL
trip:c762abe4,hotel:1435df7b,HAS_HOTEL
trip:c762abe4,activity:348f8f36,HAS_ACTIVITY
trip:c762abe4,restaurant:b148a02a,HAS_RESTAURANT
trip:c762abe4,restaurant:4660cc04,HAS_RESTAURANT
trip:6c1155ed,city:e1e67c3a,HAS_CITY
trip:6c1155ed,city:a2801999,HAS_CITY
trip:6c1155ed,city:d568dddb,HAS_CITY
trip:6c1155ed,city:8cfbfaef,HAS_CITY
trip:6c1155ed,country:1ffe54df,HAS_COUNTRY
trip:6c1155ed,country:c1c8cbd1,HAS_COUNTRY
trip:6c1155ed,hotel:9f8a8ec5,HAS_HOTEL
trip:6c1155ed,hotel:a0780b3c,HAS_HOTEL
trip:6c1155ed,hotel:8f3efdf8,HAS_HOTEL
trip:6c1155ed,activity:be0ac9a8,HAS_ACTIVITY
trip:6c1155ed,activity:4d5a39b8,HAS_ACTIVITY
trip:6c1155ed,activity:117df42d,HAS_ACTIVITY
trip:6c1155ed,activity:7f036fd0,HAS_ACTIVITY
trip:6c1155ed,activity:2ac11792,HAS_ACTIVITY
trip:6c1155ed,activity:5927b8aa,HAS_ACTIVITY
trip:6c1155ed,activity:7a2d702e,HAS_ACTIVITY
trip:6c1155ed,activity:39530a2e,HAS_ACTIVITY
trip:6c1155ed,restaurant:1a45707f,HAS_RESTAURANT
trip:6c1155ed,restaurant:4fb84f01,HAS_RESTAURANT
trip:6c1155ed,restaurant:ae72d583,HAS_RESTAURANT
trip:6c1155ed,restaurant:7da81ca0,HAS_RESTAURANT
trip:6c1155ed,restaurant:80324e66,HAS_RESTAURANT
trip:1386a590,city:78ac9a03,HAS_CITY
trip:1386a590,city:705776f1,HAS_CITY
trip:1386a590,city:44b312ab,HAS_CITY
trip:1386a590,city:5e61b501,HAS_CITY
trip:1386a590,country:dc300813,HAS_COUNTRY
trip:1386a590,country:bbf10071,HAS_COUNTRY
trip:1386a590,hotel:6d3de166,HAS_HOTEL
trip:1386a590,hotel:55e9c598,HAS_HOTEL
trip:1386a590,hotel:a4143a2c,HAS_HOTEL
trip:1386a590,activity:feb826a2,HAS_ACTIVITY
trip:1386a590,activity:65106f31,HAS_ACTIVITY
trip:1386a590,activity:b7433ea8,HAS_ACTIVITY
trip:1386a590,activity:dfc6ead3,HAS_ACTIVITY
trip:1386a590,activity:6e9bd3b0,HAS_ACTIVITY
trip:1386a590,activity:b33238f1,HAS_ACTIVITY
trip:1386a590,activity:250b4ff4,HAS_ACTIVITY
trip:1386a590,activity:a0af9277,HAS_ACTIVITY
trip:1386a590,activity:6f2f151e,HAS_ACTIVITY
trip:1386a590,activity:ce78b09d,HAS_ACTIVITY
trip:1386a590,activity:a180db12,HAS_ACTIVITY
trip:1386a590,activity:608cad13,HAS_ACTIVITY
trip:1386a590,activity:6cdcf22b,HAS_ACTIVITY
trip:1386a590,activity:a0ce0ada,HAS_ACTIVITY
trip:1386a590,activity:2abd46b7,HAS_ACTIVITY
trip:1386a590,activity:cd93b24c,HAS_ACTIVITY
trip:1386a590,activity:58d9ea33,HAS_ACTIVITY
trip:1386a590,restaurant:3cc37ca3,HAS_RESTAURANT
trip:0e18fbdd,city:ef0cc10f,HAS_CITY
trip:0e18fbdd,city:e2163ac5,HAS_CITY
trip:0e18fbdd,city:e27d6ba3,HAS_CITY
trip:0e18fbdd,city:746b6431,HAS_CITY
trip:0e18fbdd,city:97b43156,HAS_CITY
trip:0e18fbdd,country:e75811bf,HAS_COUNTRY
trip:0e18fbdd,hotel:eb6451eb,HAS_HOTEL
trip:0e18fbdd,hotel:745c3f84,HAS_HOTEL
trip:0e18fbdd,hotel:8254ce12,HAS_HOTEL
trip:0e18fbdd,activity:3646361c,HAS_ACTIVITY
trip:0e18fbdd,activity:09275067,HAS_ACTIVITY
trip:0e18fbdd,activity:a63d7aa0,HAS_ACTIVITY
trip:0e18fbdd,activity:efcaa3ad,HAS_ACTIVITY
trip:0e18fbdd,activity:31c25394,HAS_ACTIVITY
trip:0e18fbdd,activity:ea1f049b,HAS_ACTIVITY
trip:0e18fbdd,activity:13232b50,HAS_ACTIVITY
trip:0e18fbdd,activity:a8f4121d,HAS_ACTIVITY
trip:0e18fbdd,activity:43b6d26d,HAS_ACTIVITY
trip:0e18fbdd,activity:40581644,HAS_ACTIVITY
trip:0e18fbdd,activity:d0f3b3e6,HAS_ACTIVITY
trip:0e18fbdd,activity:ff44a86c,HAS_ACTIVITY
trip:0e18fbdd,activity:c716e343,HAS_ACTIVITY
trip:0e18fbdd,activity:4d03bd93,HAS_ACTIVITY
trip:e536d1ce,city:08716495,HAS_CITY
trip:e536d1ce,city:a199d80b,HAS_CITY
trip:e536d1ce,country:24b0fd39,HAS_COUNTRY
trip:e536d1ce,hotel:9d5f8614,HAS_HOTEL
trip:e536d1ce,hotel:e5372220,HAS_HOTEL
trip:e536d1ce,hotel:66cf235f,HAS_HOTEL
trip:e536d1ce,activity:79dcb924,HAS_ACTIVITY
trip:e536d1ce,activity:e237022e,HAS_ACTIVITY
trip:ee119ccc,city:e1aed712,HAS_CITY
trip:ee119ccc,city:d555cec1,HAS_CITY
trip:ee119ccc,city:b9b96f11,HAS_CITY
trip:ee119ccc,country:006a24da,HAS_COUNTRY
trip:ee119ccc,hotel:78449985,HAS_HOTEL
trip:ee119ccc,hotel:9ec58d6c,HAS_HOTEL
trip:ee119ccc,activity:299b975a,HAS_ACTIVITY
trip:ee119ccc,activity:3d0345f5,HAS_ACTIVITY
trip:ee119ccc,activity:f24c5e94,HAS_ACTIVITY
trip:ee119ccc,activity:f123119a,HAS_ACTIVITY
trip:ee119ccc,activity:864785e2,HAS_ACTIVITY
trip:ee119ccc,activity:94ea8928,HAS_ACTIVITY
trip:ee119ccc,activity:fb649c99,HAS_ACTIVITY
trip:ee119ccc,activity:4d815b26,HAS_ACTIVITY
trip:ee119ccc,activity:5151bca1,HAS_ACTIVITY
trip:ee119ccc,activity:c6036c89,HAS_ACTIVITY
trip:ee119ccc,activity:002d155d,HAS_ACTIVITY
trip:ee119ccc,activity:69cc7600,HAS_ACTIVITY
trip:c2ece4e6,city:f36a22c2,HAS_CITY
trip:c2ece4e6,city:a99a00f6,HAS_CITY
trip:c2ece4e6,city:87407e3d,HAS_CITY
trip:c2ece4e6,city:81bd8fe3,HAS_CITY
trip:c2ece4e6,city:25a0f29d,HAS_CITY
trip:c2ece4e6,country:51b99634,HAS_COUNTRY
trip:c2ece4e6,hotel:297e43a0,HAS_HOTEL
trip:c2ece4e6,hotel:2f8e7540,HAS_HOTEL
trip:c2ece4e6,activity:cbc4ed2f,HAS_ACTIVITY
trip:c2ece4e6,activity:5f0a9010,HAS_ACTIVITY
trip:c2ece4e6,activity:c497c14c,HAS_ACTIVITY
trip:c2ece4e6,activity:37c5c4eb,HAS_ACTIVITY
trip:c2ece4e6,activity:d00d8ce4,HAS_ACTIVITY
trip:c2ece4e6,activity:16fb5c7f,HAS_ACTIVITY
trip:c2ece4e6,activity:8246fad9,HAS_ACTIVITY
trip:c2ece4e6,activity:88b81cd2,HAS_ACTIVITY
trip:c2ece4e6,activity:e1c15821,HAS_ACTIVITY
trip:c2ece4e6,activity:b1e1f4f0,HAS_ACTIVITY
trip:c2ece4e6,activity:3f475a74,HAS_ACTIVITY
trip:c2ece4e6,activity:f3c06230,HAS_ACTIVITY
trip:c2ece4e6,activity:a39c0fd9,HAS_ACTIVITY
trip:c2ece4e6,activity:5b8054f5,HAS_ACTIVITY
trip:c2ece4e6,activity:aa073889,HAS_ACTIVITY
trip:c2ece4e6,activity:0a8d2f40,HAS_ACTIVITY
trip:c2ece4e6,activity:3c965fb7,HAS_ACTIVITY
trip:c2ece4e6,activity:5e59e4d2,HAS_ACTIVITY
trip:c2ece4e6,activity:89f03ce9,HAS_ACTIVITY
trip:6c28cde7,city:68b334d6,HAS_CITY
trip:6c28cde7,city:3c4dce9a,HAS_CITY
trip:6c28cde7,city:847ecbcc,HAS_CITY
trip:6c28cde7,city:504a995b,HAS_CITY
trip:6c28cde7,country:bb116538,HAS_COUNTRY
trip:6c28cde7,activity:f3b2b83c,HAS_ACTIVITY
trip:6c28cde7,activity:cfbbe128,HAS_ACTIVITY
trip:6c28cde7,activity:b37acf9d,HAS_ACTIVITY
trip:6c28cde7,activity:4180f5dd,HAS_ACTIVITY
trip:6c28cde7,activity:a23e6f14,HAS_ACTIVITY
trip:6c28cde7,activity:44864a8e,HAS_ACTIVITY
trip:6c28cde7,activity:2f0fb3e2,HAS_ACTIVITY
trip:6c28cde7,activity:e7db4471,HAS_ACTIVITY
trip:6c28cde7,activity:96a8de46,HAS_ACTIVITY
trip:6c28cde7,restaurant:02db0368,HAS_RESTAURANT
trip:6c28cde7,restaurant:1d0ca7fa,HAS_RESTAURANT
trip:51fa48d3,city:ce908128,HAS_CITY
trip:51fa48d3,city:4a09693d,HAS_CITY
trip:51fa48d3,city:68b334d6,HAS_CITY
trip:51fa48d3,city:847ecbcc,HAS_CITY
trip:51fa48d3,city:504a995b,HAS_CITY
trip:51fa48d3,country:2513f1e6,HAS_COUNTRY
trip:51fa48d3,country:bb116538,HAS_COUNTRY
trip:51fa48d3,hotel:a0f85876,HAS_HOTEL
trip:51fa48d3,hotel:eb3ea50b,HAS_HOTEL
trip:51fa48d3,hotel:0559c09a,HAS_HOTEL
trip:51fa48d3,hotel:e8d774c3,HAS_HOTEL
trip:51fa48d3,activity:750cf5cb,HAS_ACTIVITY
trip:51fa48d3,activity:13fabd5c,HAS_ACTIVITY
trip:51fa48d3,activity:f3b2b83c,HAS_ACTIVITY
trip:51fa48d3,activity:44864a8e,HAS_ACTIVITY
trip:51fa48d3,activity:f9dd5bf2,HAS_ACTIVITY
trip:51fa48d3,activity:b37acf9d,HAS_ACTIVITY
trip:51fa48d3,activity:a23e6f14,HAS_ACTIVITY
trip:51fa48d3,activity:2f0fb3e2,HAS_ACTIVITY
trip:51fa48d3,activity:45e57fcf,HAS_ACTIVITY
trip:8da427f6,city:f36a22c2,HAS_CITY
trip:8da427f6,country:51b99634,HAS_COUNTRY
trip:8da427f6,activity:d646c53b,HAS_ACTIVITY
trip:b99148a4,city:f2646aa0,HAS_CITY
trip:b99148a4,city:02c24da9,HAS_CITY
trip:b99148a4,city:99bbb76e,HAS_CITY
trip:b99148a4,city:070cc741,HAS_CITY
trip:b99148a4,country:acdb1cea,HAS_COUNTRY
trip:b99148a4,country:5b44d891,HAS_COUNTRY
trip:b99148a4,hotel:0ab16a8d,HAS_HOTEL
trip:b99148a4,hotel:83ab1624,HAS_HOTEL
trip:b99148a4,hotel:cfea8674,HAS_HOTEL
trip:b99148a4,activity:1a41de29,HAS_ACTIVITY
trip:b99148a4,activity:3d6b9b71,HAS_ACTIVITY
trip:b99148a4,activity:0dbe7051,HAS_ACTIVITY
trip:b99148a4,activity:57058155,HAS_ACTIVITY
trip:b99148a4,activity:8eadecd7,HAS_ACTIVITY
trip:b99148a4,activity:ca819b26,HAS_ACTIVITY
trip:b99148a4,activity:f134b920,HAS_ACTIVITY
trip:b99148a4,activity:9a134ddb,HAS_ACTIVITY
trip:b99148a4,activity:e8bf0cd8,HAS_ACTIVITY
trip:b99148a4,activity:f02a40cd,HAS_ACTIVITY
trip:b99148a4,activity:2e211399,HAS_ACTIVITY
trip:b99148a4,restaurant:c2a8a591,HAS_RESTAURANT
trip:b99148a4,restaurant:3d8c307b,HAS_RESTAURANT
trip:6331c61e,city:206f16df,HAS_CITY
trip:6331c61e,city:fe4a0852,HAS_CITY
trip:6331c61e,city:b72f7445,HAS_CITY
trip:6331c61e,country:624541ec,HAS_COUNTRY
trip:6331c61e,hotel:e80935cb,HAS_HOTEL
trip:6331c61e,hotel:1cfd74da,HAS_HOTEL
trip:6331c61e,activity:16cfc673,HAS_ACTIVITY
trip:6331c61e,activity:12c98a28,HAS_ACTIVITY
trip:6331c61e,activity:94d3c222,HAS_ACTIVITY
trip:6331c61e,activity:95093574,HAS_ACTIVITY
trip:6331c61e,activity:a4b8e6cd,HAS_ACTIVITY
trip:6331c61e,activity:6c6e8778,HAS_ACTIVITY
trip:6331c61e,activity:85c8e568,HAS_ACTIVITY
trip:6331c61e,activity:93628a77,HAS_ACTIVITY
trip:6331c61e,activity:4106a0f4,HAS_ACTIVITY
trip:6331c61e,activity:670413e4,HAS_ACTIVITY
trip:6331c61e,activity:3c6005ac,HAS_ACTIVITY
trip:6331c61e,activity:48b452a6,HAS_ACTIVITY
trip:6331c61e,activity:428a67c6,HAS_ACTIVITY
trip:6331c61e,activity:65a995cc,HAS_ACTIVITY
trip:6331c61e,restaurant:ced2626f,HAS_RESTAURANT
trip:e013a120,city:2609eaea,HAS_CITY
trip:e013a120,city:341c9da8,HAS_CITY
trip:e013a120,city:abbbddb7,HAS_CITY
trip:e013a120,city:63072c11,HAS_CITY
trip:e013a120,city:682a1729,HAS_CITY
trip:e013a120,city:fe6eb335,HAS_CITY
trip:e013a120,country:bb3db6b1,HAS_COUNTRY
trip:e013a120,activity:223fff80,HAS_ACTIVITY
trip:e013a120,activity:40a62e79,HAS_ACTIVITY
trip:e013a120,activity:63f4ae10,HAS_ACTIVITY
trip:e013a120,activity:77f73e20,HAS_ACTIVITY
trip:e013a120,activity:c727b6e9,HAS_ACTIVITY
trip:e013a120,activity:c43a32f7,HAS_ACTIVITY
trip:e013a120,activity:d28f758c,HAS_ACTIVITY
trip:e013a120,activity:5976ce2c,HAS_ACTIVITY
trip:e013a120,activity:b0001045,HAS_ACTIVITY
trip:e013a120,activity:aa8036ae,HAS_ACTIVITY
trip:e013a120,activity:65587759,HAS_ACTIVITY
trip:e013a120,activity:6f8e0555,HAS_ACTIVITY
trip:e013a120,activity:2a881245,HAS_ACTIVITY
trip:e013a120,activity:7eb3377f,HAS_ACTIVITY
trip:e013a120,activity:e5c72caa,HAS_ACTIVITY
trip:e013a120,activity:2e9b3be9,HAS_ACTIVITY
trip:e013a120,activity:a525fccb,HAS_ACTIVITY
trip:e013a120,activity:fae05571,HAS_ACTIVITY
trip:e013a120,activity:074dacfb,HAS_ACTIVITY
trip:e013a120,activity:1d4de25b,HAS_ACTIVITY
trip:e013a120,activity:2e77ca01,HAS_ACTIVITY
trip:e013a120,restaurant:e56cf841,HAS_RESTAURANT
trip:e013a120,restaurant:c303ae53,HAS_RESTAURANT
trip:e013a120,restaurant:16a04f19,HAS_RESTAURANT
trip:e013a120,restaurant:673ca113,HAS_RESTAURANT
trip:584b37ad,city:01cdc81c,HAS_CITY
trip:584b37ad,city:d7b9f8f3,HAS_CITY
trip:584b37ad,city:5c2c5a8d,HAS_CITY
trip:584b37ad,city:b2404cee,HAS_CITY
trip:584b37ad,country:267d6b62,HAS_COUNTRY
trip:584b37ad,hotel:9492d529,HAS_HOTEL
trip:584b37ad,hotel:8f8ebbb6,HAS_HOTEL
trip:584b37ad,hotel:6ecf704f,HAS_HOTEL
trip:584b37ad,hotel:9c653e05,HAS_HOTEL
trip:584b37ad,activity:dbbb0cd8,HAS_ACTIVITY
trip:584b37ad,activity:fdf8c8ac,HAS_ACTIVITY
trip:584b37ad,activity:711b9a68,HAS_ACTIVITY
trip:584b37ad,activity:f8731b2e,HAS_ACTIVITY
trip:584b37ad,activity:e7917b51,HAS_ACTIVITY
trip:584b37ad,activity:3e919d4f,HAS_ACTIVITY
trip:584b37ad,activity:ad4b167b,HAS_ACTIVITY
trip:584b37ad,activity:97b36204,HAS_ACTIVITY
trip:584b37ad,restaurant:1a1f5e18,HAS_RESTAURANT
trip:584b37ad,restaurant:8fc65e17,HAS_RESTAURANT
trip:9cf97533,city:b90bbd2b,HAS_CITY
trip:9cf97533,city:8e3fbec4,HAS_CITY
trip:9cf97533,city:319e1ea2,HAS_CITY
trip:9cf97533,country:d1fa54da,HAS_COUNTRY
trip:9cf97533,hotel:027012ef,HAS_HOTEL
trip:9cf97533,activity:1c78522b,HAS_ACTIVITY
trip:9cf97533,activity:198c0b38,HAS_ACTIVITY
trip:9cf97533,activity:b82464b7,HAS_ACTIVITY
trip:9cf97533,activity:9483beea,HAS_ACTIVITY
trip:9cf97533,activity:b1384d9e,HAS_ACTIVITY
trip:9cf97533,activity:27846d43,HAS_ACTIVITY
trip:9cf97533,activity:2fd30f5d,HAS_ACTIVITY
trip:9cf97533,activity:f0d10751,HAS_ACTIVITY
trip:9cf97533,activity:a5f37da5,HAS_ACTIVITY
trip:9cf97533,activity:693933dc,HAS_ACTIVITY
trip:9cf97533,activity:baf63dd1,HAS_ACTIVITY
trip:9cf97533,activity:b15dbae6,HAS_ACTIVITY
trip:9cf97533,activity:14655908,HAS_ACTIVITY
trip:9cf97533,activity:6ba5e0da,HAS_ACTIVITY
trip:9cf97533,activity:0238a802,HAS_ACTIVITY
trip:9cf97533,activity:3c3cc140,HAS_ACTIVITY
trip:9cf97533,restaurant:65cc3e7a,HAS_RESTAURANT
trip:9cf97533,restaurant:3ec20ca8,HAS_RESTAURANT
trip:9cf97533,restaurant:c3bf4d99,HAS_RESTAURANT
trip:9cf97533,restaurant:1145698c,HAS_RESTAURANT
trip:9cf97533,restaurant:71337f99,HAS_RESTAURANT
trip:9cf97533,restaurant:af40d435,HAS_RESTAURANT
trip:1e1baac2,city:ef0cc10f,HAS_CITY
trip:1e1baac2,city:d4be856c,HAS_CITY
trip:1e1baac2,city:e27d6ba3,HAS_CITY
trip:1e1baac2,city:bb8b20c9,HAS_CITY
trip:1e1baac2,city:746b6431,HAS_CITY
trip:1e1baac2,city:97b43156,HAS_CITY
trip:1e1baac2,country:e75811bf,HAS_COUNTRY
trip:1e1baac2,hotel:c406c31a,HAS_HOTEL
trip:1e1baac2,hotel:ff44a86c,HAS_HOTEL
trip:1e1baac2,activity:4e64e0d2,HAS_ACTIVITY
trip:1e1baac2,activity:9e0eacda,HAS_ACTIVITY
trip:1e1baac2,activity:e662924d,HAS_ACTIVITY
trip:1e1baac2,activity:cfc5a6db,HAS_ACTIVITY
trip:1e1baac2,activity:3bac2586,HAS_ACTIVITY
trip:1e1baac2,activity:6a815a8b,HAS_ACTIVITY
trip:1e1baac2,activity:7a170f3f,HAS_ACTIVITY
trip:1e1baac2,activity:bfc34f9e,HAS_ACTIVITY
trip:1e1baac2,activity:e09cb891,HAS_ACTIVITY
trip:1e1baac2,activity:8405994b,HAS_ACTIVITY
trip:1e1baac2,activity:3ffc366c,HAS_ACTIVITY
trip:1e1baac2,activity:94dfcef6,HAS_ACTIVITY
trip:1e1baac2,activity:297cecda,HAS_ACTIVITY
trip:1e1baac2,activity:906fe54d,HAS_ACTIVITY
trip:1e1baac2,activity:7cfe6053,HAS_ACTIVITY
trip:1e1baac2,activity:6d2d1bc2,HAS_ACTIVITY
trip:1e1baac2,activity:2b15ac43,HAS_ACTIVITY
trip:1e1baac2,activity:752820e3,HAS_ACTIVITY
trip:1e1baac2,activity:c69419b4,HAS_ACTIVITY
trip:1e1baac2,activity:4c704993,HAS_ACTIVITY
trip:1e1baac2,activity:ff44a86c,HAS_ACTIVITY
trip:1e1baac2,activity:43b6d26d,HAS_ACTIVITY
trip:1e1baac2,activity:d0f3b3e6,HAS_ACTIVITY
trip:1e1baac2,activity:c716e343,HAS_ACTIVITY
trip:1e1baac2,activity:a0728eac,HAS_ACTIVITY
trip:929d059d,city:74b004fd,HAS_CITY
trip:929d059d,city:a76b712f,HAS_CITY
trip:929d059d,city:22eb4ae9,HAS_CITY
trip:929d059d,city:a1690cad,HAS_CITY
trip:929d059d,country:bb116538,HAS_COUNTRY
trip:929d059d,activity:e5b64203,HAS_ACTIVITY
trip:929d059d,activity:b848ace1,HAS_ACTIVITY
trip:929d059d,activity:c44d954b,HAS_ACTIVITY
trip:929d059d,activity:2be876c8,HAS_ACTIVITY
trip:929d059d,activity:aa036175,HAS_ACTIVITY
trip:929d059d,activity:3cd675b4,HAS_ACTIVITY
trip:929d059d,activity:6d68c82a,HAS_ACTIVITY
trip:929d059d,restaurant:10bc6cff,HAS_RESTAURANT
trip:929d059d,restaurant:fe728f67,HAS_RESTAURANT
trip:929d059d,restaurant:268582a2,HAS_RESTAURANT
trip:ca6c3f28,city:53b93733,HAS_CITY
trip:ca6c3f28,city:f39f1f6f,HAS_CITY
trip:ca6c3f28,city:ca9b8c4b,HAS_CITY
trip:ca6c3f28,city:bda8694d,HAS_CITY
trip:ca6c3f28,city:9f3854d4,HAS_CITY
trip:ca6c3f28,city:72fa0f93,HAS_CITY
trip:ca6c3f28,country:51b99634,HAS_COUNTRY
trip:ca6c3f28,hotel:393586a9,HAS_HOTEL
trip:ca6c3f28,activity:a999e171,HAS_ACTIVITY
trip:ca6c3f28,activity:429fc857,HAS_ACTIVITY
trip:ca6c3f28,activity:220c2088,HAS_ACTIVITY
trip:ca6c3f28,activity:549b034b,HAS_ACTIVITY
trip:ca6c3f28,activity:ea2308b7,HAS_ACTIVITY
trip:ca6c3f28,activity:d95621fe,HAS_ACTIVITY
trip:ca6c3f28,activity:ad05f992,HAS_ACTIVITY
trip:ca6c3f28,activity:c767837a,HAS_ACTIVITY
trip:ca6c3f28,activity:f0223773,HAS_ACTIVITY
trip:ca6c3f28,activity:01665fba,HAS_ACTIVITY
trip:ca6c3f28,activity:c58ddfba,HAS_ACTIVITY
trip:ca6c3f28,activity:c3b57cc8,HAS_ACTIVITY
trip:ca6c3f28,activity:f03ef433,HAS_ACTIVITY
trip:ca6c3f28,activity:3017d6c5,HAS_ACTIVITY
trip:ca6c3f28,activity:5d809466,HAS_ACTIVITY
trip:ca6c3f28,activity:6fc7a781,HAS_ACTIVITY
trip:eaf53a20,city:a15db730,HAS_CITY
trip:eaf53a20,city:47e4dfc3,HAS_CITY
trip:eaf53a20,city:6881b6df,HAS_CITY
trip:eaf53a20,city:f7479b34,HAS_CITY
trip:eaf53a20,city:185f1e5f,HAS_CITY
trip:eaf53a20,city:22eb4ae9,HAS_CITY
trip:eaf53a20,city:74b004fd,HAS_CITY
trip:eaf53a20,country:bb116538,HAS_COUNTRY
trip:eaf53a20,activity:825104cc,HAS_ACTIVITY
trip:eaf53a20,activity:a68de59f,HAS_ACTIVITY
trip:eaf53a20,activity:09e73093,HAS_ACTIVITY
trip:eaf53a20,activity:cb216327,HAS_ACTIVITY
trip:eaf53a20,activity:1742e4a6,HAS_ACTIVITY
trip:eaf53a20,activity:3cd675b4,HAS_ACTIVITY
trip:eaf53a20,activity:5ffa8a7f,HAS_ACTIVITY
trip:eaf53a20,restaurant:489285d6,HAS_RESTAURANT
trip:eaf53a20,restaurant:d8c82b6f,HAS_RESTAURANT
trip:f8242132,city:fbf968d5,HAS_CITY
trip:f8242132,country:51b99634,HAS_COUNTRY
trip:f8242132,activity:cd2242e1,HAS_ACTIVITY
trip:f8242132,activity:0485b208,HAS_ACTIVITY
trip:f8242132,activity:439d5c30,HAS_ACTIVITY
trip:f8242132,activity:a7c1ee60,HAS_ACTIVITY
trip:f8242132,restaurant:dabb5dd3,HAS_RESTAURANT
trip:79aebc5f,city:3c40d285,HAS_CITY
trip:79aebc5f,country:9b32b0b4,HAS_COUNTRY
trip:79aebc5f,hotel:316a03ea,HAS_HOTEL
trip:79aebc5f,activity:ec80fd3b,HAS_ACTIVITY
trip:79aebc5f,activity:e89c43df,HAS_ACTIVITY
trip:79aebc5f,activity:19320cf1,HAS_ACTIVITY
trip:79aebc5f,restaurant:c4070c75,HAS_RESTAURANT
trip:3748d9bb,city:63072c11,HAS_CITY
trip:3748d9bb,city:682a1729,HAS_CITY
trip:3748d9bb,city:313be506,HAS_CITY
trip:3748d9bb,country:bb3db6b1,HAS_COUNTRY
trip:3748d9bb,hotel:b04cec0b,HAS_HOTEL
trip:3748d9bb,activity:66579419,HAS_ACTIVITY
trip:3748d9bb,activity:8ae353bf,HAS_ACTIVITY
trip:3748d9bb,activity:e6f2f445,HAS_ACTIVITY
trip:3748d9bb,activity:ee62c501,HAS_ACTIVITY
trip:3748d9bb,activity:bc8b2bc1,HAS_ACTIVITY
trip:3748d9bb,activity:363a1413,HAS_ACTIVITY
trip:3748d9bb,activity:15107afb,HAS_ACTIVITY
trip:3748d9bb,activity:e5c54b13,HAS_ACTIVITY
trip:3748d9bb,activity:d875e2ae,HAS_ACTIVITY
trip:3748d9bb,activity:25753de3,HAS_ACTIVITY
trip:3748d9bb,activity:faaed0c5,HAS_ACTIVITY
trip:3748d9bb,restaurant:04cc4a25,HAS_RESTAURANT
trip:3748d9bb,restaurant:c112cd73,HAS_RESTAURANT
trip:850f756c,city:b7827ac0,HAS_CITY
trip:850f756c,city:7611c61b,HAS_CITY
trip:850f756c,city:086bc7c0,HAS_CITY
trip:850f756c,city:f0ad4ba3,HAS_CITY
trip:850f756c,city:948d97a5,HAS_CITY
trip:850f756c,city:ef3df1af,HAS_CITY
trip:850f756c,city:11028352,HAS_CITY
trip:850f756c,city:60d99e58,HAS_CITY
trip:850f756c,country:51b99634,HAS_COUNTRY
trip:850f756c,hotel:19670d0a,HAS_HOTEL
trip:850f756c,activity:e6fe959a,HAS_ACTIVITY
trip:850f756c,activity:f56256cf,HAS_ACTIVITY
trip:850f756c,activity:69e66f85,HAS_ACTIVITY
trip:850f756c,activity:c64e6284,HAS_ACTIVITY
trip:850f756c,activity:af99017f,HAS_ACTIVITY
trip:850f756c,activity:7097819b,HAS_ACTIVITY
trip:850f756c,activity:292ee036,HAS_ACTIVITY
trip:850f756c,activity:ca6c4ba7,HAS_ACTIVITY
trip:850f756c,activity:e5803ffa,HAS_ACTIVITY
trip:850f756c,activity:5393f0aa,HAS_ACTIVITY
trip:850f756c,activity:aa8d6fa5,HAS_ACTIVITY
trip:850f756c,restaurant:615f34eb,HAS_RESTAURANT
trip:850f756c,restaurant:e5e688ce,HAS_RESTAURANT
trip:850f756c,restaurant:3725b295,HAS_RESTAURANT
trip:850f756c,restaurant:9099a032,HAS_RESTAURANT
trip:850f756c,restaurant:91345fa2,HAS_RESTAURANT
trip:b08584c5,city:a8113a9b,HAS_CITY
trip:b08584c5,city:46659217,HAS_CITY
trip:b08584c5,city:7b0adbab,HAS_CITY
trip:b08584c5,city:35f89832,HAS_CITY
trip:b08584c5,city:417c7382,HAS_CITY
trip:b08584c5,country:aa06e5ae,HAS_COUNTRY
trip:b08584c5,country:56f7de13,HAS_COUNTRY
trip:b08584c5,hotel:ac4ef7c9,HAS_HOTEL
trip:b08584c5,activity:e3f25c5a,HAS_ACTIVITY
trip:b08584c5,activity:bd01396c,HAS_ACTIVITY
trip:b08584c5,activity:6d10d1ec,HAS_ACTIVITY
trip:b08584c5,activity:f27e3f51,HAS_ACTIVITY
trip:b08584c5,activity:56649941,HAS_ACTIVITY
trip:b08584c5,activity:b871524e,HAS_ACTIVITY
trip:b08584c5,activity:9cc7bc5d,HAS_ACTIVITY
trip:b08584c5,activity:c97b3138,HAS_ACTIVITY
trip:b08584c5,activity:838cda24,HAS_ACTIVITY
trip:b08584c5,activity:47d26902,HAS_ACTIVITY
trip:b08584c5,activity:b145bc97,HAS_ACTIVITY
trip:0a98d177,city:d6c14539,HAS_CITY
trip:0a98d177,city:edd75271,HAS_CITY
trip:0a98d177,city:218d9c6e,HAS_CITY
trip:0a98d177,city:76597d97,HAS_CITY
trip:0a98d177,country:4c85b766,HAS_COUNTRY
trip:0a98d177,hotel:44dc6a26,HAS_HOTEL
trip:0a98d177,hotel:e8067581,HAS_HOTEL
trip:0a98d177,hotel:1ca1e20d,HAS_HOTEL
trip:0a98d177,activity:dff73087,HAS_ACTIVITY
trip:0a98d177,activity:c77f239b,HAS_ACTIVITY
trip:0a98d177,activity:8cfaf1af,HAS_ACTIVITY
trip:0a98d177,activity:981b3b1a,HAS_ACTIVITY
trip:0a98d177,activity:5b9c83a4,HAS_ACTIVITY
trip:0a98d177,activity:290201b9,HAS_ACTIVITY
trip:0a98d177,activity:294c7179,HAS_ACTIVITY
trip:0a98d177,activity:fae42969,HAS_ACTIVITY
trip:0a98d177,activity:52c8ba44,HAS_ACTIVITY
trip:0a98d177,activity:b879d163,HAS_ACTIVITY
trip:0a98d177,activity:a86469b0,HAS_ACTIVITY
trip:0a98d177,activity:503225fc,HAS_ACTIVITY
trip:0a98d177,activity:0ea79176,HAS_ACTIVITY
trip:0a98d177,activity:6651ca3c,HAS_ACTIVITY
trip:0a98d177,activity:5ed8c42c,HAS_ACTIVITY
trip:0a98d177,activity:86264056,HAS_ACTIVITY
trip:0a98d177,activity:e9900789,HAS_ACTIVITY
trip:0a98d177,restaurant:11de8e81,HAS_RESTAURANT
trip:0a98d177,restaurant:5b3fa0f0,HAS_RESTAURANT
trip:0a98d177,restaurant:aa7c7aae,HAS_RESTAURANT
trip:0a98d177,restaurant:485e5294,HAS_RESTAURANT
trip:0a98d177,restaurant:17705f53,HAS_RESTAURANT
trip:0a98d177,restaurant:8da28230,HAS_RESTAURANT
trip:93beb6a1,city:e04f3afa,HAS_CITY
trip:93beb6a1,city:259e06b5,HAS_CITY
trip:93beb6a1,city:942d6784,HAS_CITY
trip:93beb6a1,city:10cb76b1,HAS_CITY
trip:93beb6a1,country:c78273b5,HAS_COUNTRY
trip:93beb6a1,hotel:05012e0f,HAS_HOTEL
trip:93beb6a1,activity:19327ad1,HAS_ACTIVITY
trip:93beb6a1,activity:8e049b6e,HAS_ACTIVITY
trip:93beb6a1,activity:d2d3edfb,HAS_ACTIVITY
trip:93beb6a1,activity:8dc00995,HAS_ACTIVITY
trip:93beb6a1,activity:8c58535b,HAS_ACTIVITY
trip:93beb6a1,activity:f967a5ee,HAS_ACTIVITY
trip:93beb6a1,activity:bf039e5f,HAS_ACTIVITY
trip:93beb6a1,activity:25558edf,HAS_ACTIVITY
trip:93beb6a1,activity:942d6784,HAS_ACTIVITY
trip:93beb6a1,activity:6bb95b2d,HAS_ACTIVITY
trip:93beb6a1,activity:974c2720,HAS_ACTIVITY
trip:93beb6a1,activity:ea688316,HAS_ACTIVITY
trip:93beb6a1,activity:b07ac5b1,HAS_ACTIVITY
trip:93beb6a1,activity:b915cceb,HAS_ACTIVITY
trip:93beb6a1,activity:846bee6f,HAS_ACTIVITY
trip:93beb6a1,restaurant:33595980,HAS_RESTAURANT
trip:93beb6a1,restaurant:58e7abd3,HAS_RESTAURANT
trip:93beb6a1,restaurant:80d3bfc6,HAS_RESTAURANT
trip:93beb6a1,restaurant:bf0c833f,HAS_RESTAURANT
trip:25f97247,city:ca25aef4,HAS_CITY
trip:25f97247,city:ec010995,HAS_CITY
trip:25f97247,city:fa3b4698,HAS_CITY
trip:25f97247,city:1c65b316,HAS_CITY
trip:25f97247,city:dd045cee,HAS_CITY
trip:25f97247,city:29323008,HAS_CITY
trip:25f97247,city:8669fecf,HAS_CITY
trip:25f97247,country:51b99634,HAS_COUNTRY
trip:25f97247,hotel:4f4873e1,HAS_HOTEL
trip:25f97247,activity:b8f12890,HAS_ACTIVITY
trip:25f97247,activity:f322ad00,HAS_ACTIVITY
trip:25f97247,activity:eaa56022,HAS_ACTIVITY
trip:25f97247,activity:f22a6eb2,HAS_ACTIVITY
trip:25f97247,activity:2395acbe,HAS_ACTIVITY
trip:25f97247,activity:d949c23e,HAS_ACTIVITY
trip:25f97247,activity:32b847a4,HAS_ACTIVITY
trip:25f97247,activity:ae27c6ab,HAS_ACTIVITY
trip:25f97247,activity:eef4c0d5,HAS_ACTIVITY
trip:25f97247,activity:5398fcd3,HAS_ACTIVITY
trip:25f97247,activity:4e5b0c11,HAS_ACTIVITY
trip:25f97247,activity:c912e039,HAS_ACTIVITY
trip:25f97247,activity:b1582459,HAS_ACTIVITY
trip:25f97247,activity:fb9337b3,HAS_ACTIVITY
trip:25f97247,activity:e4ae5039,HAS_ACTIVITY
trip:25f97247,activity:015eedf0,HAS_ACTIVITY
trip:25f97247,activity:00cb41ba,HAS_ACTIVITY
trip:25f97247,activity:57ca499e,HAS_ACTIVITY
trip:25f97247,activity:cfd905c5,HAS_ACTIVITY
trip:25f97247,activity:b0ff6f3d,HAS_ACTIVITY
trip:25f97247,activity:e7111af3,HAS_ACTIVITY
trip:25f97247,activity:195fcd5c,HAS_ACTIVITY
trip:25f97247,activity:8f8d7b8b,HAS_ACTIVITY
trip:25f97247,restaurant:71e2f6d0,HAS_RESTAURANT
trip:25f97247,restaurant:a6f52efa,HAS_RESTAURANT
trip:0df60f69,city:71d6c631,HAS_CITY
trip:0df60f69,country:d461f393,HAS_COUNTRY
trip:0df60f69,hotel:95e8a656,HAS_HOTEL
trip:0df60f69,activity:5a9fe6f3,HAS_ACTIVITY
trip:0df60f69,activity:225bddd8,HAS_ACTIVITY
trip:0df60f69,activity:e6d83cbb,HAS_ACTIVITY
trip:0df60f69,activity:5ad0d66e,HAS_ACTIVITY
trip:0df60f69,activity:9a85f37f,HAS_ACTIVITY
trip:0df60f69,activity:af5bbf96,HAS_ACTIVITY
trip:0df60f69,activity:de320d7c,HAS_ACTIVITY
trip:0df60f69,activity:488d8db6,HAS_ACTIVITY
trip:0df60f69,activity:d1098c9b,HAS_ACTIVITY
trip:0df60f69,activity:c3b9ed95,HAS_ACTIVITY
trip:0df60f69,activity:ac24e4e1,HAS_ACTIVITY
trip:0df60f69,activity:8addd134,HAS_ACTIVITY
trip:0df60f69,activity:34cab049,HAS_ACTIVITY
trip:0df60f69,activity:173ce3d2,HAS_ACTIVITY
trip:0df60f69,activity:b54efab9,HAS_ACTIVITY
trip:0df60f69,activity:213c83c8,HAS_ACTIVITY
trip:0df60f69,activity:f0f7e6f0,HAS_ACTIVITY
trip:0df60f69,restaurant:96dc90d1,HAS_RESTAURANT
trip:0df60f69,restaurant:5d3c396b,HAS_RESTAURANT
trip:0df60f69,restaurant:83986660,HAS_RESTAURANT
trip:0df60f69,restaurant:24458dc3,HAS_RESTAURANT
trip:78e11708,city:e1aed712,HAS_CITY
trip:78e11708,country:006a24da,HAS_COUNTRY
trip:78e11708,hotel:52a9710a,HAS_HOTEL
trip:78e11708,activity:f123119a,HAS_ACTIVITY
trip:78e11708,activity:299b975a,HAS_ACTIVITY
trip:78e11708,activity:0576a07a,HAS_ACTIVITY
trip:78e11708,activity:bbfa0057,HAS_ACTIVITY
trip:78e11708,activity:21551743,HAS_ACTIVITY
trip:78e11708,activity:5f76d4af,HAS_ACTIVITY
trip:78e11708,activity:d48113d9,HAS_ACTIVITY
trip:78e11708,activity:50fff2b6,HAS_ACTIVITY
trip:78e11708,activity:8e46bc45,HAS_ACTIVITY
trip:78e11708,activity:fb53b385,HAS_ACTIVITY
trip:78e11708,restaurant:5c389dc2,HAS_RESTAURANT
trip:51e96bc9,city:9d3ae5b2,HAS_CITY
trip:51e96bc9,city:82bd8285,HAS_CITY
trip:51e96bc9,city:ba5feb35,HAS_CITY
trip:51e96bc9,city:d791d6ba,HAS_CITY
trip:51e96bc9,country:1747d4b2,HAS_COUNTRY
trip:51e96bc9,activity:3b1354f3,HAS_ACTIVITY
trip:51e96bc9,activity:9613828e,HAS_ACTIVITY
trip:51e96bc9,activity:656d00b3,HAS_ACTIVITY
trip:51e96bc9,activity:8cdddedc,HAS_ACTIVITY
trip:51e96bc9,activity:591122bd,HAS_ACTIVITY
trip:51e96bc9,activity:4a338768,HAS_ACTIVITY
trip:51e96bc9,activity:81b54396,HAS_ACTIVITY
trip:51e96bc9,activity:e27540b0,HAS_ACTIVITY
trip:51e96bc9,activity:9aa39d23,HAS_ACTIVITY
trip:51e96bc9,activity:f888c0ac,HAS_ACTIVITY
trip:51e96bc9,activity:131159af,HAS_ACTIVITY
trip:51e96bc9,activity:f8f2f577,HAS_ACTIVITY
trip:51e96bc9,activity:0ff2a0a9,HAS_ACTIVITY
trip:51e96bc9,activity:b8e58fd9,HAS_ACTIVITY
trip:51e96bc9,activity:ab8d8a9e,HAS_ACTIVITY
trip:51e96bc9,activity:4dc04884,HAS_ACTIVITY
trip:51e96bc9,activity:8f28dde1,HAS_ACTIVITY
trip:51e96bc9,activity:f95d1bd4,HAS_ACTIVITY
trip:51e96bc9,activity:9164a49f,HAS_ACTIVITY
trip:51e96bc9,activity:32bde9af,HAS_ACTIVITY
trip:51e96bc9,activity:fb0dc5ba,HAS_ACTIVITY
trip:51e96bc9,activity:47c21542,HAS_ACTIVITY
trip:51e96bc9,activity:10846bf9,HAS_ACTIVITY
trip:51e96bc9,activity:0a385948,HAS_ACTIVITY
trip:51e96bc9,activity:82349f61,HAS_ACTIVITY
trip:51e96bc9,activity:79ffe749,HAS_ACTIVITY
trip:51e96bc9,activity:798c8358,HAS_ACTIVITY
trip:6e3e4464,city:417c7382,HAS_CITY
trip:6e3e4464,city:7ba5643f,HAS_CITY
trip:6e3e4464,city:8eb23c9d,HAS_CITY
trip:6e3e4464,city:851819ad,HAS_CITY
trip:6e3e4464,city:6c36b0e9,HAS_CITY
trip:6e3e4464,city:1e8ea608,HAS_CITY
trip:6e3e4464,city:e744ff67,HAS_CITY
trip:6e3e4464,city:cf8e0e32,HAS_CITY
trip:6e3e4464,city:a8113a9b,HAS_CITY
trip:6e3e4464,city:b36459fa,HAS_CITY
trip:6e3e4464,country:aa06e5ae,HAS_COUNTRY
trip:6e3e4464,hotel:e7e59e2a,HAS_HOTEL
trip:6e3e4464,activity:45c2c3bc,HAS_ACTIVITY
trip:6e3e4464,activity:854224b6,HAS_ACTIVITY
trip:6e3e4464,activity:3a106a02,HAS_ACTIVITY
trip:6e3e4464,activity:ad03ac30,HAS_ACTIVITY
trip:6e3e4464,activity:bea08ed3,HAS_ACTIVITY
trip:6e3e4464,activity:0b4ff441,HAS_ACTIVITY
trip:6e3e4464,activity:02bc2bcd,HAS_ACTIVITY
trip:6e3e4464,activity:548df1b5,HAS_ACTIVITY
trip:6e3e4464,activity:fc299725,HAS_ACTIVITY
trip:6e3e4464,activity:db31340a,HAS_ACTIVITY
trip:6e3e4464,activity:6652758e,HAS_ACTIVITY
trip:6e3e4464,activity:bad909ac,HAS_ACTIVITY
trip:6e3e4464,activity:36ba5841,HAS_ACTIVITY
trip:6e3e4464,activity:08306cde,HAS_ACTIVITY
trip:6e3e4464,activity:001791dd,HAS_ACTIVITY
trip:6e3e4464,activity:3e143a78,HAS_ACTIVITY
trip:6e3e4464,activity:b871524e,HAS_ACTIVITY
trip:6e3e4464,activity:a2d000a4,HAS_ACTIVITY
trip:6e3e4464,activity:6a37d315,HAS_ACTIVITY
trip:6e3e4464,activity:3632e81b,HAS_ACTIVITY
trip:6e3e4464,activity:2661fd1a,HAS_ACTIVITY
trip:6e3e4464,activity:323dbe26,HAS_ACTIVITY
trip:6e3e4464,restaurant:a8d59933,HAS_RESTAURANT
trip:6e3e4464,restaurant:1cf8a8d2,HAS_RESTAURANT
trip:cce886ad,city:dea56e47,HAS_CITY
trip:cce886ad,city:db31870d,HAS_CITY
trip:cce886ad,country:1747d4b2,HAS_COUNTRY
trip:cce886ad,hotel:38bf3157,HAS_HOTEL
trip:cce886ad,activity:0c3636a4,HAS_ACTIVITY
trip:cce886ad,activity:8939c2d0,HAS_ACTIVITY
trip:cce886ad,activity:ff4757d7,HAS_ACTIVITY
trip:cce886ad,activity:fdbe069f,HAS_ACTIVITY
trip:cce886ad,activity:ca012884,HAS_ACTIVITY
trip:cce886ad,activity:0964b8ac,HAS_ACTIVITY
trip:cce886ad,activity:0ec6afb8,HAS_ACTIVITY
trip:cce886ad,activity:9ee5783f,HAS_ACTIVITY
trip:cce886ad,restaurant:d329e087,HAS_RESTAURANT
trip:cce886ad,restaurant:331a37bf,HAS_RESTAURANT
trip:cce886ad,restaurant:12a27e4f,HAS_RESTAURANT
trip:cce886ad,restaurant:a9fdb65a,HAS_RESTAURANT
trip:1011df1c,city:72fa0f93,HAS_CITY
trip:1011df1c,city:f39f1f6f,HAS_CITY
trip:1011df1c,city:64c9ea03,HAS_CITY
trip:1011df1c,city:bda8694d,HAS_CITY
trip:1011df1c,city:9f3854d4,HAS_CITY
trip:1011df1c,city:ca9b8c4b,HAS_CITY
trip:1011df1c,city:81bd8fe3,HAS_CITY
trip:1011df1c,city:87407e3d,HAS_CITY
trip:1011df1c,country:51b99634,HAS_COUNTRY
trip:1011df1c,activity:8a91c66f,HAS_ACTIVITY
trip:1011df1c,activity:277bc882,HAS_ACTIVITY
trip:1011df1c,activity:428bfa99,HAS_ACTIVITY
trip:1011df1c,activity:0bf5a584,HAS_ACTIVITY
trip:1011df1c,activity:73014101,HAS_ACTIVITY
trip:1011df1c,activity:1abf1d02,HAS_ACTIVITY
trip:1011df1c,activity:4addddf9,HAS_ACTIVITY
trip:1011df1c,activity:6b483cee,HAS_ACTIVITY
trip:1011df1c,activity:9f3854d4,HAS_ACTIVITY
trip:1011df1c,activity:d061c35e,HAS_ACTIVITY
trip:1011df1c,activity:eab17527,HAS_ACTIVITY
trip:1011df1c,activity:57a88988,HAS_ACTIVITY
trip:1011df1c,activity:4f8eb135,HAS_ACTIVITY
trip:1011df1c,activity:0485f998,HAS_ACTIVITY
trip:1011df1c,activity:560e412f,HAS_ACTIVITY
trip:1011df1c,restaurant:2b26808c,HAS_RESTAURANT
trip:1011df1c,restaurant:d91f8f12,HAS_RESTAURANT
trip:1011df1c,restaurant:65a1439f,HAS_RESTAURANT
trip:a2e41bec,city:50c7beb2,HAS_CITY
trip:a2e41bec,city:ff8dfd5f,HAS_CITY
trip:a2e41bec,city:f328a6e4,HAS_CITY
trip:a2e41bec,city:ec010995,HAS_CITY
trip:a2e41bec,country:51b99634,HAS_COUNTRY
trip:a2e41bec,hotel:3d5c1a7d,HAS_HOTEL
trip:a2e41bec,activity:389feb56,HAS_ACTIVITY
trip:a2e41bec,activity:78943b86,HAS_ACTIVITY
trip:a2e41bec,activity:fb9337b3,HAS_ACTIVITY
trip:a2e41bec,activity:f488de3d,HAS_ACTIVITY
trip:a2e41bec,activity:a521b0b8,HAS_ACTIVITY
trip:a2e41bec,activity:56b604de,HAS_ACTIVITY
trip:a2e41bec,activity:dd4735de,HAS_ACTIVITY
trip:a2e41bec,activity:36691019,HAS_ACTIVITY
trip:a2e41bec,activity:d72538d2,HAS_ACTIVITY
trip:a2e41bec,activity:0dd24539,HAS_ACTIVITY
trip:a2e41bec,activity:6056d0dd,HAS_ACTIVITY
trip:a2e41bec,activity:bd051081,HAS_ACTIVITY
trip:a2e41bec,activity:cef566a1,HAS_ACTIVITY
trip:a2e41bec,activity:162da777,HAS_ACTIVITY
trip:a2e41bec,activity:5c5345ef,HAS_ACTIVITY
trip:a2e41bec,activity:34fe59ed,HAS_ACTIVITY
trip:a2e41bec,activity:8acbb12a,HAS_ACTIVITY
trip:a2e41bec,activity:0384153a,HAS_ACTIVITY
trip:72d1ed03,city:0c455ad1,HAS_CITY
trip:72d1ed03,city:90491ab2,HAS_CITY
trip:72d1ed03,city:288fe770,HAS_CITY
trip:72d1ed03,country:9431e461,HAS_COUNTRY
trip:72d1ed03,activity:f111a78b,HAS_ACTIVITY
trip:72d1ed03,activity:a0114eb6,HAS_ACTIVITY
trip:72d1ed03,activity:b718ca03,HAS_ACTIVITY
trip:72d1ed03,activity:ce09c4a7,HAS_ACTIVITY
trip:72d1ed03,restaurant:0942c4f3,HAS_RESTAURANT
trip:3eecd4a6,city:b90bbd2b,HAS_CITY
trip:3eecd4a6,city:9690a92f,HAS_CITY
trip:3eecd4a6,city:db1e8c64,HAS_CITY
trip:3eecd4a6,country:d1fa54da,HAS_COUNTRY
trip:3eecd4a6,country:6bc00b77,HAS_COUNTRY
trip:3eecd4a6,hotel:b22c1b19,HAS_HOTEL
trip:3eecd4a6,activity:a1a90aba,HAS_ACTIVITY
trip:3eecd4a6,activity:f8f0fa6e,HAS_ACTIVITY
trip:3eecd4a6,activity:388d42e7,HAS_ACTIVITY
trip:3eecd4a6,activity:59292fdb,HAS_ACTIVITY
trip:3eecd4a6,activity:664e2d70,HAS_ACTIVITY
trip:3eecd4a6,activity:54ffe429,HAS_ACTIVITY
trip:3eecd4a6,activity:bae46033,HAS_ACTIVITY
trip:3eecd4a6,activity:f6ea38a4,HAS_ACTIVITY
trip:3eecd4a6,activity:a35f4e4e,HAS_ACTIVITY
trip:3eecd4a6,activity:f489fb54,HAS_ACTIVITY
trip:3eecd4a6,activity:88d2391b,HAS_ACTIVITY
trip:3eecd4a6,activity:ece6c99a,HAS_ACTIVITY
trip:3eecd4a6,activity:e417dec2,HAS_ACTIVITY
trip:3eecd4a6,activity:9ee81f97,HAS_ACTIVITY
trip:3eecd4a6,activity:e1a03e2f,HAS_ACTIVITY
trip:3eecd4a6,activity:a430dd5a,HAS_ACTIVITY
trip:3eecd4a6,activity:5ff0d3db,HAS_ACTIVITY
trip:3eecd4a6,activity:a7781d5d,HAS_ACTIVITY
trip:3eecd4a6,activity:df2e3e42,HAS_ACTIVITY
trip:3eecd4a6,activity:ad20fabb,HAS_ACTIVITY
trip:3eecd4a6,activity:5029dccb,HAS_ACTIVITY
trip:3eecd4a6,activity:1d5e4841,HAS_ACTIVITY
trip:3eecd4a6,activity:731434c6,HAS_ACTIVITY
trip:3eecd4a6,restaurant:47d3c502,HAS_RESTAURANT
trip:3eecd4a6,restaurant:e3e01077,HAS_RESTAURANT
trip:3eecd4a6,restaurant:84c6c819,HAS_RESTAURANT
trip:12f62707,city:f1a793fb,HAS_CITY
trip:12f62707,city:a7549e8a,HAS_CITY
trip:12f62707,city:c230987d,HAS_CITY
trip:12f62707,city:06da6b56,HAS_CITY
trip:12f62707,city:2bc81cbf,HAS_CITY
trip:12f62707,country:45f1a4b4,HAS_COUNTRY
trip:12f62707,country:6a748bb7,HAS_COUNTRY
trip:12f62707,activity:88b02c2a,HAS_ACTIVITY
trip:12f62707,activity:c5a9f76f,HAS_ACTIVITY
trip:12f62707,activity:2abf4e9e,HAS_ACTIVITY
trip:12f62707,activity:f9754be3,HAS_ACTIVITY
trip:12f62707,activity:75300441,HAS_ACTIVITY
trip:3b0fa65f,city:72913ebb,HAS_CITY
trip:3b0fa65f,city:792cb8b3,HAS_CITY
trip:3b0fa65f,city:02c8a993,HAS_CITY
trip:3b0fa65f,city:fb374dfd,HAS_CITY
trip:3b0fa65f,city:156a5a30,HAS_CITY
trip:3b0fa65f,country:1747d4b2,HAS_COUNTRY
trip:3b0fa65f,country:bb116538,HAS_COUNTRY
trip:3b0fa65f,hotel:adc5c991,HAS_HOTEL
trip:3b0fa65f,activity:0c1af88c,HAS_ACTIVITY
trip:3b0fa65f,activity:9037ec0d,HAS_ACTIVITY
trip:3b0fa65f,activity:8a4b4755,HAS_ACTIVITY
trip:3b0fa65f,activity:9e75f98b,HAS_ACTIVITY
trip:3b0fa65f,activity:97e541fe,HAS_ACTIVITY
trip:3b0fa65f,activity:d5fbb3dd,HAS_ACTIVITY
trip:3b0fa65f,activity:c5f14b6b,HAS_ACTIVITY
trip:3b0fa65f,activity:3c5124ba,HAS_ACTIVITY
trip:3b0fa65f,activity:d563616a,HAS_ACTIVITY
trip:3b0fa65f,activity:47d5688b,HAS_ACTIVITY
trip:3b0fa65f,activity:4997035f,HAS_ACTIVITY
trip:3b0fa65f,activity:d27a5033,HAS_ACTIVITY
trip:3b0fa65f,activity:1b11394c,HAS_ACTIVITY
trip:3b0fa65f,activity:9e0ddc84,HAS_ACTIVITY
trip:3b0fa65f,activity:47cb8a3c,HAS_ACTIVITY
trip:3b0fa65f,activity:2e0bbb19,HAS_ACTIVITY
trip:3b0fa65f,activity:408f163c,HAS_ACTIVITY
trip:3b0fa65f,restaurant:8f2b5b58,HAS_RESTAURANT
trip:fcab6036,city:d7b1c966,HAS_CITY
trip:fcab6036,city:f8bb36ca,HAS_CITY
trip:fcab6036,city:0c455ad1,HAS_CITY
trip:fcab6036,country:fa60284a,HAS_COUNTRY
trip:fcab6036,country:9431e461,HAS_COUNTRY
trip:fcab6036,hotel:f0be1266,HAS_HOTEL
trip:fcab6036,activity:2aad8256,HAS_ACTIVITY
trip:fcab6036,activity:94a28200,HAS_ACTIVITY
trip:fcab6036,activity:5b3ea171,HAS_ACTIVITY
trip:fcab6036,activity:6457cb9d,HAS_ACTIVITY
trip:fcab6036,activity:79574559,HAS_ACTIVITY
trip:fcab6036,activity:8b082ee9,HAS_ACTIVITY
trip:fcab6036,activity:c7d5642d,HAS_ACTIVITY
trip:fcab6036,activity:b82fdbc2,HAS_ACTIVITY
trip:fcab6036,activity:b6731898,HAS_ACTIVITY
trip:fcab6036,activity:fad74afb,HAS_ACTIVITY
trip:fcab6036,activity:ec21032a,HAS_ACTIVITY
trip:fcab6036,activity:813d023a,HAS_ACTIVITY
trip:fcab6036,activity:f31c5e95,HAS_ACTIVITY
trip:fcab6036,activity:53c5a2b7,HAS_ACTIVITY
trip:fcab6036,activity:62dd675d,HAS_ACTIVITY
trip:fcab6036,activity:8669fecf,HAS_ACTIVITY
trip:fcab6036,activity:9680e107,HAS_ACTIVITY
trip:fcab6036,activity:b3ed6a8c,HAS_ACTIVITY
trip:fcab6036,restaurant:3bdbd080,HAS_RESTAURANT
trip:fcab6036,restaurant:ef0fcfdc,HAS_RESTAURANT
trip:37f754c4,city:551d57a9,HAS_CITY
trip:37f754c4,city:7c978763,HAS_CITY
trip:37f754c4,city:4bb5b918,HAS_CITY
trip:37f754c4,city:a8a0c8f7,HAS_CITY
trip:37f754c4,city:d02cfe7f,HAS_CITY
trip:37f754c4,city:0f574742,HAS_CITY
trip:37f754c4,country:bb116538,HAS_COUNTRY
trip:37f754c4,activity:a521a07f,HAS_ACTIVITY
trip:37f754c4,activity:183036e3,HAS_ACTIVITY
trip:37f754c4,activity:108a1ce7,HAS_ACTIVITY
trip:37f754c4,activity:d502c606,HAS_ACTIVITY
trip:37f754c4,activity:c3a630be,HAS_ACTIVITY
trip:37f754c4,activity:a1ed6347,HAS_ACTIVITY
trip:37f754c4,activity:07c17885,HAS_ACTIVITY
trip:37f754c4,activity:476ad877,HAS_ACTIVITY
trip:37f754c4,activity:4eb5b3ee,HAS_ACTIVITY
trip:37f754c4,activity:530cc3ff,HAS_ACTIVITY
trip:37f754c4,activity:9d00a313,HAS_ACTIVITY
trip:37f754c4,activity:503d7e29,HAS_ACTIVITY
trip:37f754c4,activity:80a53575,HAS_ACTIVITY
trip:37f754c4,activity:f9a644a4,HAS_ACTIVITY
trip:37f754c4,activity:3598d0ba,HAS_ACTIVITY
trip:37f754c4,activity:f333c6ec,HAS_ACTIVITY
trip:37f754c4,activity:8e05af39,HAS_ACTIVITY
trip:37f754c4,activity:280b66f4,HAS_ACTIVITY
trip:37f754c4,activity:44c862fd,HAS_ACTIVITY
trip:37f754c4,activity:39edb1d3,HAS_ACTIVITY
trip:37f754c4,activity:8a4dff9f,HAS_ACTIVITY
trip:37f754c4,activity:c1279a77,HAS_ACTIVITY
trip:37f754c4,activity:aea7af21,HAS_ACTIVITY
trip:37f754c4,activity:ff8ea155,HAS_ACTIVITY
trip:37f754c4,activity:ae2246af,HAS_ACTIVITY
trip:37f754c4,restaurant:bec608b5,HAS_RESTAURANT
trip:8243cd2e,city:792cb8b3,HAS_CITY
trip:8243cd2e,city:a5c9e737,HAS_CITY
trip:8243cd2e,city:fb374dfd,HAS_CITY
trip:8243cd2e,city:156a5a30,HAS_CITY
trip:8243cd2e,city:72913ebb,HAS_CITY
trip:8243cd2e,country:1747d4b2,HAS_COUNTRY
trip:8243cd2e,country:bb116538,HAS_COUNTRY
trip:8243cd2e,hotel:7ce45995,HAS_HOTEL
trip:8243cd2e,hotel:2321f7a6,HAS_HOTEL
trip:8243cd2e,hotel:6b16c32f,HAS_HOTEL
trip:8243cd2e,activity:fe4da89e,HAS_ACTIVITY
trip:8243cd2e,activity:97e541fe,HAS_ACTIVITY
trip:8243cd2e,activity:9917d5d6,HAS_ACTIVITY
trip:8243cd2e,activity:df0b6b79,HAS_ACTIVITY
trip:8243cd2e,activity:e8c7494e,HAS_ACTIVITY
trip:8243cd2e,activity:6459192b,HAS_ACTIVITY
trip:8243cd2e,activity:4dee4011,HAS_ACTIVITY
trip:8243cd2e,activity:bc23f995,HAS_ACTIVITY
trip:8243cd2e,activity:8953edb2,HAS_ACTIVITY
trip:8243cd2e,activity:ab03ce45,HAS_ACTIVITY
trip:8243cd2e,activity:5075bc97,HAS_ACTIVITY
trip:8243cd2e,activity:4997035f,HAS_ACTIVITY
trip:8243cd2e,activity:d27a5033,HAS_ACTIVITY
trip:8243cd2e,activity:1b11394c,HAS_ACTIVITY
trip:8243cd2e,activity:727e18e1,HAS_ACTIVITY
trip:8243cd2e,activity:c11f5bb3,HAS_ACTIVITY
trip:8243cd2e,activity:a0361965,HAS_ACTIVITY
trip:8243cd2e,activity:d8716063,HAS_ACTIVITY
trip:8243cd2e,activity:83ab7d0e,HAS_ACTIVITY
trip:8243cd2e,activity:0c1af88c,HAS_ACTIVITY
trip:8243cd2e,restaurant:c0e6786a,HAS_RESTAURANT
trip:8243cd2e,restaurant:7e99e1d9,HAS_RESTAURANT
trip:f170aa56,city:78ac9a03,HAS_CITY
trip:f170aa56,country:dc300813,HAS_COUNTRY
trip:f170aa56,hotel:60076da3,HAS_HOTEL
trip:f170aa56,activity:bad6cc06,HAS_ACTIVITY
trip:f170aa56,activity:62f869d6,HAS_ACTIVITY
trip:f170aa56,activity:35aac1af,HAS_ACTIVITY
trip:f170aa56,activity:70caf9e8,HAS_ACTIVITY
trip:f170aa56,activity:8bf20538,HAS_ACTIVITY
trip:f170aa56,activity:d2ff7877,HAS_ACTIVITY
trip:f170aa56,activity:315b20fc,HAS_ACTIVITY
trip:f170aa56,activity:121e565c,HAS_ACTIVITY
trip:f170aa56,activity:273d4a83,HAS_ACTIVITY
trip:f170aa56,activity:4a0f206d,HAS_ACTIVITY
trip:f170aa56,activity:c825063f,HAS_ACTIVITY
trip:f170aa56,activity:705776f1,HAS_ACTIVITY
trip:f170aa56,activity:b4a95fe4,HAS_ACTIVITY
trip:f170aa56,restaurant:05e096fe,HAS_RESTAURANT
trip:f170aa56,restaurant:8eeb5cc8,HAS_RESTAURANT
trip:f170aa56,restaurant:c670fd5f,HAS_RESTAURANT
trip:f170aa56,restaurant:e94bab06,HAS_RESTAURANT
trip:f170aa56,restaurant:5052ecb8,HAS_RESTAURANT
trip:7ebb5231,city:b28b937e,HAS_CITY
trip:7ebb5231,country:bcf7cec6,HAS_COUNTRY
trip:7ebb5231,hotel:680f49e1,HAS_HOTEL
trip:7ebb5231,hotel:52d3fd66,HAS_HOTEL
trip:7ebb5231,activity:b20e1ec8,HAS_ACTIVITY
trip:7ebb5231,activity:68f140f5,HAS_ACTIVITY
trip:7ebb5231,activity:70ffbf0c,HAS_ACTIVITY
trip:7ebb5231,activity:c144223e,HAS_ACTIVITY
trip:7ebb5231,activity:9b7c385a,HAS_ACTIVITY
trip:7ebb5231,activity:2658cf73,HAS_ACTIVITY
trip:7ebb5231,activity:8333546f,HAS_ACTIVITY
trip:7ebb5231,activity:25c5b5c6,HAS_ACTIVITY
trip:7ebb5231,activity:f0b8cbca,HAS_ACTIVITY
trip:7ebb5231,activity:d610c46a,HAS_ACTIVITY
trip:7ebb5231,restaurant:8be5e03e,HAS_RESTAURANT
trip:7ebb5231,restaurant:def44d27,HAS_RESTAURANT
trip:7ebb5231,restaurant:c2b75322,HAS_RESTAURANT
trip:7ebb5231,restaurant:779788c5,HAS_RESTAURANT
trip:7ebb5231,restaurant:a6e92e4d,HAS_RESTAURANT
trip:7ebb5231,restaurant:5f73cf6b,HAS_RESTAURANT
trip:7ebb5231,restaurant:558735b6,HAS_RESTAURANT
trip:34b56e58,city:af2a8190,HAS_CITY
trip:34b56e58,city:62396b65,HAS_CITY
trip:34b56e58,city:c605246a,HAS_CITY
trip:34b56e58,city:68a6ea6d,HAS_CITY
trip:34b56e58,country:577e905f,HAS_COUNTRY
trip:34b56e58,country:53642566,HAS_COUNTRY
trip:34b56e58,hotel:0216eb9a,HAS_HOTEL
trip:34b56e58,hotel:359f5528,HAS_HOTEL
trip:34b56e58,hotel:0394a3e7,HAS_HOTEL
trip:34b56e58,activity:fb03c53a,HAS_ACTIVITY
trip:34b56e58,activity:f9810373,HAS_ACTIVITY
trip:34b56e58,activity:1d334980,HAS_ACTIVITY
trip:34b56e58,activity:852b95fc,HAS_ACTIVITY
trip:e659abaf,city:b81dd33b,HAS_CITY
trip:e659abaf,country:d461f393,HAS_COUNTRY
trip:e659abaf,hotel:cf74eee1,HAS_HOTEL
trip:e659abaf,activity:a04f3f33,HAS_ACTIVITY
trip:e659abaf,activity:55e23aeb,HAS_ACTIVITY
trip:95d6f0be,city:ca25aef4,HAS_CITY
trip:95d6f0be,city:ec010995,HAS_CITY
trip:95d6f0be,city:fa3b4698,HAS_CITY
trip:95d6f0be,city:13e69beb,HAS_CITY
trip:95d6f0be,city:50c7beb2,HAS_CITY
trip:95d6f0be,city:f328a6e4,HAS_CITY
trip:95d6f0be,city:f984a532,HAS_CITY
trip:95d6f0be,city:29323008,HAS_CITY
trip:95d6f0be,city:6521fe1f,HAS_CITY
trip:95d6f0be,city:41123aa7,HAS_CITY
trip:95d6f0be,city:7a61e6b5,HAS_CITY
trip:95d6f0be,city:1f7f2867,HAS_CITY
trip:95d6f0be,city:80ce1cc2,HAS_CITY
trip:95d6f0be,country:51b99634,HAS_COUNTRY
trip:95d6f0be,country:d20a9067,HAS_COUNTRY
trip:95d6f0be,hotel:3f03c134,HAS_HOTEL
trip:95d6f0be,activity:d0634ecd,HAS_ACTIVITY
trip:95d6f0be,activity:3971701f,HAS_ACTIVITY
trip:95d6f0be,activity:825da790,HAS_ACTIVITY
trip:95d6f0be,activity:7eda0b2b,HAS_ACTIVITY
trip:95d6f0be,activity:d7cba934,HAS_ACTIVITY
trip:95d6f0be,activity:ffb9a50b,HAS_ACTIVITY
trip:95d6f0be,activity:77f3f454,HAS_ACTIVITY
trip:95d6f0be,activity:fe8b8052,HAS_ACTIVITY
trip:95d6f0be,activity:0da625e6,HAS_ACTIVITY
trip:95d6f0be,restaurant:5e54c826,HAS_RESTAURANT
trip:95d6f0be,restaurant:a4243b1c,HAS_RESTAURANT
trip:71140c38,city:207462d2,HAS_CITY
trip:71140c38,city:c7a95bbf,HAS_CITY
trip:71140c38,city:83191eff,HAS_CITY
trip:71140c38,city:994e7927,HAS_CITY
trip:71140c38,city:d384bed4,HAS_CITY
trip:71140c38,city:367cca80,HAS_CITY
trip:71140c38,city:b90bbd2b,HAS_CITY
trip:71140c38,country:5f8f9e33,HAS_COUNTRY
trip:71140c38,country:b0c36e7e,HAS_COUNTRY
trip:71140c38,country:d1fa54da,HAS_COUNTRY
trip:71140c38,hotel:f96f8e35,HAS_HOTEL
trip:71140c38,hotel:355483e1,HAS_HOTEL
trip:71140c38,hotel:7951d60b,HAS_HOTEL
trip:71140c38,hotel:411ac53c,HAS_HOTEL
trip:71140c38,activity:50c8a6d5,HAS_ACTIVITY
trip:71140c38,activity:4b0d1c9c,HAS_ACTIVITY
trip:71140c38,activity:79e2c2e0,HAS_ACTIVITY
trip:71140c38,activity:d18f8f1b,HAS_ACTIVITY
trip:71140c38,activity:f21c9f8a,HAS_ACTIVITY
trip:71140c38,activity:9aabda7c,HAS_ACTIVITY
trip:71140c38,activity:b58360dd,HAS_ACTIVITY
trip:71140c38,activity:d5fa1d4e,HAS_ACTIVITY
trip:71140c38,restaurant:47d463fd,HAS_RESTAURANT
trip:71140c38,restaurant:fc660982,HAS_RESTAURANT
trip:71140c38,restaurant:79e338ae,HAS_RESTAURANT
trip:71140c38,restaurant:7d12c31e,HAS_RESTAURANT
trip:aabbebb5,city:af2a8190,HAS_CITY
trip:aabbebb5,city:62396b65,HAS_CITY
trip:aabbebb5,country:577e905f,HAS_COUNTRY
trip:aabbebb5,hotel:35a24469,HAS_HOTEL
trip:aabbebb5,hotel:5fc0b45d,HAS_HOTEL
trip:aabbebb5,hotel:359f5528,HAS_HOTEL
trip:aabbebb5,hotel:44448bf8,HAS_HOTEL
trip:aabbebb5,activity:8974a667,HAS_ACTIVITY
trip:aabbebb5,activity:9238ca1e,HAS_ACTIVITY
trip:aabbebb5,activity:b5b00503,HAS_ACTIVITY
trip:aabbebb5,activity:998ed585,HAS_ACTIVITY
trip:aabbebb5,restaurant:f26bca0e,HAS_RESTAURANT
trip:aabbebb5,restaurant:78811280,HAS_RESTAURANT
trip:57af3392,city:b7827ac0,HAS_CITY
trip:57af3392,city:7611c61b,HAS_CITY
trip:57af3392,city:f5cb53e2,HAS_CITY
trip:57af3392,city:519b646c,HAS_CITY
trip:57af3392,country:51b99634,HAS_COUNTRY
trip:57af3392,activity:51a86fa5,HAS_ACTIVITY
trip:57af3392,activity:9b881680,HAS_ACTIVITY
trip:57af3392,activity:8436741b,HAS_ACTIVITY
trip:57af3392,activity:c2baf976,HAS_ACTIVITY
trip:57af3392,activity:dfd71d11,HAS_ACTIVITY
trip:57af3392,activity:fb5db192,HAS_ACTIVITY
trip:57af3392,activity:81a8ff88,HAS_ACTIVITY
trip:eafc6de9,city:e575530b,HAS_CITY
trip:eafc6de9,city:7030f340,HAS_CITY
trip:eafc6de9,city:d5fdf584,HAS_CITY
trip:eafc6de9,country:093aa9a7,HAS_COUNTRY
trip:eafc6de9,activity:390c7831,HAS_ACTIVITY
trip:eafc6de9,activity:dff22b18,HAS_ACTIVITY
trip:eafc6de9,activity:f7160c57,HAS_ACTIVITY
trip:eafc6de9,restaurant:8079c278,HAS_RESTAURANT
trip:664847a6,city:3292248c,HAS_CITY
trip:664847a6,city:d791d6ba,HAS_CITY
trip:664847a6,city:9d3ae5b2,HAS_CITY
trip:664847a6,city:fb858e4d,HAS_CITY
trip:664847a6,city:ba5feb35,HAS_CITY
trip:664847a6,country:1747d4b2,HAS_COUNTRY
trip:664847a6,activity:ef70ad29,HAS_ACTIVITY
trip:664847a6,activity:737deaaf,HAS_ACTIVITY
trip:664847a6,activity:f4956383,HAS_ACTIVITY
trip:664847a6,activity:0b6bfac7,HAS_ACTIVITY
trip:664847a6,activity:e6c12685,HAS_ACTIVITY
trip:ee7dfc94,city:0f7a389d,HAS_CITY
trip:ee7dfc94,city:fb88c48c,HAS_CITY
trip:ee7dfc94,city:8c270405,HAS_CITY
trip:ee7dfc94,city:6ad61cf5,HAS_CITY
trip:ee7dfc94,city:69b30b7c,HAS_CITY
trip:ee7dfc94,city:d849e5a0,HAS_CITY
trip:ee7dfc94,country:968063ff,HAS_COUNTRY
trip:ee7dfc94,activity:e89a1031,HAS_ACTIVITY
trip:ee7dfc94,activity:502ea790,HAS_ACTIVITY
trip:ee7dfc94,activity:b01cf0b1,HAS_ACTIVITY
trip:ee7dfc94,activity:6ab15b90,HAS_ACTIVITY
trip:ee7dfc94,activity:5259ec3e,HAS_ACTIVITY
trip:d7fc9768,city:078dbf79,HAS_CITY
trip:d7fc9768,city:076247a1,HAS_CITY
trip:d7fc9768,city:3c40d285,HAS_CITY
trip:d7fc9768,country:9b32b0b4,HAS_COUNTRY
trip:d7fc9768,hotel:ad9ef248,HAS_HOTEL
trip:d7fc9768,hotel:054e3eee,HAS_HOTEL
trip:d7fc9768,hotel:ee4fa270,HAS_HOTEL
trip:d7fc9768,activity:10a0b38a,HAS_ACTIVITY
trip:d7fc9768,activity:99e60f29,HAS_ACTIVITY
trip:d7fc9768,activity:e678f9bc,HAS_ACTIVITY
trip:d7fc9768,activity:c46001cd,HAS_ACTIVITY
trip:d7fc9768,activity:130c6545,HAS_ACTIVITY
trip:d7fc9768,activity:d8f8625e,HAS_ACTIVITY
trip:d7fc9768,activity:f15e27d7,HAS_ACTIVITY
trip:d7fc9768,restaurant:798f27b6,HAS_RESTAURANT
trip:d7fc9768,restaurant:34e90df7,HAS_RESTAURANT
trip:d7fc9768,restaurant:9fefa7a4,HAS_RESTAURANT
trip:d7fc9768,restaurant:f604fbdd,HAS_RESTAURANT
trip:d7fc9768,restaurant:58698ea8,HAS_RESTAURANT
trip:d7fc9768,restaurant:2d9218e3,HAS_RESTAURANT
trip:d7fc9768,restaurant:c6c9729e,HAS_RESTAURANT
trip:d7fc9768,restaurant:5c5ed091,HAS_RESTAURANT
trip:1ec32ac8,city:67429235,HAS_CITY
trip:1ec32ac8,city:6a2e13b8,HAS_CITY
trip:1ec32ac8,city:2a5a7946,HAS_CITY
trip:1ec32ac8,city:134d69e3,HAS_CITY
trip:1ec32ac8,country:32e8419a,HAS_COUNTRY
trip:1ec32ac8,hotel:389f2d8a,HAS_HOTEL
trip:1ec32ac8,activity:f2fb6802,HAS_ACTIVITY
trip:1ec32ac8,activity:e10f8722,HAS_ACTIVITY
trip:1ec32ac8,activity:5828134c,HAS_ACTIVITY
trip:1ec32ac8,activity:3e4eaa8a,HAS_ACTIVITY
trip:8e47d9e6,city:5cbe8b23,HAS_CITY
trip:8e47d9e6,country:152649df,HAS_COUNTRY
trip:8e47d9e6,activity:eda0db54,HAS_ACTIVITY
trip:8e47d9e6,activity:643179a8,HAS_ACTIVITY
trip:8e47d9e6,activity:0a46292d,HAS_ACTIVITY
trip:fa506cce,city:d6c14539,HAS_CITY
trip:fa506cce,city:edd75271,HAS_CITY
trip:fa506cce,city:218d9c6e,HAS_CITY
trip:fa506cce,city:76597d97,HAS_CITY
trip:fa506cce,country:4c85b766,HAS_COUNTRY
trip:fa506cce,activity:47902cd9,HAS_ACTIVITY
trip:fa506cce,activity:3af7c3f3,HAS_ACTIVITY
trip:fa506cce,activity:301cc56a,HAS_ACTIVITY
trip:fa506cce,activity:139f564f,HAS_ACTIVITY
trip:631bacdb,city:e1aed712,HAS_CITY
trip:631bacdb,country:006a24da,HAS_COUNTRY
trip:631bacdb,activity:ae243a4f,HAS_ACTIVITY
trip:631bacdb,activity:d363afa3,HAS_ACTIVITY
trip:631bacdb,activity:15f6647a,HAS_ACTIVITY
trip:7b93256e,city:9f916055,HAS_CITY
trip:7b93256e,city:6881b6df,HAS_CITY
trip:7b93256e,city:f7479b34,HAS_CITY
trip:7b93256e,country:bb116538,HAS_COUNTRY
trip:7b93256e,activity:7c10228f,HAS_ACTIVITY
trip:7b93256e,activity:8d876ecf,HAS_ACTIVITY
trip:7b93256e,activity:0514ef54,HAS_ACTIVITY
trip:bb58cce5,city:b7827ac0,HAS_CITY
trip:bb58cce5,city:eaf45a85,HAS_CITY
trip:bb58cce5,city:7611c61b,HAS_CITY
trip:bb58cce5,city:086bc7c0,HAS_CITY
trip:bb58cce5,country:51b99634,HAS_COUNTRY
trip:bb58cce5,activity:7405ab49,HAS_ACTIVITY
trip:bb58cce5,activity:1fe4024d,HAS_ACTIVITY
trip:bb58cce5,activity:0a83cb5c,HAS_ACTIVITY
trip:439e70a8,city:a7391821,HAS_CITY
trip:439e70a8,city:761b70df,HAS_CITY
trip:439e70a8,city:1cea819a,HAS_CITY
trip:439e70a8,city:78ac9a03,HAS_CITY
trip:439e70a8,country:dc300813,HAS_COUNTRY
trip:439e70a8,hotel:e2908294,HAS_HOTEL
trip:439e70a8,hotel:005251c8,HAS_HOTEL
trip:439e70a8,activity:e4100d8d,HAS_ACTIVITY
trip:439e70a8,activity:09f3e64d,HAS_ACTIVITY
trip:439e70a8,activity:917e3d72,HAS_ACTIVITY
trip:9604c7f7,city:b90bbd2b,HAS_CITY
trip:9604c7f7,city:319e1ea2,HAS_CITY
trip:9604c7f7,city:6a17faad,HAS_CITY
trip:9604c7f7,city:207462d2,HAS_CITY
trip:9604c7f7,city:1e5c810d,HAS_CITY
trip:9604c7f7,country:d1fa54da,HAS_COUNTRY
trip:9604c7f7,country:5f8f9e33,HAS_COUNTRY
trip:9604c7f7,hotel:b8f46051,HAS_HOTEL
trip:9604c7f7,hotel:c10b4db4,HAS_HOTEL
trip:9604c7f7,activity:6f421baa,HAS_ACTIVITY
trip:9604c7f7,activity:c1cc6cb7,HAS_ACTIVITY
trip:9604c7f7,activity:188b6005,HAS_ACTIVITY
trip:9604c7f7,activity:6a59ea75,HAS_ACTIVITY
trip:9604c7f7,activity:a002e9da,HAS_ACTIVITY
trip:9604c7f7,restaurant:9b2367b0,HAS_RESTAURANT
trip:a9799fac,city:1d6bd4e1,HAS_CITY
trip:a9799fac,city:b90bbd2b,HAS_CITY
trip:a9799fac,city:24d54538,HAS_CITY
trip:a9799fac,country:d1fa54da,HAS_COUNTRY
trip:a9799fac,country:13175c72,HAS_COUNTRY
trip:a9799fac,hotel:c63da175,HAS_HOTEL
trip:a9799fac,activity:df8a99ca,HAS_ACTIVITY
trip:a9799fac,activity:7e8976ee,HAS_ACTIVITY
trip:a9799fac,activity:9d845345,HAS_ACTIVITY
trip:a9799fac,activity:264ff16a,HAS_ACTIVITY
trip:a9799fac,restaurant:f8109d98,HAS_RESTAURANT
trip:4f0d9d37,city:b90bbd2b,HAS_CITY
trip:4f0d9d37,city:1d6bd4e1,HAS_CITY
trip:4f0d9d37,country:d1fa54da,HAS_COUNTRY
trip:4f0d9d37,activity:084038f1,HAS_ACTIVITY
trip:4f0d9d37,activity:5ef3c5d9,HAS_ACTIVITY
trip:4f0d9d37,activity:fa827f64,HAS_ACTIVITY
trip:4f0d9d37,activity:14edfb9b,HAS_ACTIVITY
trip:4f0d9d37,activity:95ac61ba,HAS_ACTIVITY
trip:d5d28812,city:b7827ac0,HAS_CITY
trip:d5d28812,city:948d97a5,HAS_CITY
trip:d5d28812,city:3fcf3ac0,HAS_CITY
trip:d5d28812,city:f0ad4ba3,HAS_CITY
trip:d5d28812,country:51b99634,HAS_COUNTRY
trip:d5d28812,activity:dd53c39e,HAS_ACTIVITY
trip:d5d28812,activity:f5ce38ee,HAS_ACTIVITY
trip:d5d28812,activity:cfbc53d9,HAS_ACTIVITY
trip:d5d28812,activity:3c1df30f,HAS_ACTIVITY
trip:d5d28812,activity:3ef2b52c,HAS_ACTIVITY
trip:850f756c,city:3fcf3ac0,HAS_CITY
trip:850f756c,city:db019b08,HAS_CITY
trip:850f756c,city:197f18c4,HAS_CITY
trip:850f756c,hotel:3fc3b127,HAS_HOTEL
trip:850f756c,activity:dd53c39e,HAS_ACTIVITY
trip:850f756c,activity:90cd7499,HAS_ACTIVITY
trip:850f756c,activity:97ef9def,HAS_ACTIVITY
trip:850f756c,activity:1426be33,HAS_ACTIVITY
trip:850f756c,activity:78bfd13e,HAS_ACTIVITY
trip:7bbddd97,city:b7827ac0,HAS_CITY
trip:7bbddd97,city:086bc7c0,HAS_CITY
trip:7bbddd97,city:bac37d4c,HAS_CITY
trip:7bbddd97,country:51b99634,HAS_COUNTRY
trip:7bbddd97,hotel:50e55fec,HAS_HOTEL
trip:7bbddd97,hotel:bba2c146,HAS_HOTEL
trip:7bbddd97,activity:03ab1d49,HAS_ACTIVITY
trip:7bbddd97,activity:5673b8f0,HAS_ACTIVITY
trip:7bbddd97,activity:78a477d7,HAS_ACTIVITY
trip:71140c38,city:07b3859a,HAS_CITY
trip:71140c38,hotel:39e91e77,HAS_HOTEL
trip:71140c38,hotel:9b04fcfd,HAS_HOTEL
trip:71140c38,hotel:9a58228a,HAS_HOTEL
trip:71140c38,activity:3d3fccf0,HAS_ACTIVITY
trip:71140c38,activity:7d4d5725,HAS_ACTIVITY
trip:71140c38,activity:ba1be813,HAS_ACTIVITY
trip:71140c38,activity:1beb19e8,HAS_ACTIVITY
trip:71140c38,activity:5bc88567,HAS_ACTIVITY
trip:71140c38,activity:8fbc3217,HAS_ACTIVITY
trip:b715de0e,city:207462d2,HAS_CITY
trip:b715de0e,city:ec462f92,HAS_CITY
trip:b715de0e,city:1e5c810d,HAS_CITY
trip:b715de0e,country:5f8f9e33,HAS_COUNTRY
trip:b715de0e,activity:c37714ab,HAS_ACTIVITY
trip:b715de0e,activity:fb659f0f,HAS_ACTIVITY
trip:b715de0e,activity:dc30d00c,HAS_ACTIVITY
trip:b715de0e,activity:2d60b38a,HAS_ACTIVITY
trip:6f717838,city:207462d2,HAS_CITY
trip:6f717838,city:ca85d046,HAS_CITY
trip:6f717838,city:1e5c810d,HAS_CITY
trip:6f717838,city:b90bbd2b,HAS_CITY
trip:6f717838,country:5f8f9e33,HAS_COUNTRY
trip:6f717838,country:d1fa54da,HAS_COUNTRY
trip:6f717838,hotel:60e39cdc,HAS_HOTEL
trip:6f717838,activity:5d3da831,HAS_ACTIVITY
trip:6f717838,activity:8ca93c95,HAS_ACTIVITY
trip:6f717838,activity:f1f291ce,HAS_ACTIVITY
trip:6f717838,activity:6f8bb6d9,HAS_ACTIVITY
trip:6f717838,activity:2d60b38a,HAS_ACTIVITY
trip:6f717838,activity:e4bfe4d2,HAS_ACTIVITY
trip:6f717838,restaurant:abd497d7,HAS_RESTAURANT
trip:d432b65f,city:8ecee8ea,HAS_CITY
trip:d432b65f,city:c18331d3,HAS_CITY
trip:d432b65f,country:152649df,HAS_COUNTRY
trip:d432b65f,hotel:1c24c205,HAS_HOTEL
trip:d432b65f,activity:404dbca6,HAS_ACTIVITY
trip:d432b65f,activity:ad6270a2,HAS_ACTIVITY
trip:d432b65f,activity:d5d8aeb4,HAS_ACTIVITY
trip:d432b65f,restaurant:c8b32246,HAS_RESTAURANT
trip:b7e0bf7d,city:0f7a389d,HAS_CITY
trip:b7e0bf7d,city:fb88c48c,HAS_CITY
trip:b7e0bf7d,city:8c270405,HAS_CITY
trip:b7e0bf7d,city:6ad61cf5,HAS_CITY
trip:b7e0bf7d,city:69b30b7c,HAS_CITY
trip:b7e0bf7d,city:d849e5a0,HAS_CITY
trip:b7e0bf7d,country:968063ff,HAS_COUNTRY
trip:b7e0bf7d,activity:e89a1031,HAS_ACTIVITY
trip:b7e0bf7d,activity:502ea790,HAS_ACTIVITY
trip:b7e0bf7d,activity:b01cf0b1,HAS_ACTIVITY
trip:b7e0bf7d,activity:6ab15b90,HAS_ACTIVITY
trip:b7e0bf7d,activity:5259ec3e,HAS_ACTIVITY
trip:51285976,city:0b138c69,HAS_CITY
trip:51285976,city:b70c708d,HAS_CITY
trip:51285976,country:c5341e88,HAS_COUNTRY
trip:51285976,activity:6061dd21,HAS_ACTIVITY
trip:51285976,activity:eed269b8,HAS_ACTIVITY
trip:51285976,activity:62b0d5c1,HAS_ACTIVITY
trip:51285976,activity:59b50328,HAS_ACTIVITY
trip:bb02f0f4,city:ebda2541,HAS_CITY
trip:bb02f0f4,city:071519dd,HAS_CITY
trip:bb02f0f4,city:7b020a67,HAS_CITY
trip:bb02f0f4,country:2cce0a10,HAS_COUNTRY
trip:bb02f0f4,country:c78273b5,HAS_COUNTRY
trip:bb02f0f4,hotel:856e0d78,HAS_HOTEL
trip:bb02f0f4,activity:04f1a477,HAS_ACTIVITY
trip:bb02f0f4,activity:b6a2db76,HAS_ACTIVITY
trip:bb02f0f4,activity:d10489b1,HAS_ACTIVITY
trip:bb02f0f4,activity:32c6df18,HAS_ACTIVITY
trip:bb02f0f4,activity:cceaa70a,HAS_ACTIVITY
trip:bb02f0f4,activity:eaf3b696,HAS_ACTIVITY
trip:bb02f0f4,activity:b05cfb5f,HAS_ACTIVITY
trip:bb02f0f4,activity:c418ecf5,HAS_ACTIVITY
trip:bb02f0f4,activity:31b81055,HAS_ACTIVITY
trip:bb02f0f4,activity:e8f893e1,HAS_ACTIVITY
trip:bb02f0f4,activity:1d934846,HAS_ACTIVITY
trip:bb02f0f4,activity:50085dc1,HAS_ACTIVITY
trip:bb02f0f4,restaurant:a8450f4d,HAS_RESTAURANT
trip:bb02f0f4,restaurant:44ee466a,HAS_RESTAURANT
trip:0037638e,city:ef0cc10f,HAS_CITY
trip:0037638e,city:d4be856c,HAS_CITY
trip:0037638e,city:e27d6ba3,HAS_CITY
trip:0037638e,city:bb8b20c9,HAS_CITY
trip:0037638e,city:2357e8fb,HAS_CITY
trip:0037638e,city:d76028f4,HAS_CITY
trip:0037638e,country:e75811bf,HAS_COUNTRY
trip:0037638e,hotel:6558c418,HAS_HOTEL
trip:0037638e,hotel:621f58cd,HAS_HOTEL
trip:0037638e,activity:af38534f,HAS_ACTIVITY
trip:0037638e,activity:58cff0a0,HAS_ACTIVITY
trip:0037638e,activity:a3e49a03,HAS_ACTIVITY
trip:0037638e,activity:ed91b1ba,HAS_ACTIVITY
trip:0037638e,activity:686b5628,HAS_ACTIVITY
trip:0037638e,activity:12dda60c,HAS_ACTIVITY
trip:0037638e,activity:8f84e6e2,HAS_ACTIVITY
trip:0037638e,activity:24073dbe,HAS_ACTIVITY
trip:0037638e,activity:aedf5048,HAS_ACTIVITY
trip:0037638e,activity:d090e4e1,HAS_ACTIVITY
trip:ba883484,city:a7391821,HAS_CITY
trip:ba883484,city:97d513e1,HAS_CITY
trip:ba883484,city:78ac9a03,HAS_CITY
trip:ba883484,city:7fb3f60c,HAS_CITY
trip:ba883484,country:dc300813,HAS_COUNTRY
trip:ba883484,hotel:b3592e68,HAS_HOTEL
trip:ba883484,hotel:a9603608,HAS_HOTEL
trip:ba883484,activity:73634dba,HAS_ACTIVITY
trip:ba883484,activity:9f8abc6c,HAS_ACTIVITY
trip:ba883484,activity:5febfb2b,HAS_ACTIVITY
trip:ba883484,activity:c7d8d345,HAS_ACTIVITY
trip:ba883484,activity:521754ef,HAS_ACTIVITY
trip:ba883484,activity:4451d693,HAS_ACTIVITY
trip:7e6a5127,city:76597d97,HAS_CITY
trip:7e6a5127,city:edd75271,HAS_CITY
trip:7e6a5127,city:1888d574,HAS_CITY
trip:7e6a5127,city:218d9c6e,HAS_CITY
trip:7e6a5127,city:50974623,HAS_CITY
trip:7e6a5127,city:70ede688,HAS_CITY
trip:7e6a5127,country:4c85b766,HAS_COUNTRY
trip:7e6a5127,activity:139f564f,HAS_ACTIVITY
trip:7e6a5127,activity:c08db5e4,HAS_ACTIVITY
trip:7e6a5127,activity:34f0e5c9,HAS_ACTIVITY
trip:7e6a5127,activity:b2d9c59d,HAS_ACTIVITY
trip:7e6a5127,activity:18b02957,HAS_ACTIVITY
trip:7e6a5127,activity:552927be,HAS_ACTIVITY
trip:7e6a5127,activity:aeb1e211,HAS_ACTIVITY
trip:7e6a5127,activity:03e94b93,HAS_ACTIVITY
trip:7e6a5127,activity:1a7b3398,HAS_ACTIVITY
trip:7e6a5127,activity:be523f16,HAS_ACTIVITY
trip:7e6a5127,activity:3688726b,HAS_ACTIVITY
trip:7e6a5127,activity:98bb2c50,HAS_ACTIVITY
trip:db6bae7f,city:ebda2541,HAS_CITY
trip:db6bae7f,city:c3871201,HAS_CITY
trip:db6bae7f,city:d8097fb7,HAS_CITY
trip:db6bae7f,city:00a21631,HAS_CITY
trip:db6bae7f,city:071519dd,HAS_CITY
trip:db6bae7f,country:2cce0a10,HAS_COUNTRY
trip:db6bae7f,activity:e57e176f,HAS_ACTIVITY
trip:db6bae7f,activity:d76be2d2,HAS_ACTIVITY
trip:db6bae7f,activity:32c6df18,HAS_ACTIVITY
trip:db6bae7f,activity:746335df,HAS_ACTIVITY
trip:db6bae7f,activity:69ddc8b6,HAS_ACTIVITY
trip:db6bae7f,activity:333ece85,HAS_ACTIVITY
trip:db6bae7f,activity:c418ecf5,HAS_ACTIVITY
trip:db6bae7f,activity:e75a678f,HAS_ACTIVITY
trip:db6bae7f,activity:cceaa70a,HAS_ACTIVITY
trip:db6bae7f,restaurant:00f49f0a,HAS_RESTAURANT
trip:b96206b0,city:cea6c3d4,HAS_CITY
trip:b96206b0,city:af406275,HAS_CITY
trip:b96206b0,city:67429235,HAS_CITY
trip:b96206b0,city:6a2e13b8,HAS_CITY
trip:b96206b0,city:134d69e3,HAS_CITY
trip:b96206b0,country:c7fb929c,HAS_COUNTRY
trip:b96206b0,country:32e8419a,HAS_COUNTRY
trip:b96206b0,activity:b244ac78,HAS_ACTIVITY
trip:b96206b0,activity:d533b752,HAS_ACTIVITY
trip:b96206b0,activity:17dd4f7a,HAS_ACTIVITY
trip:b96206b0,activity:ddbc971a,HAS_ACTIVITY
trip:b96206b0,activity:35b35982,HAS_ACTIVITY
trip:3273a4f7,city:bc180dbc,HAS_CITY
trip:3273a4f7,country:0c72c8b2,HAS_COUNTRY
trip:3273a4f7,hotel:7143402a,HAS_HOTEL
trip:3273a4f7,activity:715acbc9,HAS_ACTIVITY
trip:3273a4f7,activity:67dd2880,HAS_ACTIVITY
trip:3273a4f7,activity:f6e5f49c,HAS_ACTIVITY
trip:cf0539f1,city:9f916055,HAS_CITY
trip:cf0539f1,city:6881b6df,HAS_CITY
trip:cf0539f1,city:f7479b34,HAS_CITY
trip:cf0539f1,city:74b004fd,HAS_CITY
trip:cf0539f1,city:bcebd3c0,HAS_CITY
trip:cf0539f1,country:bb116538,HAS_COUNTRY
trip:cf0539f1,activity:eb88d6ac,HAS_ACTIVITY
trip:cf0539f1,activity:4b4e8045,HAS_ACTIVITY
trip:cf0539f1,activity:45b6e727,HAS_ACTIVITY
trip:cf0539f1,activity:6d99cccb,HAS_ACTIVITY
trip:cf0539f1,activity:875ae752,HAS_ACTIVITY
trip:cf0539f1,restaurant:717e2975,HAS_RESTAURANT
trip:3bfd93a0,city:fbf968d5,HAS_CITY
trip:3bfd93a0,country:51b99634,HAS_COUNTRY
trip:3bfd93a0,hotel:2b10e9f5,HAS_HOTEL
trip:3bfd93a0,activity:983858b9,HAS_ACTIVITY
trip:3bfd93a0,activity:d19783ca,HAS_ACTIVITY
trip:3bfd93a0,activity:fd317867,HAS_ACTIVITY
trip:3bfd93a0,activity:851a57db,HAS_ACTIVITY
trip:3bfd93a0,activity:30e58f22,HAS_ACTIVITY
trip:3bfd93a0,restaurant:87218ca0,HAS_RESTAURANT
trip:3bfd93a0,restaurant:4af3458b,HAS_RESTAURANT
trip:55882901,city:dea56e47,HAS_CITY
trip:55882901,city:49af4884,HAS_CITY
trip:55882901,country:1747d4b2,HAS_COUNTRY
trip:55882901,activity:307c3791,HAS_ACTIVITY
trip:55882901,activity:3a56af31,HAS_ACTIVITY
trip:55882901,activity:6df66dcc,HAS_ACTIVITY
trip:55882901,activity:fa5c27c5,HAS_ACTIVITY
trip:55882901,activity:a2b906ce,HAS_ACTIVITY
trip:55882901,activity:3bd0e75d,HAS_ACTIVITY
trip:55882901,activity:2a05f9e6,HAS_ACTIVITY
trip:55882901,activity:12bf2dac,HAS_ACTIVITY
trip:55882901,activity:10350858,HAS_ACTIVITY
trip:55882901,activity:bc24c48c,HAS_ACTIVITY
trip:55882901,activity:eee14e07,HAS_ACTIVITY
trip:55882901,activity:9a8c66f4,HAS_ACTIVITY
trip:55882901,activity:044907c1,HAS_ACTIVITY
trip:55882901,restaurant:bf94abcf,HAS_RESTAURANT
trip:8b24e0b6,city:9f916055,HAS_CITY
trip:8b24e0b6,city:74b004fd,HAS_CITY
trip:8b24e0b6,city:bcebd3c0,HAS_CITY
trip:8b24e0b6,city:931967f2,HAS_CITY
trip:8b24e0b6,city:22eb4ae9,HAS_CITY
trip:8b24e0b6,city:a76b712f,HAS_CITY
trip:8b24e0b6,country:bb116538,HAS_COUNTRY
trip:8b24e0b6,activity:5f37e60e,HAS_ACTIVITY
trip:8b24e0b6,activity:45b6e727,HAS_ACTIVITY
trip:8b24e0b6,activity:634ad244,HAS_ACTIVITY
trip:8b24e0b6,activity:5632a278,HAS_ACTIVITY
trip:8b24e0b6,activity:998439ba,HAS_ACTIVITY
trip:8b24e0b6,activity:28ed4b6f,HAS_ACTIVITY
trip:8b24e0b6,activity:69542484,HAS_ACTIVITY
trip:8b24e0b6,activity:ef60246c,HAS_ACTIVITY
trip:8b24e0b6,activity:e7b3e4eb,HAS_ACTIVITY
trip:8b24e0b6,restaurant:4feb0a72,HAS_RESTAURANT
trip:8b24e0b6,restaurant:13977f70,HAS_RESTAURANT
trip:527bfb0a,city:ef0cc10f,HAS_CITY
trip:527bfb0a,city:e27d6ba3,HAS_CITY
trip:527bfb0a,city:746b6431,HAS_CITY
trip:527bfb0a,city:97b43156,HAS_CITY
trip:527bfb0a,country:e75811bf,HAS_COUNTRY
trip:527bfb0a,activity:197096c1,HAS_ACTIVITY
trip:527bfb0a,activity:7840c959,HAS_ACTIVITY
trip:527bfb0a,activity:b44a11bb,HAS_ACTIVITY
trip:73b03c61,city:31c14769,HAS_CITY
trip:73b03c61,city:6bc4adb6,HAS_CITY
trip:73b03c61,city:76677493,HAS_CITY
trip:73b03c61,city:e726cc85,HAS_CITY
trip:73b03c61,country:c1c8cbd1,HAS_COUNTRY
trip:73b03c61,activity:b36fb168,HAS_ACTIVITY
trip:73b03c61,activity:89380bc7,HAS_ACTIVITY
trip:73b03c61,activity:7d559194,HAS_ACTIVITY
trip:73b03c61,activity:9a61591e,HAS_ACTIVITY
trip:73b03c61,activity:8c1b61e9,HAS_ACTIVITY
trip:73b03c61,activity:c9eb85f8,HAS_ACTIVITY
trip:73b03c61,activity:84fb4ebf,HAS_ACTIVITY
trip:73b03c61,restaurant:cc037475,HAS_RESTAURANT
trip:de6ed132,city:78ac9a03,HAS_CITY
trip:de6ed132,city:7fb3f60c,HAS_CITY
trip:de6ed132,city:a7391821,HAS_CITY
trip:de6ed132,city:1844c468,HAS_CITY
trip:de6ed132,country:dc300813,HAS_COUNTRY
trip:de6ed132,activity:4c238bc1,HAS_ACTIVITY
trip:de6ed132,activity:c6cbccc0,HAS_ACTIVITY
trip:de6ed132,activity:521754ef,HAS_ACTIVITY
trip:de6ed132,activity:afa5c0af,HAS_ACTIVITY
trip:de6ed132,activity:a36e8e9d,HAS_ACTIVITY
trip:de6ed132,activity:f76e09de,HAS_ACTIVITY
trip:7afce7cc,city:667cc0c1,HAS_CITY
trip:7afce7cc,city:4a210da9,HAS_CITY
trip:7afce7cc,country:bb3db6b1,HAS_COUNTRY
trip:7afce7cc,activity:f1c8a356,HAS_ACTIVITY
trip:7afce7cc,activity:c3d3bb2a,HAS_ACTIVITY
trip:7afce7cc,activity:21a96130,HAS_ACTIVITY
trip:7afce7cc,activity:32a08ca2,HAS_ACTIVITY
trip:7afce7cc,activity:27c5cf83,HAS_ACTIVITY
trip:7afce7cc,activity:f59c9a4c,HAS_ACTIVITY
trip:7afce7cc,activity:8a8394f4,HAS_ACTIVITY
trip:7afce7cc,activity:45332d8d,HAS_ACTIVITY
trip:7afce7cc,activity:3495324c,HAS_ACTIVITY
trip:7afce7cc,activity:31581e1d,HAS_ACTIVITY
trip:7afce7cc,activity:15240f57,HAS_ACTIVITY
trip:7afce7cc,activity:9b5bbf9f,HAS_ACTIVITY
trip:f1ef7348,city:e04f3afa,HAS_CITY
trip:f1ef7348,city:259e06b5,HAS_CITY
trip:f1ef7348,city:b55e2f71,HAS_CITY
trip:f1ef7348,country:c78273b5,HAS_COUNTRY
trip:f1ef7348,hotel:76c97992,HAS_HOTEL
trip:f1ef7348,activity:44b694fa,HAS_ACTIVITY
trip:f1ef7348,activity:a6f04bad,HAS_ACTIVITY
trip:f1ef7348,activity:1d6329d8,HAS_ACTIVITY
trip:f1ef7348,activity:b5430525,HAS_ACTIVITY
trip:f1ef7348,activity:f7f7abe2,HAS_ACTIVITY
trip:f1ef7348,activity:103a8639,HAS_ACTIVITY
trip:f1ef7348,activity:6af7dd24,HAS_ACTIVITY
trip:f1ef7348,activity:5a0718d2,HAS_ACTIVITY
trip:f1ef7348,activity:d5f86053,HAS_ACTIVITY
trip:f1ef7348,activity:962fd165,HAS_ACTIVITY
trip:f1ef7348,activity:75b92a2d,HAS_ACTIVITY
trip:54c34338,city:af2a8190,HAS_CITY
trip:54c34338,city:62396b65,HAS_CITY
trip:54c34338,country:577e905f,HAS_COUNTRY
trip:54c34338,hotel:52e58da7,HAS_HOTEL
trip:54c34338,activity:4cdbed35,HAS_ACTIVITY
trip:54c34338,activity:e9f33b77,HAS_ACTIVITY
trip:54c34338,activity:91a32ccb,HAS_ACTIVITY
trip:54c34338,activity:9c1fd64c,HAS_ACTIVITY
trip:705c4476,city:207462d2,HAS_CITY
trip:705c4476,city:adfda0b5,HAS_CITY
trip:705c4476,city:702737cc,HAS_CITY
trip:705c4476,city:fb7a06dc,HAS_CITY
trip:705c4476,city:d384bed4,HAS_CITY
trip:705c4476,country:5f8f9e33,HAS_COUNTRY
trip:705c4476,country:b0c36e7e,HAS_COUNTRY
trip:705c4476,hotel:01e98bcc,HAS_HOTEL
trip:705c4476,hotel:5c8b3ac0,HAS_HOTEL
trip:705c4476,hotel:37420694,HAS_HOTEL
trip:705c4476,hotel:d719af01,HAS_HOTEL
trip:705c4476,activity:60d6b4ba,HAS_ACTIVITY
trip:705c4476,activity:752834d8,HAS_ACTIVITY
trip:705c4476,activity:0b132398,HAS_ACTIVITY
trip:705c4476,activity:a116a80f,HAS_ACTIVITY
trip:705c4476,activity:8290a4a7,HAS_ACTIVITY
trip:705c4476,activity:e98181fd,HAS_ACTIVITY
trip:705c4476,activity:a66ae221,HAS_ACTIVITY
trip:705c4476,activity:efcca73f,HAS_ACTIVITY
trip:705c4476,activity:d0fb6486,HAS_ACTIVITY
trip:705c4476,activity:34339f70,HAS_ACTIVITY
trip:705c4476,activity:2285ef49,HAS_ACTIVITY
trip:705c4476,activity:1bc40144,HAS_ACTIVITY
trip:705c4476,activity:e9be5524,HAS_ACTIVITY
trip:705c4476,activity:ccbe3709,HAS_ACTIVITY
trip:392a8b31,city:76597d97,HAS_CITY
trip:392a8b31,city:edd75271,HAS_CITY
trip:392a8b31,city:218d9c6e,HAS_CITY
trip:392a8b31,city:50974623,HAS_CITY
trip:392a8b31,city:70ede688,HAS_CITY
trip:392a8b31,country:4c85b766,HAS_COUNTRY
trip:392a8b31,activity:139f564f,HAS_ACTIVITY
trip:392a8b31,activity:6f59a73a,HAS_ACTIVITY
trip:392a8b31,activity:1a0cfd30,HAS_ACTIVITY
trip:392a8b31,activity:9a0ff0f3,HAS_ACTIVITY
trip:392a8b31,activity:0cb7f1ae,HAS_ACTIVITY
trip:392a8b31,activity:74d0b222,HAS_ACTIVITY
trip:392a8b31,activity:98bb2c50,HAS_ACTIVITY
trip:64698bb9,city:ef0cc10f,HAS_CITY
trip:64698bb9,city:e27d6ba3,HAS_CITY
trip:64698bb9,city:c73d4a40,HAS_CITY
trip:64698bb9,city:319e1ea2,HAS_CITY
trip:64698bb9,city:8e3fbec4,HAS_CITY
trip:64698bb9,city:1d6bd4e1,HAS_CITY
trip:64698bb9,country:e75811bf,HAS_COUNTRY
trip:64698bb9,country:d1fa54da,HAS_COUNTRY
trip:64698bb9,activity:af38534f,HAS_ACTIVITY
trip:64698bb9,activity:630d6760,HAS_ACTIVITY
trip:64698bb9,activity:4d5f2208,HAS_ACTIVITY
trip:64698bb9,activity:4d32b4b3,HAS_ACTIVITY
trip:64698bb9,activity:e14b2fbe,HAS_ACTIVITY
trip:64698bb9,activity:3fa3816d,HAS_ACTIVITY
trip:64698bb9,activity:0b55d88d,HAS_ACTIVITY
trip:64698bb9,activity:f35295c4,HAS_ACTIVITY
trip:64698bb9,activity:2e24622c,HAS_ACTIVITY
trip:64698bb9,activity:6b395e19,HAS_ACTIVITY
trip:64698bb9,activity:a9464d2e,HAS_ACTIVITY
trip:64698bb9,activity:1455379b,HAS_ACTIVITY
trip:387e5e24,city:a7391821,HAS_CITY
trip:387e5e24,city:78ac9a03,HAS_CITY
trip:387e5e24,city:7fb3f60c,HAS_CITY
trip:387e5e24,city:705776f1,HAS_CITY
trip:387e5e24,city:d6419416,HAS_CITY
trip:387e5e24,country:dc300813,HAS_COUNTRY
trip:387e5e24,hotel:1289202d,HAS_HOTEL
trip:387e5e24,activity:4cdbed35,HAS_ACTIVITY
trip:387e5e24,activity:e9f33b77,HAS_ACTIVITY
trip:387e5e24,activity:5108aa15,HAS_ACTIVITY
trip:387e5e24,activity:521754ef,HAS_ACTIVITY
trip:387e5e24,activity:cfc91f72,HAS_ACTIVITY
trip:387e5e24,activity:3834e2af,HAS_ACTIVITY
trip:387e5e24,activity:78e6e831,HAS_ACTIVITY
trip:387e5e24,activity:352b6a24,HAS_ACTIVITY
trip:387e5e24,activity:132b2706,HAS_ACTIVITY
trip:387e5e24,restaurant:377cfb29,HAS_RESTAURANT
trip:66857dbd,city:7f125860,HAS_CITY
trip:66857dbd,city:6ef094db,HAS_CITY
trip:66857dbd,city:4e756226,HAS_CITY
trip:66857dbd,city:c980eb4f,HAS_CITY
trip:66857dbd,city:b90bbd2b,HAS_CITY
trip:66857dbd,country:a7aae4f0,HAS_COUNTRY
trip:66857dbd,country:d1fa54da,HAS_COUNTRY
trip:66857dbd,hotel:1a05ff48,HAS_HOTEL
trip:66857dbd,activity:2a381150,HAS_ACTIVITY
trip:66857dbd,activity:9262d712,HAS_ACTIVITY
trip:66857dbd,activity:f1f489cf,HAS_ACTIVITY
trip:66857dbd,activity:c7171ccc,HAS_ACTIVITY
trip:66857dbd,activity:39199a02,HAS_ACTIVITY
trip:66857dbd,activity:d21b237e,HAS_ACTIVITY
trip:66857dbd,activity:12746d23,HAS_ACTIVITY
trip:66857dbd,activity:1c75edb0,HAS_ACTIVITY
trip:66857dbd,activity:d966269a,HAS_ACTIVITY
trip:670bab2c,city:ccbee73c,HAS_CITY
trip:670bab2c,city:60d99e58,HAS_CITY
trip:670bab2c,country:e165d4f2,HAS_COUNTRY
trip:670bab2c,country:bab4ac37,HAS_COUNTRY
trip:670bab2c,hotel:8bdd2e22,HAS_HOTEL
trip:670bab2c,hotel:ba242545,HAS_HOTEL
trip:670bab2c,activity:a2c3f047,HAS_ACTIVITY
trip:670bab2c,activity:964ac3af,HAS_ACTIVITY
trip:670bab2c,restaurant:748cc6df,HAS_RESTAURANT
trip:670bab2c,restaurant:be177d8b,HAS_RESTAURANT
trip:5b1d8213,city:ccbee73c,HAS_CITY
trip:5b1d8213,city:60d99e58,HAS_CITY
trip:5b1d8213,country:e165d4f2,HAS_COUNTRY
trip:5b1d8213,country:bab4ac37,HAS_COUNTRY
trip:5b1d8213,hotel:8bdd2e22,HAS_HOTEL
trip:5b1d8213,hotel:ba242545,HAS_HOTEL
trip:5b1d8213,activity:a2c3f047,HAS_ACTIVITY
trip:5b1d8213,activity:964ac3af,HAS_ACTIVITY
trip:5b1d8213,restaurant:748cc6df,HAS_RESTAURANT
trip:5b1d8213,restaurant:be177d8b,HAS_RESTAURANT
trip:6fe4a936,city:f6c3e7af,HAS_CITY
trip:6fe4a936,city:9448df8d,HAS_CITY
trip:6fe4a936,country:db77174a,HAS_COUNTRY
trip:6fe4a936,country:db5f1443,HAS_COUNTRY
trip:6fe4a936,country:28d0d904,HAS_COUNTRY
trip:6fe4a936,activity:7bf52212,HAS_ACTIVITY
trip:6fe4a936,activity:19c35234,HAS_ACTIVITY
trip:7cb4a7e6,city:60d99e58,HAS_CITY
trip:7cb4a7e6,country:bab4ac37,HAS_COUNTRY
trip:7cb4a7e6,hotel:77a76973,HAS_HOTEL
trip:7cb4a7e6,activity:40fda8c3,HAS_ACTIVITY
trip:7cb4a7e6,activity:04a29dd7,HAS_ACTIVITY
trip:7cb4a7e6,activity:176443af,HAS_ACTIVITY
trip:7cb4a7e6,restaurant:f631a42d,HAS_RESTAURANT
trip:d170ea25,city:a03a400d,HAS_CITY
trip:d170ea25,city:2609eaea,HAS_CITY
trip:d170ea25,country:db77174a,HAS_COUNTRY
trip:d170ea25,hotel:cc14de94,HAS_HOTEL
trip:d170ea25,hotel:badce91a,HAS_HOTEL
trip:d170ea25,activity:52f8c58c,HAS_ACTIVITY
trip:d170ea25,activity:e6c01dc3,HAS_ACTIVITY
trip:d170ea25,activity:9eb2f3cb,HAS_ACTIVITY
trip:d170ea25,restaurant:b3840d3e,HAS_RESTAURANT
trip:d170ea25,restaurant:1d75a95b,HAS_RESTAURANT
trip:55c5bc17,city:f6c3e7af,HAS_CITY
trip:55c5bc17,city:9448df8d,HAS_CITY
trip:55c5bc17,country:db77174a,HAS_COUNTRY
trip:55c5bc17,country:db5f1443,HAS_COUNTRY
trip:55c5bc17,country:28d0d904,HAS_COUNTRY
trip:55c5bc17,activity:7bf52212,HAS_ACTIVITY
trip:55c5bc17,activity:19c35234,HAS_ACTIVITY
trip:650cafee,city:bc180dbc,HAS_CITY
trip:650cafee,country:9cdc126f,HAS_COUNTRY
trip:650cafee,hotel:55b57608,HAS_HOTEL
trip:650cafee,activity:12ff5f62,HAS_ACTIVITY
trip:650cafee,activity:9ccb3f90,HAS_ACTIVITY
trip:650cafee,activity:a30a9b6c,HAS_ACTIVITY
trip:650cafee,restaurant:916d5702,HAS_RESTAURANT
trip:966e2cb8,city:5cbe8b23,HAS_CITY
trip:966e2cb8,country:152649df,HAS_COUNTRY
trip:966e2cb8,hotel:ecda9226,HAS_HOTEL
trip:966e2cb8,activity:be0adb8d,HAS_ACTIVITY
trip:966e2cb8,activity:16610129,HAS_ACTIVITY
trip:966e2cb8,activity:f8566453,HAS_ACTIVITY
trip:966e2cb8,restaurant:b69c3dab,HAS_RESTAURANT
trip:b94ea461,city:ef0cc10f,HAS_CITY
trip:b94ea461,country:578ed5a4,HAS_COUNTRY
trip:b94ea461,hotel:1ad4e24c,HAS_HOTEL
trip:b94ea461,activity:4bdfd0a6,HAS_ACTIVITY
trip:b94ea461,activity:3059cecb,HAS_ACTIVITY
trip:b94ea461,activity:cfc5a6db,HAS_ACTIVITY
trip:b94ea461,restaurant:cabdfec6,HAS_RESTAURANT
trip:8dcd6e50,city:e27d6ba3,HAS_CITY
trip:8dcd6e50,country:578ed5a4,HAS_COUNTRY
trip:8dcd6e50,hotel:67bb0019,HAS_HOTEL
trip:8dcd6e50,activity:ee79cb53,HAS_ACTIVITY
trip:8dcd6e50,activity:96906368,HAS_ACTIVITY
trip:8dcd6e50,activity:593f1c04,HAS_ACTIVITY
trip:8dcd6e50,restaurant:86217452,HAS_RESTAURANT
trip:96351602,city:dea56e47,HAS_CITY
trip:96351602,country:1747d4b2,HAS_COUNTRY
trip:96351602,hotel:a1a07d10,HAS_HOTEL
trip:96351602,activity:ca012884,HAS_ACTIVITY
trip:96351602,activity:8f925741,HAS_ACTIVITY
trip:96351602,activity:5d33b370,HAS_ACTIVITY
trip:96351602,restaurant:46ab1667,HAS_RESTAURANT
trip:0d225df9,city:dea56e47,HAS_CITY
trip:0d225df9,country:1747d4b2,HAS_COUNTRY
trip:0d225df9,hotel:a1a07d10,HAS_HOTEL
trip:0d225df9,activity:ca012884,HAS_ACTIVITY
trip:0d225df9,activity:8f925741,HAS_ACTIVITY
trip:0d225df9,activity:5d33b370,HAS_ACTIVITY
trip:0d225df9,restaurant:46ab1667,HAS_RESTAURANT
trip:975164c6,city:2609eaea,HAS_CITY
trip:975164c6,country:db77174a,HAS_COUNTRY
trip:975164c6,hotel:badce91a,HAS_HOTEL
trip:975164c6,activity:7bf52212,HAS_ACTIVITY
trip:975164c6,activity:9eb2f3cb,HAS_ACTIVITY
trip:975164c6,activity:5fee55b1,HAS_ACTIVITY
trip:975164c6,restaurant:1d75a95b,HAS_RESTAURANT
trip:d170ea25,city:72be2725,HAS_CITY
trip:d170ea25,activity:887520b3,HAS_ACTIVITY
trip:adfae6c6,city:60d99e58,HAS_CITY
trip:adfae6c6,country:bab4ac37,HAS_COUNTRY
trip:adfae6c6,hotel:77a76973,HAS_HOTEL
trip:adfae6c6,activity:40fda8c3,HAS_ACTIVITY
trip:adfae6c6,activity:04a29dd7,HAS_ACTIVITY
trip:adfae6c6,activity:176443af,HAS_ACTIVITY
trip:adfae6c6,restaurant:be177d8b,HAS_RESTAURANT
trip:9c4f050c,city:2609eaea,HAS_CITY
trip:9c4f050c,city:a03a400d,HAS_CITY
trip:9c4f050c,country:db77174a,HAS_COUNTRY
trip:9c4f050c,hotel:cc14de94,HAS_HOTEL
trip:9c4f050c,activity:7bf52212,HAS_ACTIVITY
trip:9c4f050c,activity:e6c01dc3,HAS_ACTIVITY
trip:9c4f050c,activity:52f8c58c,HAS_ACTIVITY
trip:9c4f050c,restaurant:b3840d3e,HAS_RESTAURANT
trip:3bbb8dab,city:2609eaea,HAS_CITY
trip:3bbb8dab,country:db77174a,HAS_COUNTRY
trip:3bbb8dab,hotel:badce91a,HAS_HOTEL
trip:3bbb8dab,activity:7bf52212,HAS_ACTIVITY
trip:3bbb8dab,activity:9eb2f3cb,HAS_ACTIVITY
trip:3bbb8dab,activity:5fee55b1,HAS_ACTIVITY
trip:3bbb8dab,activity:ac562326,HAS_ACTIVITY
trip:3bbb8dab,restaurant:1d75a95b,HAS_RESTAURANT
trip:c064ba8e,city:5cbe8b23,HAS_CITY
trip:c064ba8e,country:152649df,HAS_COUNTRY
trip:c064ba8e,hotel:7b4acf47,HAS_HOTEL
trip:c064ba8e,activity:16610129,HAS_ACTIVITY
trip:c064ba8e,activity:f8566453,HAS_ACTIVITY
trip:c064ba8e,activity:be0adb8d,HAS_ACTIVITY
trip:c064ba8e,restaurant:b69c3dab,HAS_RESTAURANT
trip:ada4c5ea,city:bc180dbc,HAS_CITY
trip:ada4c5ea,country:9cdc126f,HAS_COUNTRY
trip:ada4c5ea,hotel:377fafad,HAS_HOTEL
trip:ada4c5ea,activity:31f4c3b1,HAS_ACTIVITY
trip:ada4c5ea,activity:a30a9b6c,HAS_ACTIVITY
trip:ada4c5ea,activity:9ccb3f90,HAS_ACTIVITY
trip:ada4c5ea,restaurant:db86aada,HAS_RESTAURANT
trip:983209b2,city:f6c3e7af,HAS_CITY
trip:983209b2,city:9448df8d,HAS_CITY
trip:983209b2,country:db77174a,HAS_COUNTRY
trip:983209b2,country:db5f1443,HAS_COUNTRY
trip:983209b2,country:28d0d904,HAS_COUNTRY
trip:983209b2,activity:070473cf,HAS_ACTIVITY
trip:983209b2,activity:0bdc959a,HAS_ACTIVITY
trip:4d8441ee,city:8fde6a65,HAS_CITY
trip:4d8441ee,city:29833ab4,HAS_CITY
trip:4d8441ee,country:40bdb060,HAS_COUNTRY
trip:4d8441ee,hotel:8fcd070b,HAS_HOTEL
trip:4d8441ee,hotel:1cda3c00,HAS_HOTEL
trip:4d8441ee,activity:ae211513,HAS_ACTIVITY
trip:4d8441ee,activity:ac85a3d7,HAS_ACTIVITY
trip:4d8441ee,restaurant:01806cbb,HAS_RESTAURANT
trip:f98c5b7d,city:60d99e58,HAS_CITY
trip:f98c5b7d,city:fbf968d5,HAS_CITY
trip:f98c5b7d,country:bab4ac37,HAS_COUNTRY
trip:f98c5b7d,hotel:77a76973,HAS_HOTEL
trip:f98c5b7d,hotel:cc73c592,HAS_HOTEL
trip:f98c5b7d,activity:40fda8c3,HAS_ACTIVITY
trip:f98c5b7d,activity:77c5288c,HAS_ACTIVITY
trip:f98c5b7d,restaurant:be177d8b,HAS_RESTAURANT
trip:5a81b50c,city:ccbee73c,HAS_CITY
trip:5a81b50c,country:e165d4f2,HAS_COUNTRY
trip:5a81b50c,hotel:4395f963,HAS_HOTEL
trip:5a81b50c,activity:1343415f,HAS_ACTIVITY
trip:5a81b50c,activity:2fd9cd62,HAS_ACTIVITY
trip:5a81b50c,restaurant:7417858a,HAS_RESTAURANT
trip:82eb3745,city:341c9da8,HAS_CITY
trip:82eb3745,city:2609eaea,HAS_CITY
trip:82eb3745,country:db77174a,HAS_COUNTRY
trip:82eb3745,hotel:cc14de94,HAS_HOTEL
trip:82eb3745,activity:52f8c58c,HAS_ACTIVITY
trip:82eb3745,activity:7bf52212,HAS_ACTIVITY
trip:82eb3745,restaurant:b3840d3e,HAS_RESTAURANT
trip:f076dd2a,city:ccbee73c,HAS_CITY
trip:f076dd2a,city:60d99e58,HAS_CITY
trip:f076dd2a,city:dea56e47,HAS_CITY
trip:f076dd2a,country:e165d4f2,HAS_COUNTRY
trip:f076dd2a,country:bab4ac37,HAS_COUNTRY
trip:f076dd2a,country:1747d4b2,HAS_COUNTRY
trip:f076dd2a,hotel:8bdd2e22,HAS_HOTEL
trip:f076dd2a,hotel:77a76973,HAS_HOTEL
trip:f076dd2a,hotel:a1a07d10,HAS_HOTEL
trip:f076dd2a,activity:a2c3f047,HAS_ACTIVITY
trip:f076dd2a,activity:40fda8c3,HAS_ACTIVITY
trip:f076dd2a,activity:ca012884,HAS_ACTIVITY
trip:f076dd2a,restaurant:be177d8b,HAS_RESTAURANT
trip:f076dd2a,restaurant:46ab1667,HAS_RESTAURANT
trip:bf5c8add,city:ccbee73c,HAS_CITY
trip:bf5c8add,country:e165d4f2,HAS_COUNTRY
trip:bf5c8add,hotel:4395f963,HAS_HOTEL
trip:bf5c8add,activity:a2c3f047,HAS_ACTIVITY
trip:bf5c8add,activity:1343415f,HAS_ACTIVITY
trip:bf5c8add,activity:c7b365a6,HAS_ACTIVITY
trip:bf5c8add,restaurant:748cc6df,HAS_RESTAURANT
