start,end,type
1,2,HAS_CITY
1,3,HAS_CITY
1,4,HAS_CITY
1,5,HAS_CITY
1,6,HAS_CITY
1,7,HAS_CITY
1,8,HAS_COUNTRY
1,9,HAS_COUNTRY
1,10,HAS_COUNTRY
1,11,HAS_ACTIVITY
1,12,HAS_ACTIVITY
1,13,HAS_ACTIVITY
1,14,HAS_ACTIVITY
1,15,HAS_ACTIVITY
1,16,HAS_ACTIVITY
1,17,HAS_ACTIVITY
1,18,HAS_ACTIVITY
1,19,HAS_ACTIVITY
1,20,HAS_ACTIVITY
1,21,HAS_ACTIVITY
1,22,HAS_ACTIVITY
1,23,HAS_ACTIVITY
1,24,HAS_ACTIVITY
1,25,HAS_ACTIVITY
1,26,HAS_ACTIVITY
1,27,HAS_ACTIVITY
1,28,HAS_ACTIVITY
1,29,HAS_ACTIVITY
1,30,HAS_ACTIVITY
1,31,HAS_ACTIVITY
1,32,HAS_ACTIVITY
1,33,HAS_RESTAURANT
1,34,HAS_RESTAURANT
1,35,HAS_RESTAURANT
36,37,HAS_CITY
36,38,HAS_COUNTRY
36,39,HAS_ACTIVITY
36,40,HAS_ACTIVITY
36,41,HAS_ACTIVITY
36,42,HAS_ACTIVITY
36,43,HAS_ACTIVITY
36,44,HAS_ACTIVITY
36,45,HAS_ACTIVITY
36,46,HAS_ACTIVITY
36,47,HAS_HOTEL
36,48,HAS_HOTEL
49,50,HAS_CITY
49,51,HAS_CITY
49,52,HAS_CITY
49,53,HAS_CITY
49,54,HAS_COUNTRY
49,55,HAS_ACTIVITY
49,56,HAS_ACTIVITY
49,57,HAS_ACTIVITY
49,58,HAS_ACTIVITY
49,59,HAS_ACTIVITY
49,60,HAS_ACTIVITY
49,61,HAS_ACTIVITY
49,62,HAS_ACTIVITY
49,63,HAS_ACTIVITY
49,64,HAS_ACTIVITY
49,65,HAS_ACTIVITY
49,66,HAS_HOTEL
67,68,HAS_CITY
67,69,HAS_CITY
67,70,HAS_COUNTRY
67,71,HAS_RESTAURANT
67,72,HAS_RESTAURANT
67,73,HAS_RESTAURANT
67,74,HAS_RESTAURANT
67,75,HAS_RESTAURANT
67,76,HAS_RESTAURANT
67,77,HAS_RESTAURANT
67,78,HAS_HOTEL
79,80,HAS_CITY
79,81,HAS_COUNTRY
79,82,HAS_HOTEL
79,83,HAS_HOTEL
79,84,HAS_HOTEL
85,86,HAS_CITY
85,87,HAS_CITY
85,88,HAS_CITY
85,89,HAS_COUNTRY
85,90,HAS_ACTIVITY
85,91,HAS_ACTIVITY
85,92,HAS_ACTIVITY
85,93,HAS_HOTEL
85,94,HAS_HOTEL
95,96,HAS_CITY
95,97,HAS_COUNTRY
95,98,HAS_ACTIVITY
95,99,HAS_ACTIVITY
95,100,HAS_ACTIVITY
95,101,HAS_ACTIVITY
95,102,HAS_ACTIVITY
95,103,HAS_RESTAURANT
95,104,HAS_RESTAURANT
95,105,HAS_RESTAURANT
106,107,HAS_CITY
106,108,HAS_CITY
106,109,HAS_CITY
106,110,HAS_CITY
106,97,HAS_COUNTRY
106,111,HAS_COUNTRY
106,112,HAS_ACTIVITY
106,113,HAS_ACTIVITY
106,114,HAS_ACTIVITY
106,115,HAS_ACTIVITY
106,116,HAS_RESTAURANT
106,117,HAS_RESTAURANT
106,118,HAS_RESTAURANT
106,119,HAS_HOTEL
120,121,HAS_CITY
120,122,HAS_CITY
120,123,HAS_CITY
120,124,HAS_CITY
120,125,HAS_CITY
120,126,HAS_CITY
120,127,HAS_CITY
120,128,HAS_CITY
120,129,HAS_COUNTRY
120,130,HAS_COUNTRY
120,131,HAS_COUNTRY
120,132,HAS_ACTIVITY
120,133,HAS_ACTIVITY
120,134,HAS_ACTIVITY
120,135,HAS_ACTIVITY
120,136,HAS_ACTIVITY
120,137,HAS_ACTIVITY
120,138,HAS_ACTIVITY
120,139,HAS_ACTIVITY
120,140,HAS_ACTIVITY
120,141,HAS_HOTEL
120,142,HAS_HOTEL
120,143,HAS_HOTEL
120,144,HAS_HOTEL
120,145,HAS_HOTEL
120,146,HAS_HOTEL
120,147,HAS_HOTEL
148,149,HAS_CITY
148,150,HAS_CITY
148,151,HAS_COUNTRY
148,152,HAS_COUNTRY
148,153,HAS_ACTIVITY
148,154,HAS_RESTAURANT
148,155,HAS_RESTAURANT
148,156,HAS_HOTEL
148,157,HAS_HOTEL
158,159,HAS_CITY
158,160,HAS_CITY
158,161,HAS_CITY
158,162,HAS_CITY
158,163,HAS_COUNTRY
158,164,HAS_COUNTRY
158,165,HAS_ACTIVITY
158,166,HAS_ACTIVITY
158,167,HAS_ACTIVITY
158,168,HAS_ACTIVITY
158,169,HAS_ACTIVITY
158,170,HAS_ACTIVITY
158,171,HAS_ACTIVITY
158,172,HAS_ACTIVITY
158,173,HAS_RESTAURANT
158,174,HAS_RESTAURANT
158,175,HAS_RESTAURANT
158,176,HAS_RESTAURANT
158,177,HAS_RESTAURANT
158,178,HAS_HOTEL
158,179,HAS_HOTEL
158,180,HAS_HOTEL
181,50,HAS_CITY
181,52,HAS_CITY
181,182,HAS_CITY
181,87,HAS_CITY
181,54,HAS_COUNTRY
181,183,HAS_COUNTRY
181,184,HAS_ACTIVITY
181,185,HAS_ACTIVITY
181,186,HAS_ACTIVITY
181,187,HAS_ACTIVITY
181,188,HAS_ACTIVITY
181,189,HAS_ACTIVITY
181,190,HAS_ACTIVITY
181,191,HAS_ACTIVITY
181,192,HAS_ACTIVITY
181,193,HAS_ACTIVITY
181,194,HAS_ACTIVITY
181,195,HAS_ACTIVITY
181,196,HAS_ACTIVITY
181,197,HAS_ACTIVITY
181,198,HAS_ACTIVITY
181,199,HAS_ACTIVITY
181,200,HAS_ACTIVITY
181,201,HAS_RESTAURANT
181,202,HAS_HOTEL
181,203,HAS_HOTEL
181,204,HAS_HOTEL
205,206,HAS_CITY
205,207,HAS_CITY
205,208,HAS_CITY
205,209,HAS_CITY
205,210,HAS_CITY
205,211,HAS_COUNTRY
205,212,HAS_ACTIVITY
205,213,HAS_ACTIVITY
205,214,HAS_ACTIVITY
205,215,HAS_ACTIVITY
205,216,HAS_ACTIVITY
205,217,HAS_ACTIVITY
205,218,HAS_ACTIVITY
205,219,HAS_ACTIVITY
205,220,HAS_ACTIVITY
205,221,HAS_ACTIVITY
205,222,HAS_ACTIVITY
205,223,HAS_ACTIVITY
205,224,HAS_ACTIVITY
205,225,HAS_ACTIVITY
205,226,HAS_HOTEL
205,227,HAS_HOTEL
205,228,HAS_HOTEL
229,230,HAS_CITY
229,231,HAS_CITY
229,232,HAS_COUNTRY
229,233,HAS_ACTIVITY
229,234,HAS_ACTIVITY
229,235,HAS_HOTEL
229,236,HAS_HOTEL
229,237,HAS_HOTEL
238,239,HAS_CITY
238,240,HAS_CITY
238,241,HAS_CITY
238,242,HAS_COUNTRY
238,243,HAS_ACTIVITY
238,244,HAS_ACTIVITY
238,245,HAS_ACTIVITY
238,246,HAS_ACTIVITY
238,247,HAS_ACTIVITY
238,248,HAS_ACTIVITY
238,249,HAS_ACTIVITY
238,250,HAS_ACTIVITY
238,251,HAS_ACTIVITY
238,252,HAS_ACTIVITY
238,253,HAS_ACTIVITY
238,254,HAS_ACTIVITY
238,255,HAS_HOTEL
238,256,HAS_HOTEL
257,258,HAS_CITY
257,259,HAS_CITY
257,260,HAS_CITY
257,261,HAS_CITY
257,262,HAS_CITY
257,70,HAS_COUNTRY
257,263,HAS_ACTIVITY
257,264,HAS_ACTIVITY
257,265,HAS_ACTIVITY
257,266,HAS_ACTIVITY
257,267,HAS_ACTIVITY
257,268,HAS_ACTIVITY
257,269,HAS_ACTIVITY
257,270,HAS_ACTIVITY
257,271,HAS_ACTIVITY
257,272,HAS_ACTIVITY
257,273,HAS_ACTIVITY
257,274,HAS_ACTIVITY
257,275,HAS_ACTIVITY
257,276,HAS_ACTIVITY
257,277,HAS_ACTIVITY
257,278,HAS_ACTIVITY
257,279,HAS_ACTIVITY
257,280,HAS_ACTIVITY
257,281,HAS_ACTIVITY
257,282,HAS_HOTEL
257,283,HAS_HOTEL
284,285,HAS_CITY
284,286,HAS_CITY
284,287,HAS_CITY
284,288,HAS_CITY
284,111,HAS_COUNTRY
284,289,HAS_ACTIVITY
284,290,HAS_ACTIVITY
284,291,HAS_ACTIVITY
284,292,HAS_ACTIVITY
284,293,HAS_ACTIVITY
284,294,HAS_ACTIVITY
284,295,HAS_ACTIVITY
284,296,HAS_ACTIVITY
284,297,HAS_ACTIVITY
284,298,HAS_RESTAURANT
284,299,HAS_RESTAURANT
300,301,HAS_CITY
300,302,HAS_CITY
300,285,HAS_CITY
300,287,HAS_CITY
300,288,HAS_CITY
300,303,HAS_COUNTRY
300,111,HAS_COUNTRY
300,304,HAS_ACTIVITY
300,305,HAS_ACTIVITY
300,289,HAS_ACTIVITY
300,294,HAS_ACTIVITY
300,306,HAS_ACTIVITY
300,291,HAS_ACTIVITY
300,293,HAS_ACTIVITY
300,295,HAS_ACTIVITY
300,307,HAS_ACTIVITY
300,308,HAS_HOTEL
300,309,HAS_HOTEL
300,310,HAS_HOTEL
300,311,HAS_HOTEL
312,258,HAS_CITY
312,70,HAS_COUNTRY
312,313,HAS_ACTIVITY
314,315,HAS_CITY
314,316,HAS_CITY
314,317,HAS_CITY
314,318,HAS_CITY
314,319,HAS_COUNTRY
314,320,HAS_COUNTRY
314,321,HAS_ACTIVITY
314,322,HAS_ACTIVITY
314,323,HAS_ACTIVITY
314,324,HAS_ACTIVITY
314,325,HAS_ACTIVITY
314,326,HAS_ACTIVITY
314,327,HAS_ACTIVITY
314,328,HAS_ACTIVITY
314,329,HAS_ACTIVITY
314,330,HAS_ACTIVITY
314,331,HAS_ACTIVITY
314,332,HAS_RESTAURANT
314,333,HAS_RESTAURANT
314,334,HAS_HOTEL
314,335,HAS_HOTEL
314,336,HAS_HOTEL
337,338,HAS_CITY
337,339,HAS_CITY
337,340,HAS_CITY
337,341,HAS_COUNTRY
337,342,HAS_ACTIVITY
337,343,HAS_ACTIVITY
337,344,HAS_ACTIVITY
337,345,HAS_ACTIVITY
337,346,HAS_ACTIVITY
337,347,HAS_ACTIVITY
337,348,HAS_ACTIVITY
337,349,HAS_ACTIVITY
337,350,HAS_ACTIVITY
337,351,HAS_ACTIVITY
337,352,HAS_ACTIVITY
337,353,HAS_ACTIVITY
337,354,HAS_ACTIVITY
337,355,HAS_ACTIVITY
337,356,HAS_RESTAURANT
337,357,HAS_HOTEL
337,358,HAS_HOTEL
359,360,HAS_CITY
359,361,HAS_CITY
359,362,HAS_CITY
359,363,HAS_CITY
359,364,HAS_CITY
359,365,HAS_CITY
359,366,HAS_COUNTRY
359,367,HAS_ACTIVITY
359,368,HAS_ACTIVITY
359,369,HAS_ACTIVITY
359,370,HAS_ACTIVITY
359,371,HAS_ACTIVITY
359,372,HAS_ACTIVITY
359,373,HAS_ACTIVITY
359,374,HAS_ACTIVITY
359,375,HAS_ACTIVITY
359,376,HAS_ACTIVITY
359,377,HAS_ACTIVITY
359,378,HAS_ACTIVITY
359,379,HAS_ACTIVITY
359,380,HAS_ACTIVITY
359,381,HAS_ACTIVITY
359,382,HAS_ACTIVITY
359,383,HAS_ACTIVITY
359,384,HAS_ACTIVITY
359,385,HAS_ACTIVITY
359,386,HAS_ACTIVITY
359,387,HAS_ACTIVITY
359,388,HAS_RESTAURANT
359,389,HAS_RESTAURANT
359,390,HAS_RESTAURANT
359,391,HAS_RESTAURANT
392,393,HAS_CITY
392,394,HAS_CITY
392,395,HAS_CITY
392,396,HAS_CITY
392,397,HAS_COUNTRY
392,398,HAS_ACTIVITY
392,399,HAS_ACTIVITY
392,400,HAS_ACTIVITY
392,401,HAS_ACTIVITY
392,402,HAS_ACTIVITY
392,403,HAS_ACTIVITY
392,404,HAS_ACTIVITY
392,405,HAS_ACTIVITY
392,406,HAS_RESTAURANT
392,407,HAS_RESTAURANT
392,408,HAS_HOTEL
392,409,HAS_HOTEL
392,410,HAS_HOTEL
392,411,HAS_HOTEL
412,150,HAS_CITY
412,413,HAS_CITY
412,414,HAS_CITY
412,152,HAS_COUNTRY
412,415,HAS_ACTIVITY
412,416,HAS_ACTIVITY
412,417,HAS_ACTIVITY
412,418,HAS_ACTIVITY
412,419,HAS_ACTIVITY
412,420,HAS_ACTIVITY
412,421,HAS_ACTIVITY
412,422,HAS_ACTIVITY
412,423,HAS_ACTIVITY
412,424,HAS_ACTIVITY
412,425,HAS_ACTIVITY
412,426,HAS_ACTIVITY
412,427,HAS_ACTIVITY
412,428,HAS_ACTIVITY
412,429,HAS_ACTIVITY
412,430,HAS_ACTIVITY
412,431,HAS_RESTAURANT
412,432,HAS_RESTAURANT
412,433,HAS_RESTAURANT
412,434,HAS_RESTAURANT
412,435,HAS_RESTAURANT
412,436,HAS_RESTAURANT
412,437,HAS_HOTEL
438,206,HAS_CITY
438,439,HAS_CITY
438,208,HAS_CITY
438,440,HAS_CITY
438,209,HAS_CITY
438,210,HAS_CITY
438,211,HAS_COUNTRY
438,441,HAS_ACTIVITY
438,442,HAS_ACTIVITY
438,443,HAS_ACTIVITY
438,444,HAS_ACTIVITY
438,445,HAS_ACTIVITY
438,446,HAS_ACTIVITY
438,447,HAS_ACTIVITY
438,448,HAS_ACTIVITY
438,449,HAS_ACTIVITY
438,450,HAS_ACTIVITY
438,451,HAS_ACTIVITY
438,452,HAS_ACTIVITY
438,453,HAS_ACTIVITY
438,454,HAS_ACTIVITY
438,455,HAS_ACTIVITY
438,456,HAS_ACTIVITY
438,457,HAS_ACTIVITY
438,458,HAS_ACTIVITY
438,459,HAS_ACTIVITY
438,460,HAS_ACTIVITY
438,223,HAS_ACTIVITY
438,220,HAS_ACTIVITY
438,222,HAS_ACTIVITY
438,224,HAS_ACTIVITY
438,461,HAS_ACTIVITY
438,462,HAS_HOTEL
438,463,HAS_HOTEL
464,465,HAS_CITY
464,466,HAS_CITY
464,467,HAS_CITY
464,468,HAS_CITY
464,111,HAS_COUNTRY
464,469,HAS_ACTIVITY
464,470,HAS_ACTIVITY
464,471,HAS_ACTIVITY
464,472,HAS_ACTIVITY
464,473,HAS_ACTIVITY
464,474,HAS_ACTIVITY
464,475,HAS_ACTIVITY
464,476,HAS_RESTAURANT
464,477,HAS_RESTAURANT
464,478,HAS_RESTAURANT
479,480,HAS_CITY
479,481,HAS_CITY
479,482,HAS_CITY
479,483,HAS_CITY
479,484,HAS_CITY
479,485,HAS_CITY
479,70,HAS_COUNTRY
479,486,HAS_ACTIVITY
479,487,HAS_ACTIVITY
479,488,HAS_ACTIVITY
479,489,HAS_ACTIVITY
479,490,HAS_ACTIVITY
479,491,HAS_ACTIVITY
479,492,HAS_ACTIVITY
479,493,HAS_ACTIVITY
479,494,HAS_ACTIVITY
479,495,HAS_ACTIVITY
479,496,HAS_ACTIVITY
479,497,HAS_ACTIVITY
479,498,HAS_ACTIVITY
479,499,HAS_ACTIVITY
479,500,HAS_ACTIVITY
479,501,HAS_ACTIVITY
479,502,HAS_HOTEL
503,504,HAS_CITY
503,505,HAS_CITY
503,506,HAS_CITY
503,507,HAS_CITY
503,508,HAS_CITY
503,467,HAS_CITY
503,465,HAS_CITY
503,111,HAS_COUNTRY
503,509,HAS_ACTIVITY
503,510,HAS_ACTIVITY
503,511,HAS_ACTIVITY
503,512,HAS_ACTIVITY
503,513,HAS_ACTIVITY
503,474,HAS_ACTIVITY
503,514,HAS_ACTIVITY
503,515,HAS_RESTAURANT
503,516,HAS_RESTAURANT
517,68,HAS_CITY
517,70,HAS_COUNTRY
517,518,HAS_ACTIVITY
517,519,HAS_ACTIVITY
517,520,HAS_ACTIVITY
517,521,HAS_ACTIVITY
517,522,HAS_RESTAURANT
523,524,HAS_CITY
523,525,HAS_COUNTRY
523,526,HAS_ACTIVITY
523,527,HAS_ACTIVITY
523,528,HAS_ACTIVITY
523,529,HAS_RESTAURANT
523,530,HAS_HOTEL
531,363,HAS_CITY
531,364,HAS_CITY
531,532,HAS_CITY
531,366,HAS_COUNTRY
531,533,HAS_ACTIVITY
531,534,HAS_ACTIVITY
531,535,HAS_ACTIVITY
531,536,HAS_ACTIVITY
531,537,HAS_ACTIVITY
531,538,HAS_ACTIVITY
531,539,HAS_ACTIVITY
531,540,HAS_ACTIVITY
531,541,HAS_ACTIVITY
531,542,HAS_ACTIVITY
531,543,HAS_ACTIVITY
531,544,HAS_RESTAURANT
531,545,HAS_RESTAURANT
531,546,HAS_HOTEL
547,548,HAS_CITY
547,549,HAS_CITY
547,550,HAS_CITY
547,551,HAS_CITY
547,552,HAS_CITY
547,553,HAS_CITY
547,554,HAS_CITY
547,555,HAS_CITY
547,70,HAS_COUNTRY
547,556,HAS_ACTIVITY
547,557,HAS_ACTIVITY
547,558,HAS_ACTIVITY
547,559,HAS_ACTIVITY
547,560,HAS_ACTIVITY
547,561,HAS_ACTIVITY
547,562,HAS_ACTIVITY
547,563,HAS_ACTIVITY
547,564,HAS_ACTIVITY
547,565,HAS_ACTIVITY
547,566,HAS_ACTIVITY
547,567,HAS_RESTAURANT
547,568,HAS_RESTAURANT
547,569,HAS_RESTAURANT
547,570,HAS_RESTAURANT
547,571,HAS_RESTAURANT
547,572,HAS_HOTEL
573,128,HAS_CITY
573,122,HAS_CITY
573,123,HAS_CITY
573,126,HAS_CITY
573,574,HAS_CITY
573,129,HAS_COUNTRY
573,130,HAS_COUNTRY
573,575,HAS_ACTIVITY
573,576,HAS_ACTIVITY
573,577,HAS_ACTIVITY
573,578,HAS_ACTIVITY
573,579,HAS_ACTIVITY
573,580,HAS_ACTIVITY
573,581,HAS_ACTIVITY
573,582,HAS_ACTIVITY
573,583,HAS_ACTIVITY
573,584,HAS_ACTIVITY
573,585,HAS_ACTIVITY
573,586,HAS_HOTEL
587,588,HAS_CITY
587,589,HAS_CITY
587,590,HAS_CITY
587,591,HAS_CITY
587,592,HAS_COUNTRY
587,593,HAS_ACTIVITY
587,594,HAS_ACTIVITY
587,595,HAS_ACTIVITY
587,596,HAS_ACTIVITY
587,597,HAS_ACTIVITY
587,598,HAS_ACTIVITY
587,599,HAS_ACTIVITY
587,600,HAS_ACTIVITY
587,601,HAS_ACTIVITY
587,602,HAS_ACTIVITY
587,603,HAS_ACTIVITY
587,604,HAS_ACTIVITY
587,605,HAS_ACTIVITY
587,606,HAS_ACTIVITY
587,607,HAS_ACTIVITY
587,608,HAS_ACTIVITY
587,609,HAS_ACTIVITY
587,610,HAS_RESTAURANT
587,611,HAS_RESTAURANT
587,612,HAS_RESTAURANT
587,613,HAS_RESTAURANT
587,614,HAS_RESTAURANT
587,615,HAS_RESTAURANT
587,616,HAS_HOTEL
587,617,HAS_HOTEL
587,618,HAS_HOTEL
619,620,HAS_CITY
619,621,HAS_CITY
619,622,HAS_CITY
619,623,HAS_CITY
619,624,HAS_COUNTRY
619,625,HAS_ACTIVITY
619,626,HAS_ACTIVITY
619,627,HAS_ACTIVITY
619,628,HAS_ACTIVITY
619,629,HAS_ACTIVITY
619,630,HAS_ACTIVITY
619,631,HAS_ACTIVITY
619,632,HAS_ACTIVITY
619,633,HAS_ACTIVITY
619,634,HAS_ACTIVITY
619,635,HAS_ACTIVITY
619,636,HAS_ACTIVITY
619,637,HAS_ACTIVITY
619,638,HAS_ACTIVITY
619,639,HAS_ACTIVITY
619,640,HAS_RESTAURANT
619,641,HAS_RESTAURANT
619,642,HAS_RESTAURANT
619,643,HAS_RESTAURANT
619,644,HAS_HOTEL
645,646,HAS_CITY
645,647,HAS_CITY
645,648,HAS_CITY
645,649,HAS_CITY
645,650,HAS_CITY
645,651,HAS_CITY
645,652,HAS_CITY
645,70,HAS_COUNTRY
645,653,HAS_ACTIVITY
645,654,HAS_ACTIVITY
645,655,HAS_ACTIVITY
645,656,HAS_ACTIVITY
645,657,HAS_ACTIVITY
645,658,HAS_ACTIVITY
645,659,HAS_ACTIVITY
645,660,HAS_ACTIVITY
645,661,HAS_ACTIVITY
645,662,HAS_ACTIVITY
645,663,HAS_ACTIVITY
645,664,HAS_ACTIVITY
645,665,HAS_ACTIVITY
645,666,HAS_ACTIVITY
645,667,HAS_ACTIVITY
645,668,HAS_ACTIVITY
645,669,HAS_ACTIVITY
645,670,HAS_ACTIVITY
645,671,HAS_ACTIVITY
645,672,HAS_ACTIVITY
645,673,HAS_ACTIVITY
645,674,HAS_ACTIVITY
645,675,HAS_ACTIVITY
645,676,HAS_RESTAURANT
645,677,HAS_RESTAURANT
645,678,HAS_HOTEL
679,680,HAS_CITY
679,681,HAS_COUNTRY
679,682,HAS_ACTIVITY
679,683,HAS_ACTIVITY
679,684,HAS_ACTIVITY
679,685,HAS_ACTIVITY
679,686,HAS_ACTIVITY
679,687,HAS_ACTIVITY
679,688,HAS_ACTIVITY
679,689,HAS_ACTIVITY
679,690,HAS_ACTIVITY
679,691,HAS_ACTIVITY
679,692,HAS_ACTIVITY
679,693,HAS_ACTIVITY
679,694,HAS_ACTIVITY
679,695,HAS_ACTIVITY
679,696,HAS_ACTIVITY
679,697,HAS_ACTIVITY
679,698,HAS_ACTIVITY
679,699,HAS_RESTAURANT
679,700,HAS_RESTAURANT
679,701,HAS_RESTAURANT
679,702,HAS_RESTAURANT
679,703,HAS_HOTEL
704,239,HAS_CITY
704,242,HAS_COUNTRY
704,246,HAS_ACTIVITY
704,243,HAS_ACTIVITY
704,705,HAS_ACTIVITY
704,706,HAS_ACTIVITY
704,707,HAS_ACTIVITY
704,708,HAS_ACTIVITY
704,709,HAS_ACTIVITY
704,710,HAS_ACTIVITY
704,711,HAS_ACTIVITY
704,712,HAS_ACTIVITY
704,713,HAS_RESTAURANT
704,714,HAS_HOTEL
715,716,HAS_CITY
715,717,HAS_CITY
715,718,HAS_CITY
715,719,HAS_CITY
715,97,HAS_COUNTRY
715,720,HAS_ACTIVITY
715,721,HAS_ACTIVITY
715,722,HAS_ACTIVITY
715,723,HAS_ACTIVITY
715,724,HAS_ACTIVITY
715,725,HAS_ACTIVITY
715,726,HAS_ACTIVITY
715,727,HAS_ACTIVITY
715,728,HAS_ACTIVITY
715,729,HAS_ACTIVITY
715,730,HAS_ACTIVITY
715,731,HAS_ACTIVITY
715,732,HAS_ACTIVITY
715,733,HAS_ACTIVITY
715,734,HAS_ACTIVITY
715,735,HAS_ACTIVITY
715,736,HAS_ACTIVITY
715,737,HAS_ACTIVITY
715,738,HAS_ACTIVITY
715,739,HAS_ACTIVITY
715,740,HAS_ACTIVITY
715,741,HAS_ACTIVITY
715,742,HAS_ACTIVITY
715,743,HAS_ACTIVITY
715,744,HAS_ACTIVITY
715,745,HAS_ACTIVITY
715,746,HAS_ACTIVITY
747,574,HAS_CITY
747,748,HAS_CITY
747,749,HAS_CITY
747,750,HAS_CITY
747,751,HAS_CITY
747,752,HAS_CITY
747,753,HAS_CITY
747,754,HAS_CITY
747,128,HAS_CITY
747,755,HAS_CITY
747,129,HAS_COUNTRY
747,756,HAS_ACTIVITY
747,757,HAS_ACTIVITY
747,758,HAS_ACTIVITY
747,759,HAS_ACTIVITY
747,760,HAS_ACTIVITY
747,761,HAS_ACTIVITY
747,762,HAS_ACTIVITY
747,763,HAS_ACTIVITY
747,764,HAS_ACTIVITY
747,765,HAS_ACTIVITY
747,766,HAS_ACTIVITY
747,767,HAS_ACTIVITY
747,768,HAS_ACTIVITY
747,769,HAS_ACTIVITY
747,770,HAS_ACTIVITY
747,771,HAS_ACTIVITY
747,580,HAS_ACTIVITY
747,772,HAS_ACTIVITY
747,773,HAS_ACTIVITY
747,774,HAS_ACTIVITY
747,775,HAS_ACTIVITY
747,776,HAS_ACTIVITY
747,777,HAS_RESTAURANT
747,778,HAS_RESTAURANT
747,779,HAS_HOTEL
780,781,HAS_CITY
780,782,HAS_CITY
780,97,HAS_COUNTRY
780,101,HAS_ACTIVITY
780,783,HAS_ACTIVITY
780,102,HAS_ACTIVITY
780,98,HAS_ACTIVITY
780,784,HAS_ACTIVITY
780,785,HAS_ACTIVITY
780,786,HAS_ACTIVITY
780,787,HAS_ACTIVITY
780,788,HAS_RESTAURANT
780,789,HAS_RESTAURANT
780,790,HAS_RESTAURANT
780,791,HAS_RESTAURANT
780,792,HAS_HOTEL
793,485,HAS_CITY
793,481,HAS_CITY
793,794,HAS_CITY
793,483,HAS_CITY
793,484,HAS_CITY
793,482,HAS_CITY
793,261,HAS_CITY
793,260,HAS_CITY
793,70,HAS_COUNTRY
793,795,HAS_ACTIVITY
793,796,HAS_ACTIVITY
793,797,HAS_ACTIVITY
793,798,HAS_ACTIVITY
793,799,HAS_ACTIVITY
793,800,HAS_ACTIVITY
793,801,HAS_ACTIVITY
793,802,HAS_ACTIVITY
793,803,HAS_ACTIVITY
793,804,HAS_ACTIVITY
793,805,HAS_ACTIVITY
793,806,HAS_ACTIVITY
793,807,HAS_ACTIVITY
793,808,HAS_ACTIVITY
793,809,HAS_ACTIVITY
793,810,HAS_RESTAURANT
793,811,HAS_RESTAURANT
793,812,HAS_RESTAURANT
813,814,HAS_CITY
813,815,HAS_CITY
813,816,HAS_CITY
813,647,HAS_CITY
813,70,HAS_COUNTRY
813,817,HAS_ACTIVITY
813,818,HAS_ACTIVITY
813,666,HAS_ACTIVITY
813,819,HAS_ACTIVITY
813,820,HAS_ACTIVITY
813,821,HAS_ACTIVITY
813,822,HAS_ACTIVITY
813,823,HAS_ACTIVITY
813,824,HAS_ACTIVITY
813,825,HAS_ACTIVITY
813,826,HAS_ACTIVITY
813,827,HAS_ACTIVITY
813,828,HAS_ACTIVITY
813,829,HAS_ACTIVITY
813,830,HAS_ACTIVITY
813,831,HAS_ACTIVITY
813,832,HAS_ACTIVITY
813,833,HAS_ACTIVITY
813,834,HAS_HOTEL
835,4,HAS_CITY
835,836,HAS_CITY
835,837,HAS_CITY
835,9,HAS_COUNTRY
835,838,HAS_ACTIVITY
835,839,HAS_ACTIVITY
835,840,HAS_ACTIVITY
835,841,HAS_ACTIVITY
835,842,HAS_RESTAURANT
843,150,HAS_CITY
843,844,HAS_CITY
843,845,HAS_CITY
843,152,HAS_COUNTRY
843,846,HAS_COUNTRY
843,847,HAS_ACTIVITY
843,848,HAS_ACTIVITY
843,849,HAS_ACTIVITY
843,850,HAS_ACTIVITY
843,851,HAS_ACTIVITY
843,852,HAS_ACTIVITY
843,853,HAS_ACTIVITY
843,854,HAS_ACTIVITY
843,855,HAS_ACTIVITY
843,856,HAS_ACTIVITY
843,857,HAS_ACTIVITY
843,858,HAS_ACTIVITY
843,859,HAS_ACTIVITY
843,860,HAS_ACTIVITY
843,861,HAS_ACTIVITY
843,862,HAS_ACTIVITY
843,863,HAS_ACTIVITY
843,864,HAS_ACTIVITY
843,865,HAS_ACTIVITY
843,866,HAS_ACTIVITY
843,867,HAS_ACTIVITY
843,868,HAS_ACTIVITY
843,869,HAS_ACTIVITY
843,870,HAS_RESTAURANT
843,871,HAS_RESTAURANT
843,872,HAS_RESTAURANT
843,873,HAS_HOTEL
874,875,HAS_CITY
874,876,HAS_CITY
874,877,HAS_CITY
874,878,HAS_CITY
874,879,HAS_CITY
874,880,HAS_COUNTRY
874,881,HAS_COUNTRY
874,882,HAS_ACTIVITY
874,883,HAS_ACTIVITY
874,884,HAS_ACTIVITY
874,885,HAS_ACTIVITY
874,886,HAS_ACTIVITY
887,107,HAS_CITY
887,888,HAS_CITY
887,889,HAS_CITY
887,890,HAS_CITY
887,109,HAS_CITY
887,97,HAS_COUNTRY
887,111,HAS_COUNTRY
887,891,HAS_ACTIVITY
887,892,HAS_ACTIVITY
887,893,HAS_ACTIVITY
887,894,HAS_ACTIVITY
887,895,HAS_ACTIVITY
887,896,HAS_ACTIVITY
887,897,HAS_ACTIVITY
887,898,HAS_ACTIVITY
887,899,HAS_ACTIVITY
887,900,HAS_ACTIVITY
887,901,HAS_ACTIVITY
887,902,HAS_ACTIVITY
887,903,HAS_ACTIVITY
887,904,HAS_ACTIVITY
887,905,HAS_ACTIVITY
887,906,HAS_ACTIVITY
887,907,HAS_ACTIVITY
887,908,HAS_RESTAURANT
887,909,HAS_HOTEL
910,2,HAS_CITY
910,911,HAS_CITY
910,4,HAS_CITY
910,8,HAS_COUNTRY
910,9,HAS_COUNTRY
910,912,HAS_ACTIVITY
910,913,HAS_ACTIVITY
910,914,HAS_ACTIVITY
910,915,HAS_ACTIVITY
910,916,HAS_ACTIVITY
910,917,HAS_ACTIVITY
910,918,HAS_ACTIVITY
910,919,HAS_ACTIVITY
910,920,HAS_ACTIVITY
910,921,HAS_ACTIVITY
910,922,HAS_ACTIVITY
910,17,HAS_ACTIVITY
910,923,HAS_ACTIVITY
910,924,HAS_ACTIVITY
910,24,HAS_ACTIVITY
910,925,HAS_ACTIVITY
910,926,HAS_ACTIVITY
910,20,HAS_ACTIVITY
910,927,HAS_RESTAURANT
910,928,HAS_RESTAURANT
910,929,HAS_HOTEL
930,931,HAS_CITY
930,932,HAS_CITY
930,933,HAS_CITY
930,934,HAS_CITY
930,935,HAS_CITY
930,936,HAS_CITY
930,111,HAS_COUNTRY
930,937,HAS_ACTIVITY
930,938,HAS_ACTIVITY
930,939,HAS_ACTIVITY
930,940,HAS_ACTIVITY
930,941,HAS_ACTIVITY
930,942,HAS_ACTIVITY
930,943,HAS_ACTIVITY
930,944,HAS_ACTIVITY
930,945,HAS_ACTIVITY
930,946,HAS_ACTIVITY
930,947,HAS_ACTIVITY
930,948,HAS_ACTIVITY
930,949,HAS_ACTIVITY
930,950,HAS_ACTIVITY
930,951,HAS_ACTIVITY
930,952,HAS_ACTIVITY
930,953,HAS_ACTIVITY
930,954,HAS_ACTIVITY
930,955,HAS_ACTIVITY
930,956,HAS_ACTIVITY
930,957,HAS_ACTIVITY
930,958,HAS_ACTIVITY
930,959,HAS_ACTIVITY
930,960,HAS_ACTIVITY
930,961,HAS_ACTIVITY
930,962,HAS_RESTAURANT
963,888,HAS_CITY
963,964,HAS_CITY
963,890,HAS_CITY
963,109,HAS_CITY
963,107,HAS_CITY
963,97,HAS_COUNTRY
963,111,HAS_COUNTRY
963,965,HAS_ACTIVITY
963,895,HAS_ACTIVITY
963,966,HAS_ACTIVITY
963,967,HAS_ACTIVITY
963,968,HAS_ACTIVITY
963,969,HAS_ACTIVITY
963,970,HAS_ACTIVITY
963,971,HAS_ACTIVITY
963,972,HAS_ACTIVITY
963,973,HAS_ACTIVITY
963,974,HAS_ACTIVITY
963,901,HAS_ACTIVITY
963,902,HAS_ACTIVITY
963,903,HAS_ACTIVITY
963,975,HAS_ACTIVITY
963,976,HAS_ACTIVITY
963,977,HAS_ACTIVITY
963,978,HAS_ACTIVITY
963,979,HAS_ACTIVITY
963,891,HAS_ACTIVITY
963,980,HAS_RESTAURANT
963,981,HAS_RESTAURANT
963,982,HAS_HOTEL
963,983,HAS_HOTEL
963,984,HAS_HOTEL
985,50,HAS_CITY
985,54,HAS_COUNTRY
985,986,HAS_ACTIVITY
985,987,HAS_ACTIVITY
985,988,HAS_ACTIVITY
985,989,HAS_ACTIVITY
985,990,HAS_ACTIVITY
985,991,HAS_ACTIVITY
985,992,HAS_ACTIVITY
985,993,HAS_ACTIVITY
985,994,HAS_ACTIVITY
985,995,HAS_ACTIVITY
985,996,HAS_ACTIVITY
985,997,HAS_ACTIVITY
985,998,HAS_ACTIVITY
985,999,HAS_RESTAURANT
985,1000,HAS_RESTAURANT
985,1001,HAS_RESTAURANT
985,1002,HAS_RESTAURANT
985,1003,HAS_RESTAURANT
985,1004,HAS_HOTEL
1005,1006,HAS_CITY
1005,1007,HAS_COUNTRY
1005,1008,HAS_ACTIVITY
1005,1009,HAS_ACTIVITY
1005,1010,HAS_ACTIVITY
1005,1011,HAS_ACTIVITY
1005,1012,HAS_ACTIVITY
1005,1013,HAS_ACTIVITY
1005,1014,HAS_ACTIVITY
1005,1015,HAS_ACTIVITY
1005,1016,HAS_ACTIVITY
1005,1017,HAS_ACTIVITY
1005,1018,HAS_RESTAURANT
1005,1019,HAS_RESTAURANT
1005,1020,HAS_RESTAURANT
1005,1021,HAS_RESTAURANT
1005,1022,HAS_RESTAURANT
1005,1023,HAS_RESTAURANT
1005,1024,HAS_RESTAURANT
1005,1025,HAS_HOTEL
1005,1026,HAS_HOTEL
1027,1028,HAS_CITY
1027,1029,HAS_CITY
1027,1030,HAS_CITY
1027,1031,HAS_CITY
1027,1032,HAS_COUNTRY
1027,1033,HAS_COUNTRY
1027,1034,HAS_ACTIVITY
1027,1035,HAS_ACTIVITY
1027,1036,HAS_ACTIVITY
1027,1037,HAS_ACTIVITY
1027,1038,HAS_HOTEL
1027,1039,HAS_HOTEL
1027,1040,HAS_HOTEL
1041,1042,HAS_CITY
1041,681,HAS_COUNTRY
1041,1043,HAS_ACTIVITY
1041,1044,HAS_ACTIVITY
1041,1045,HAS_HOTEL
1046,646,HAS_CITY
1046,647,HAS_CITY
1046,648,HAS_CITY
1046,1047,HAS_CITY
1046,814,HAS_CITY
1046,816,HAS_CITY
1046,1048,HAS_CITY
1046,651,HAS_CITY
1046,1049,HAS_CITY
1046,1050,HAS_CITY
1046,1051,HAS_CITY
1046,1052,HAS_CITY
1046,1053,HAS_CITY
1046,70,HAS_COUNTRY
1046,1054,HAS_COUNTRY
1046,1055,HAS_ACTIVITY
1046,1056,HAS_ACTIVITY
1046,1057,HAS_ACTIVITY
1046,1058,HAS_ACTIVITY
1046,1059,HAS_ACTIVITY
1046,1060,HAS_ACTIVITY
1046,1061,HAS_ACTIVITY
1046,1062,HAS_ACTIVITY
1046,1063,HAS_ACTIVITY
1046,1064,HAS_RESTAURANT
1046,1065,HAS_RESTAURANT
1046,1066,HAS_HOTEL
1067,1068,HAS_CITY
1067,1069,HAS_CITY
1067,1070,HAS_CITY
1067,1071,HAS_CITY
1067,1072,HAS_CITY
1067,1073,HAS_CITY
1067,150,HAS_CITY
1067,1074,HAS_COUNTRY
1067,1075,HAS_COUNTRY
1067,152,HAS_COUNTRY
1067,1076,HAS_ACTIVITY
1067,1077,HAS_ACTIVITY
1067,1078,HAS_ACTIVITY
1067,1079,HAS_ACTIVITY
1067,1080,HAS_ACTIVITY
1067,1081,HAS_ACTIVITY
1067,1082,HAS_ACTIVITY
1067,1083,HAS_ACTIVITY
1067,1084,HAS_RESTAURANT
1067,1085,HAS_RESTAURANT
1067,1086,HAS_RESTAURANT
1067,1087,HAS_RESTAURANT
1067,1088,HAS_HOTEL
1067,1089,HAS_HOTEL
1067,1090,HAS_HOTEL
1067,1091,HAS_HOTEL
1092,1028,HAS_CITY
1092,1029,HAS_CITY
1092,1032,HAS_COUNTRY
1092,1093,HAS_ACTIVITY
1092,1094,HAS_ACTIVITY
1092,1095,HAS_ACTIVITY
1092,1096,HAS_ACTIVITY
1092,1097,HAS_RESTAURANT
1092,1098,HAS_RESTAURANT
1092,1099,HAS_HOTEL
1092,1100,HAS_HOTEL
1092,1039,HAS_HOTEL
1092,1101,HAS_HOTEL
1102,548,HAS_CITY
1102,549,HAS_CITY
1102,1103,HAS_CITY
1102,1104,HAS_CITY
1102,70,HAS_COUNTRY
1102,1105,HAS_ACTIVITY
1102,1106,HAS_ACTIVITY
1102,1107,HAS_ACTIVITY
1102,1108,HAS_ACTIVITY
1102,1109,HAS_ACTIVITY
1102,1110,HAS_ACTIVITY
1102,1111,HAS_ACTIVITY
1112,1113,HAS_CITY
1112,1114,HAS_CITY
1112,1115,HAS_CITY
1112,1116,HAS_COUNTRY
1112,1117,HAS_ACTIVITY
1112,1118,HAS_ACTIVITY
1112,1119,HAS_ACTIVITY
1112,1120,HAS_RESTAURANT
1121,1122,HAS_CITY
1121,719,HAS_CITY
1121,716,HAS_CITY
1121,1123,HAS_CITY
1121,718,HAS_CITY
1121,97,HAS_COUNTRY
1121,1124,HAS_ACTIVITY
1121,1125,HAS_ACTIVITY
1121,1126,HAS_ACTIVITY
1121,1127,HAS_ACTIVITY
1121,1128,HAS_ACTIVITY
1129,1130,HAS_CITY
1129,1131,HAS_CITY
1129,1132,HAS_CITY
1129,1133,HAS_CITY
1129,1134,HAS_CITY
1129,1135,HAS_CITY
1129,1136,HAS_COUNTRY
1129,1137,HAS_ACTIVITY
1129,1138,HAS_ACTIVITY
1129,1139,HAS_ACTIVITY
1129,1140,HAS_ACTIVITY
1129,1141,HAS_ACTIVITY
1142,1143,HAS_CITY
1142,1144,HAS_CITY
1142,524,HAS_CITY
1142,525,HAS_COUNTRY
1142,1145,HAS_ACTIVITY
1142,1146,HAS_ACTIVITY
1142,1147,HAS_ACTIVITY
1142,1148,HAS_ACTIVITY
1142,1149,HAS_ACTIVITY
1142,1150,HAS_ACTIVITY
1142,1151,HAS_ACTIVITY
1142,1152,HAS_RESTAURANT
1142,1153,HAS_RESTAURANT
1142,1154,HAS_RESTAURANT
1142,1155,HAS_RESTAURANT
1142,1156,HAS_RESTAURANT
1142,1157,HAS_RESTAURANT
1142,1158,HAS_RESTAURANT
1142,1159,HAS_RESTAURANT
1142,1160,HAS_HOTEL
1142,1161,HAS_HOTEL
1142,1162,HAS_HOTEL
1163,1164,HAS_CITY
1163,1165,HAS_CITY
1163,1166,HAS_CITY
1163,1167,HAS_CITY
1163,1168,HAS_COUNTRY
1163,1169,HAS_ACTIVITY
1163,1170,HAS_ACTIVITY
1163,1171,HAS_ACTIVITY
1163,1172,HAS_ACTIVITY
1163,1173,HAS_HOTEL
1174,1175,HAS_CITY
1174,1176,HAS_COUNTRY
1174,1177,HAS_ACTIVITY
1174,1178,HAS_ACTIVITY
1174,1179,HAS_ACTIVITY
1180,588,HAS_CITY
1180,589,HAS_CITY
1180,590,HAS_CITY
1180,591,HAS_CITY
1180,592,HAS_COUNTRY
1180,1181,HAS_ACTIVITY
1180,1182,HAS_ACTIVITY
1180,1183,HAS_ACTIVITY
1180,1184,HAS_ACTIVITY
1185,239,HAS_CITY
1185,242,HAS_COUNTRY
1185,1186,HAS_ACTIVITY
1185,1187,HAS_ACTIVITY
1185,1188,HAS_ACTIVITY
1189,1190,HAS_CITY
1189,506,HAS_CITY
1189,507,HAS_CITY
1189,111,HAS_COUNTRY
1189,1191,HAS_ACTIVITY
1189,1192,HAS_ACTIVITY
1189,1193,HAS_ACTIVITY
1194,548,HAS_CITY
1194,1195,HAS_CITY
1194,549,HAS_CITY
1194,550,HAS_CITY
1194,70,HAS_COUNTRY
1194,1196,HAS_ACTIVITY
1194,1197,HAS_ACTIVITY
1194,1198,HAS_ACTIVITY
1199,1200,HAS_CITY
1199,1201,HAS_CITY
1199,1202,HAS_CITY
1199,50,HAS_CITY
1199,54,HAS_COUNTRY
1199,1203,HAS_ACTIVITY
1199,1204,HAS_ACTIVITY
1199,1205,HAS_ACTIVITY
1199,1206,HAS_HOTEL
1199,1207,HAS_HOTEL
1208,150,HAS_CITY
1208,414,HAS_CITY
1208,1209,HAS_CITY
1208,1068,HAS_CITY
1208,1210,HAS_CITY
1208,152,HAS_COUNTRY
1208,1074,HAS_COUNTRY
1208,1211,HAS_ACTIVITY
1208,1212,HAS_ACTIVITY
1208,1213,HAS_ACTIVITY
1208,1214,HAS_ACTIVITY
1208,1215,HAS_ACTIVITY
1208,1216,HAS_RESTAURANT
1208,1217,HAS_HOTEL
1208,1218,HAS_HOTEL
1219,1220,HAS_CITY
1219,150,HAS_CITY
1219,149,HAS_CITY
1219,152,HAS_COUNTRY
1219,151,HAS_COUNTRY
1219,1221,HAS_ACTIVITY
1219,1222,HAS_ACTIVITY
1219,1223,HAS_ACTIVITY
1219,1224,HAS_ACTIVITY
1219,1225,HAS_RESTAURANT
1219,1226,HAS_HOTEL
1227,150,HAS_CITY
1227,1220,HAS_CITY
1227,152,HAS_COUNTRY
1227,1228,HAS_ACTIVITY
1227,1229,HAS_ACTIVITY
1227,1230,HAS_ACTIVITY
1227,1231,HAS_ACTIVITY
1227,1232,HAS_ACTIVITY
1233,548,HAS_CITY
1233,552,HAS_CITY
1233,1234,HAS_CITY
1233,551,HAS_CITY
1233,70,HAS_COUNTRY
1233,1235,HAS_ACTIVITY
1233,1236,HAS_ACTIVITY
1233,1237,HAS_ACTIVITY
1233,1238,HAS_ACTIVITY
1233,1239,HAS_ACTIVITY
547,548,HAS_CITY
547,1234,HAS_CITY
547,1240,HAS_CITY
547,1241,HAS_CITY
547,551,HAS_CITY
547,70,HAS_COUNTRY
547,1235,HAS_ACTIVITY
547,1242,HAS_ACTIVITY
547,1243,HAS_ACTIVITY
547,1244,HAS_ACTIVITY
547,1245,HAS_ACTIVITY
547,1246,HAS_HOTEL
1247,548,HAS_CITY
1247,550,HAS_CITY
1247,1248,HAS_CITY
1247,70,HAS_COUNTRY
1247,1249,HAS_ACTIVITY
1247,1250,HAS_ACTIVITY
1247,1251,HAS_ACTIVITY
1247,1252,HAS_HOTEL
1247,1253,HAS_HOTEL
1067,1254,HAS_CITY
1067,1071,HAS_CITY
1067,1073,HAS_CITY
1067,1072,HAS_CITY
1067,1074,HAS_COUNTRY
1067,1075,HAS_COUNTRY
1067,1255,HAS_ACTIVITY
1067,1256,HAS_ACTIVITY
1067,1257,HAS_ACTIVITY
1067,1258,HAS_ACTIVITY
1067,1259,HAS_ACTIVITY
1067,1260,HAS_ACTIVITY
1067,1261,HAS_HOTEL
1067,1262,HAS_HOTEL
1067,1263,HAS_HOTEL
1264,1068,HAS_CITY
1264,1265,HAS_CITY
1264,1210,HAS_CITY
1264,1074,HAS_COUNTRY
1264,1266,HAS_ACTIVITY
1264,1267,HAS_ACTIVITY
1264,1268,HAS_ACTIVITY
1264,1269,HAS_ACTIVITY
1270,1068,HAS_CITY
1270,1271,HAS_CITY
1270,1210,HAS_CITY
1270,150,HAS_CITY
1270,1074,HAS_COUNTRY
1270,152,HAS_COUNTRY
1270,1272,HAS_ACTIVITY
1270,1273,HAS_ACTIVITY
1270,1274,HAS_ACTIVITY
1270,1275,HAS_ACTIVITY
1270,1269,HAS_ACTIVITY
1270,1276,HAS_ACTIVITY
1270,1277,HAS_RESTAURANT
1270,1278,HAS_HOTEL
1279,1280,HAS_CITY
1279,1281,HAS_CITY
1279,1176,HAS_COUNTRY
1279,1282,HAS_ACTIVITY
1279,1283,HAS_ACTIVITY
1279,1284,HAS_ACTIVITY
1279,1285,HAS_RESTAURANT
1279,1286,HAS_HOTEL
1287,1130,HAS_CITY
1287,1131,HAS_CITY
1287,1132,HAS_CITY
1287,1133,HAS_CITY
1287,1134,HAS_CITY
1287,1135,HAS_CITY
1287,1136,HAS_COUNTRY
1287,1137,HAS_ACTIVITY
1287,1138,HAS_ACTIVITY
1287,1139,HAS_ACTIVITY
1287,1140,HAS_ACTIVITY
1287,1141,HAS_ACTIVITY
1287,1130,HAS_CITY
1287,1131,HAS_CITY
1287,1132,HAS_CITY
1287,1133,HAS_CITY
1287,1134,HAS_CITY
1287,1136,HAS_COUNTRY
1287,1137,HAS_ACTIVITY
1287,1138,HAS_ACTIVITY
1287,1139,HAS_ACTIVITY
1287,1140,HAS_ACTIVITY
1288,1289,HAS_CITY
1288,1290,HAS_CITY
1288,1291,HAS_COUNTRY
1288,1292,HAS_ACTIVITY
1288,1293,HAS_ACTIVITY
1288,1294,HAS_ACTIVITY
1288,1295,HAS_ACTIVITY
1296,1297,HAS_CITY
1296,1298,HAS_CITY
1296,1299,HAS_CITY
1296,1300,HAS_COUNTRY
1296,624,HAS_COUNTRY
1296,1301,HAS_ACTIVITY
1296,1302,HAS_ACTIVITY
1296,1303,HAS_ACTIVITY
1296,1304,HAS_ACTIVITY
1296,1305,HAS_ACTIVITY
1296,1306,HAS_ACTIVITY
1296,1307,HAS_ACTIVITY
1296,1308,HAS_ACTIVITY
1296,1309,HAS_ACTIVITY
1296,1310,HAS_ACTIVITY
1296,1311,HAS_ACTIVITY
1296,1312,HAS_ACTIVITY
1296,1313,HAS_RESTAURANT
1296,1314,HAS_RESTAURANT
1296,1315,HAS_HOTEL
1316,206,HAS_CITY
1316,439,HAS_CITY
1316,208,HAS_CITY
1316,440,HAS_CITY
1316,1317,HAS_CITY
1316,1318,HAS_CITY
1316,211,HAS_COUNTRY
1316,1319,HAS_ACTIVITY
1316,1320,HAS_ACTIVITY
1316,1321,HAS_ACTIVITY
1316,1322,HAS_ACTIVITY
1316,1323,HAS_ACTIVITY
1316,1324,HAS_ACTIVITY
1316,1325,HAS_ACTIVITY
1316,1326,HAS_ACTIVITY
1316,1327,HAS_ACTIVITY
1316,1328,HAS_ACTIVITY
1316,1329,HAS_HOTEL
1316,1330,HAS_HOTEL
1331,1200,HAS_CITY
1331,1332,HAS_CITY
1331,50,HAS_CITY
1331,51,HAS_CITY
1331,54,HAS_COUNTRY
1331,1333,HAS_ACTIVITY
1331,1334,HAS_ACTIVITY
1331,1335,HAS_ACTIVITY
1331,1336,HAS_ACTIVITY
1331,1337,HAS_ACTIVITY
1331,1338,HAS_ACTIVITY
1331,1339,HAS_HOTEL
1331,1340,HAS_HOTEL
1341,591,HAS_CITY
1341,589,HAS_CITY
1341,1342,HAS_CITY
1341,590,HAS_CITY
1341,1343,HAS_CITY
1341,1344,HAS_CITY
1341,592,HAS_COUNTRY
1341,1184,HAS_ACTIVITY
1341,1345,HAS_ACTIVITY
1341,1346,HAS_ACTIVITY
1341,1347,HAS_ACTIVITY
1341,1348,HAS_ACTIVITY
1341,1349,HAS_ACTIVITY
1341,1350,HAS_ACTIVITY
1341,1351,HAS_ACTIVITY
1341,1352,HAS_ACTIVITY
1341,1353,HAS_ACTIVITY
1341,1354,HAS_ACTIVITY
1341,1355,HAS_ACTIVITY
1356,1297,HAS_CITY
1356,1357,HAS_CITY
1356,1358,HAS_CITY
1356,1359,HAS_CITY
1356,1298,HAS_CITY
1356,1300,HAS_COUNTRY
1356,1360,HAS_ACTIVITY
1356,1361,HAS_ACTIVITY
1356,1304,HAS_ACTIVITY
1356,1362,HAS_ACTIVITY
1356,1363,HAS_ACTIVITY
1356,1364,HAS_ACTIVITY
1356,1308,HAS_ACTIVITY
1356,1365,HAS_ACTIVITY
1356,1305,HAS_ACTIVITY
1356,1366,HAS_RESTAURANT
1367,1368,HAS_CITY
1367,1369,HAS_CITY
1367,1164,HAS_CITY
1367,1165,HAS_CITY
1367,1167,HAS_CITY
1367,1370,HAS_COUNTRY
1367,1168,HAS_COUNTRY
1367,1371,HAS_ACTIVITY
1367,1372,HAS_ACTIVITY
1367,1373,HAS_ACTIVITY
1367,1374,HAS_ACTIVITY
1367,1375,HAS_ACTIVITY
1376,1377,HAS_CITY
1376,1378,HAS_COUNTRY
1376,1379,HAS_ACTIVITY
1376,1380,HAS_ACTIVITY
1376,1381,HAS_ACTIVITY
1376,1382,HAS_HOTEL
1383,1190,HAS_CITY
1383,506,HAS_CITY
1383,507,HAS_CITY
1383,465,HAS_CITY
1383,1384,HAS_CITY
1383,111,HAS_COUNTRY
1383,1385,HAS_ACTIVITY
1383,1386,HAS_ACTIVITY
1383,1387,HAS_ACTIVITY
1383,1388,HAS_ACTIVITY
1383,1389,HAS_ACTIVITY
1383,1390,HAS_RESTAURANT
1391,68,HAS_CITY
1391,70,HAS_COUNTRY
1391,1392,HAS_ACTIVITY
1391,1393,HAS_ACTIVITY
1391,1394,HAS_ACTIVITY
1391,1395,HAS_ACTIVITY
1391,1396,HAS_ACTIVITY
1391,72,HAS_RESTAURANT
1391,1397,HAS_RESTAURANT
1391,1398,HAS_HOTEL
1399,781,HAS_CITY
1399,1400,HAS_CITY
1399,97,HAS_COUNTRY
1399,1401,HAS_ACTIVITY
1399,1402,HAS_ACTIVITY
1399,1403,HAS_ACTIVITY
1399,1404,HAS_ACTIVITY
1399,1405,HAS_ACTIVITY
1399,1406,HAS_ACTIVITY
1399,1407,HAS_ACTIVITY
1399,1408,HAS_ACTIVITY
1399,1409,HAS_ACTIVITY
1399,1410,HAS_ACTIVITY
1399,1411,HAS_ACTIVITY
1399,1412,HAS_ACTIVITY
1399,1413,HAS_ACTIVITY
1399,1414,HAS_RESTAURANT
1415,1190,HAS_CITY
1415,465,HAS_CITY
1415,1384,HAS_CITY
1415,1416,HAS_CITY
1415,467,HAS_CITY
1415,466,HAS_CITY
1415,111,HAS_COUNTRY
1415,1417,HAS_ACTIVITY
1415,1387,HAS_ACTIVITY
1415,1418,HAS_ACTIVITY
1415,1419,HAS_ACTIVITY
1415,1420,HAS_ACTIVITY
1415,1421,HAS_ACTIVITY
1415,1422,HAS_ACTIVITY
1415,1423,HAS_ACTIVITY
1415,1424,HAS_ACTIVITY
1415,1425,HAS_RESTAURANT
1415,1426,HAS_RESTAURANT
1427,206,HAS_CITY
1427,208,HAS_CITY
1427,209,HAS_CITY
1427,210,HAS_CITY
1427,211,HAS_COUNTRY
1427,1428,HAS_ACTIVITY
1427,1429,HAS_ACTIVITY
1427,1430,HAS_ACTIVITY
1431,1432,HAS_CITY
1431,1433,HAS_CITY
1431,1434,HAS_CITY
1431,1435,HAS_CITY
1431,164,HAS_COUNTRY
1431,1436,HAS_ACTIVITY
1431,1437,HAS_ACTIVITY
1431,1438,HAS_ACTIVITY
1431,1439,HAS_ACTIVITY
1431,1440,HAS_ACTIVITY
1431,1441,HAS_ACTIVITY
1431,1442,HAS_ACTIVITY
1431,1443,HAS_RESTAURANT
1444,50,HAS_CITY
1444,51,HAS_CITY
1444,1200,HAS_CITY
1444,1445,HAS_CITY
1444,54,HAS_COUNTRY
1444,1446,HAS_ACTIVITY
1444,1447,HAS_ACTIVITY
1444,1337,HAS_ACTIVITY
1444,1448,HAS_ACTIVITY
1444,1449,HAS_ACTIVITY
1444,1450,HAS_ACTIVITY
1451,1452,HAS_CITY
1451,1453,HAS_CITY
1451,366,HAS_COUNTRY
1451,1454,HAS_ACTIVITY
1451,1455,HAS_ACTIVITY
1451,1456,HAS_ACTIVITY
1451,1457,HAS_ACTIVITY
1451,1458,HAS_ACTIVITY
1451,1459,HAS_ACTIVITY
1451,1460,HAS_ACTIVITY
1451,1461,HAS_ACTIVITY
1451,1462,HAS_ACTIVITY
1451,1463,HAS_ACTIVITY
1451,1464,HAS_ACTIVITY
1451,1465,HAS_ACTIVITY
1466,620,HAS_CITY
1466,621,HAS_CITY
1466,1467,HAS_CITY
1466,624,HAS_COUNTRY
1466,1468,HAS_ACTIVITY
1466,1469,HAS_ACTIVITY
1466,1470,HAS_ACTIVITY
1466,1471,HAS_ACTIVITY
1466,1472,HAS_ACTIVITY
1466,1473,HAS_ACTIVITY
1466,1474,HAS_ACTIVITY
1466,1475,HAS_ACTIVITY
1466,1476,HAS_ACTIVITY
1466,1477,HAS_ACTIVITY
1466,1478,HAS_ACTIVITY
1466,1479,HAS_HOTEL
1480,1028,HAS_CITY
1480,1029,HAS_CITY
1480,1032,HAS_COUNTRY
1480,1481,HAS_ACTIVITY
1480,1482,HAS_ACTIVITY
1480,1483,HAS_ACTIVITY
1480,1484,HAS_ACTIVITY
1480,1485,HAS_HOTEL
1486,1068,HAS_CITY
1486,1487,HAS_CITY
1486,1488,HAS_CITY
1486,1489,HAS_CITY
1486,1072,HAS_CITY
1486,1074,HAS_COUNTRY
1486,1075,HAS_COUNTRY
1486,1490,HAS_ACTIVITY
1486,1491,HAS_ACTIVITY
1486,1492,HAS_ACTIVITY
1486,1493,HAS_ACTIVITY
1486,1494,HAS_ACTIVITY
1486,1495,HAS_ACTIVITY
1486,1496,HAS_ACTIVITY
1486,1497,HAS_ACTIVITY
1486,1498,HAS_ACTIVITY
1486,1499,HAS_ACTIVITY
1486,1500,HAS_ACTIVITY
1486,1501,HAS_ACTIVITY
1486,1502,HAS_ACTIVITY
1486,1503,HAS_ACTIVITY
1486,1504,HAS_HOTEL
1486,1505,HAS_HOTEL
1486,1506,HAS_HOTEL
1486,1507,HAS_HOTEL
1508,591,HAS_CITY
1508,589,HAS_CITY
1508,590,HAS_CITY
1508,1343,HAS_CITY
1508,1344,HAS_CITY
1508,592,HAS_COUNTRY
1508,1184,HAS_ACTIVITY
1508,1509,HAS_ACTIVITY
1508,1510,HAS_ACTIVITY
1508,1511,HAS_ACTIVITY
1508,1512,HAS_ACTIVITY
1508,1513,HAS_ACTIVITY
1508,1355,HAS_ACTIVITY
1514,206,HAS_CITY
1514,208,HAS_CITY
1514,1515,HAS_CITY
1514,414,HAS_CITY
1514,413,HAS_CITY
1514,1220,HAS_CITY
1514,211,HAS_COUNTRY
1514,152,HAS_COUNTRY
1514,1319,HAS_ACTIVITY
1514,1516,HAS_ACTIVITY
1514,1517,HAS_ACTIVITY
1514,1518,HAS_ACTIVITY
1514,1519,HAS_ACTIVITY
1514,1520,HAS_ACTIVITY
1514,1521,HAS_ACTIVITY
1514,1522,HAS_ACTIVITY
1514,1523,HAS_ACTIVITY
1514,1524,HAS_ACTIVITY
1514,1525,HAS_ACTIVITY
1514,1526,HAS_ACTIVITY
1527,1200,HAS_CITY
1527,50,HAS_CITY
1527,51,HAS_CITY
1527,52,HAS_CITY
1527,1528,HAS_CITY
1527,54,HAS_COUNTRY
1527,1481,HAS_ACTIVITY
1527,1482,HAS_ACTIVITY
1527,1529,HAS_ACTIVITY
1527,1337,HAS_ACTIVITY
1527,1530,HAS_ACTIVITY
1527,1531,HAS_ACTIVITY
1527,1532,HAS_ACTIVITY
1527,1533,HAS_ACTIVITY
1527,1534,HAS_ACTIVITY
1527,1535,HAS_RESTAURANT
1527,1536,HAS_HOTEL
1537,1538,HAS_CITY
1537,1539,HAS_CITY
1537,1540,HAS_CITY
1537,1541,HAS_CITY
1537,150,HAS_CITY
1537,1542,HAS_COUNTRY
1537,152,HAS_COUNTRY
1537,1543,HAS_ACTIVITY
1537,1544,HAS_ACTIVITY
1537,1545,HAS_ACTIVITY
1537,1546,HAS_ACTIVITY
1537,1547,HAS_ACTIVITY
1537,1548,HAS_ACTIVITY
1537,1549,HAS_ACTIVITY
1537,1550,HAS_ACTIVITY
1537,1551,HAS_ACTIVITY
1537,1552,HAS_HOTEL
1553,1554,HAS_CITY
1553,1555,HAS_CITY
1553,1556,HAS_COUNTRY
1553,1557,HAS_COUNTRY
1553,1558,HAS_ACTIVITY
1553,1559,HAS_ACTIVITY
1553,1560,HAS_RESTAURANT
1553,1561,HAS_RESTAURANT
1553,1562,HAS_HOTEL
1553,1563,HAS_HOTEL
1564,1554,HAS_CITY
1564,1555,HAS_CITY
1564,1556,HAS_COUNTRY
1564,1557,HAS_COUNTRY
1564,1558,HAS_ACTIVITY
1564,1559,HAS_ACTIVITY
1564,1560,HAS_RESTAURANT
1564,1561,HAS_RESTAURANT
1564,1562,HAS_HOTEL
1564,1563,HAS_HOTEL
1565,1566,HAS_CITY
1565,1567,HAS_CITY
1565,1568,HAS_COUNTRY
1565,1569,HAS_COUNTRY
1565,1570,HAS_COUNTRY
1565,1571,HAS_ACTIVITY
1565,1572,HAS_ACTIVITY
1573,1555,HAS_CITY
1573,1557,HAS_COUNTRY
1573,1574,HAS_ACTIVITY
1573,1575,HAS_ACTIVITY
1573,1576,HAS_ACTIVITY
1573,1577,HAS_RESTAURANT
1573,1578,HAS_HOTEL
1553,1554,HAS_CITY
1553,1555,HAS_CITY
1553,1556,HAS_COUNTRY
1553,1557,HAS_COUNTRY
1553,1558,HAS_ACTIVITY
1553,1559,HAS_ACTIVITY
1553,1560,HAS_RESTAURANT
1553,1561,HAS_RESTAURANT
1553,1562,HAS_HOTEL
1553,1563,HAS_HOTEL
1579,1580,HAS_CITY
1579,1581,HAS_CITY
1579,1568,HAS_COUNTRY
1579,1582,HAS_ACTIVITY
1579,1583,HAS_ACTIVITY
1579,1584,HAS_ACTIVITY
1579,1585,HAS_RESTAURANT
1579,1586,HAS_RESTAURANT
1579,1587,HAS_HOTEL
1579,1588,HAS_HOTEL
1589,1566,HAS_CITY
1589,1567,HAS_CITY
1589,1568,HAS_COUNTRY
1589,1569,HAS_COUNTRY
1589,1570,HAS_COUNTRY
1589,1571,HAS_ACTIVITY
1589,1572,HAS_ACTIVITY
1590,1591,HAS_CITY
1590,1592,HAS_COUNTRY
1590,1593,HAS_ACTIVITY
1590,1594,HAS_ACTIVITY
1590,1595,HAS_ACTIVITY
1590,1596,HAS_RESTAURANT
1590,1597,HAS_HOTEL
1598,1599,HAS_CITY
1598,1600,HAS_COUNTRY
1598,1601,HAS_ACTIVITY
1598,1602,HAS_ACTIVITY
1598,1603,HAS_ACTIVITY
1598,1604,HAS_RESTAURANT
1598,1605,HAS_HOTEL
1606,1607,HAS_CITY
1606,1608,HAS_COUNTRY
1606,1609,HAS_ACTIVITY
1606,1610,HAS_ACTIVITY
1606,1611,HAS_ACTIVITY
1606,1612,HAS_RESTAURANT
1606,1613,HAS_HOTEL
1614,1615,HAS_CITY
1614,1608,HAS_COUNTRY
1614,1616,HAS_ACTIVITY
1614,1617,HAS_ACTIVITY
1614,1618,HAS_ACTIVITY
1614,1619,HAS_RESTAURANT
1614,1620,HAS_HOTEL
1621,1622,HAS_CITY
1621,1623,HAS_COUNTRY
1621,1624,HAS_ACTIVITY
1621,1625,HAS_ACTIVITY
1621,1626,HAS_ACTIVITY
1621,1627,HAS_RESTAURANT
1621,1628,HAS_HOTEL
1629,1622,HAS_CITY
1629,1623,HAS_COUNTRY
1629,1624,HAS_ACTIVITY
1629,1625,HAS_ACTIVITY
1629,1626,HAS_ACTIVITY
1629,1627,HAS_RESTAURANT
1629,1628,HAS_HOTEL
1630,1581,HAS_CITY
1630,1568,HAS_COUNTRY
1630,1571,HAS_ACTIVITY
1630,1584,HAS_ACTIVITY
1630,1631,HAS_ACTIVITY
1630,1586,HAS_RESTAURANT
1630,1588,HAS_HOTEL
1553,1554,HAS_CITY
1553,1555,HAS_CITY
1553,1556,HAS_COUNTRY
1553,1557,HAS_COUNTRY
1553,1558,HAS_ACTIVITY
1553,1559,HAS_ACTIVITY
1553,1560,HAS_RESTAURANT
1553,1561,HAS_RESTAURANT
1553,1562,HAS_HOTEL
1553,1563,HAS_HOTEL
1579,1580,HAS_CITY
1579,1632,HAS_CITY
1579,1568,HAS_COUNTRY
1579,1583,HAS_ACTIVITY
1579,1582,HAS_ACTIVITY
1579,1633,HAS_ACTIVITY
1579,1585,HAS_RESTAURANT
1579,1587,HAS_HOTEL
1634,1555,HAS_CITY
1634,1557,HAS_COUNTRY
1634,1574,HAS_ACTIVITY
1634,1575,HAS_ACTIVITY
1634,1576,HAS_ACTIVITY
1634,1561,HAS_RESTAURANT
1634,1578,HAS_HOTEL
1635,1581,HAS_CITY
1635,1580,HAS_CITY
1635,1568,HAS_COUNTRY
1635,1571,HAS_ACTIVITY
1635,1583,HAS_ACTIVITY
1635,1582,HAS_ACTIVITY
1635,1585,HAS_RESTAURANT
1635,1587,HAS_HOTEL
1553,1554,HAS_CITY
1553,1555,HAS_CITY
1553,1556,HAS_COUNTRY
1553,1557,HAS_COUNTRY
1553,1558,HAS_ACTIVITY
1553,1559,HAS_ACTIVITY
1553,1560,HAS_RESTAURANT
1553,1561,HAS_RESTAURANT
1553,1562,HAS_HOTEL
1553,1563,HAS_HOTEL
1565,1566,HAS_CITY
1565,1567,HAS_CITY
1565,1568,HAS_COUNTRY
1565,1569,HAS_COUNTRY
1565,1570,HAS_COUNTRY
1565,1571,HAS_ACTIVITY
1565,1572,HAS_ACTIVITY
1636,1581,HAS_CITY
1636,1568,HAS_COUNTRY
1636,1571,HAS_ACTIVITY
1636,1584,HAS_ACTIVITY
1636,1631,HAS_ACTIVITY
1636,1637,HAS_ACTIVITY
1636,1586,HAS_RESTAURANT
1636,1588,HAS_HOTEL
1638,1599,HAS_CITY
1638,1600,HAS_COUNTRY
1638,1602,HAS_ACTIVITY
1638,1603,HAS_ACTIVITY
1638,1601,HAS_ACTIVITY
1638,1604,HAS_RESTAURANT
1638,1639,HAS_HOTEL
1640,1591,HAS_CITY
1640,1592,HAS_COUNTRY
1640,1641,HAS_ACTIVITY
1640,1595,HAS_ACTIVITY
1640,1594,HAS_ACTIVITY
1640,1642,HAS_RESTAURANT
1640,1643,HAS_HOTEL
1644,1566,HAS_CITY
1644,1567,HAS_CITY
1644,1568,HAS_COUNTRY
1644,1569,HAS_COUNTRY
1644,1570,HAS_COUNTRY
1644,1645,HAS_ACTIVITY
1644,1646,HAS_ACTIVITY
1647,1648,HAS_CITY
1647,1649,HAS_CITY
1647,1650,HAS_COUNTRY
1647,1651,HAS_ACTIVITY
1647,1652,HAS_ACTIVITY
1647,1653,HAS_RESTAURANT
1647,1654,HAS_HOTEL
1647,1655,HAS_HOTEL
1656,1555,HAS_CITY
1656,1657,HAS_CITY
1656,1557,HAS_COUNTRY
1656,1574,HAS_ACTIVITY
1656,1658,HAS_ACTIVITY
1656,1561,HAS_RESTAURANT
1656,1578,HAS_HOTEL
1656,1659,HAS_HOTEL
1660,1554,HAS_CITY
1660,1556,HAS_COUNTRY
1660,1661,HAS_ACTIVITY
1660,1662,HAS_ACTIVITY
1660,1663,HAS_RESTAURANT
1660,1664,HAS_HOTEL
1630,1581,HAS_CITY
1630,1568,HAS_COUNTRY
1630,1584,HAS_ACTIVITY
1630,1631,HAS_ACTIVITY
1630,1586,HAS_RESTAURANT
1630,1588,HAS_HOTEL
1665,1666,HAS_CITY
1665,1581,HAS_CITY
1665,1568,HAS_COUNTRY
1665,1582,HAS_ACTIVITY
1665,1571,HAS_ACTIVITY
1665,1585,HAS_RESTAURANT
1665,1587,HAS_HOTEL
1667,1554,HAS_CITY
1667,1555,HAS_CITY
1667,1622,HAS_CITY
1667,1556,HAS_COUNTRY
1667,1557,HAS_COUNTRY
1667,1623,HAS_COUNTRY
1667,1558,HAS_ACTIVITY
1667,1574,HAS_ACTIVITY
1667,1624,HAS_ACTIVITY
1667,1561,HAS_RESTAURANT
1667,1627,HAS_RESTAURANT
1667,1562,HAS_HOTEL
1667,1578,HAS_HOTEL
1667,1628,HAS_HOTEL
1553,1554,HAS_CITY
1553,1555,HAS_CITY
1553,1556,HAS_COUNTRY
1553,1557,HAS_COUNTRY
1553,1558,HAS_ACTIVITY
1553,1559,HAS_ACTIVITY
1553,1560,HAS_RESTAURANT
1553,1561,HAS_RESTAURANT
1553,1562,HAS_HOTEL
1553,1563,HAS_HOTEL
1565,1566,HAS_CITY
1565,1567,HAS_CITY
1565,1568,HAS_COUNTRY
1565,1569,HAS_COUNTRY
1565,1570,HAS_COUNTRY
1565,1571,HAS_ACTIVITY
1565,1572,HAS_ACTIVITY
1553,1554,HAS_CITY
1553,1555,HAS_CITY
1553,1556,HAS_COUNTRY
1553,1557,HAS_COUNTRY
1553,1558,HAS_ACTIVITY
1553,1559,HAS_ACTIVITY
1553,1560,HAS_RESTAURANT
1553,1561,HAS_RESTAURANT
1553,1562,HAS_HOTEL
1553,1563,HAS_HOTEL
1573,1555,HAS_CITY
1573,1557,HAS_COUNTRY
1573,1574,HAS_ACTIVITY
1573,1575,HAS_ACTIVITY
1573,1576,HAS_ACTIVITY
1573,1577,HAS_RESTAURANT
1573,1578,HAS_HOTEL
1553,1554,HAS_CITY
1553,1555,HAS_CITY
1553,1556,HAS_COUNTRY
1553,1557,HAS_COUNTRY
1553,1558,HAS_ACTIVITY
1553,1559,HAS_ACTIVITY
1553,1560,HAS_RESTAURANT
1553,1561,HAS_RESTAURANT
1553,1562,HAS_HOTEL
1553,1563,HAS_HOTEL
1668,1554,HAS_CITY
1668,1556,HAS_COUNTRY
1668,1558,HAS_ACTIVITY
1668,1661,HAS_ACTIVITY
1668,1669,HAS_ACTIVITY
1668,1560,HAS_RESTAURANT
1668,1664,HAS_HOTEL
1647,1648,HAS_CITY
1647,1649,HAS_CITY
1647,1650,HAS_COUNTRY
1647,1651,HAS_ACTIVITY
1647,1652,HAS_ACTIVITY
1647,1653,HAS_RESTAURANT
1647,1654,HAS_HOTEL
1647,1655,HAS_HOTEL
1630,1581,HAS_CITY
1630,1568,HAS_COUNTRY
1630,1571,HAS_ACTIVITY
1630,1584,HAS_ACTIVITY
1630,1631,HAS_ACTIVITY
1630,1586,HAS_RESTAURANT
1630,1588,HAS_HOTEL
1553,1554,HAS_CITY
1553,1555,HAS_CITY
1553,1556,HAS_COUNTRY
1553,1557,HAS_COUNTRY
1553,1558,HAS_ACTIVITY
1553,1559,HAS_ACTIVITY
1553,1560,HAS_RESTAURANT
1553,1561,HAS_RESTAURANT
1553,1562,HAS_HOTEL
1553,1563,HAS_HOTEL
1579,1580,HAS_CITY
1579,1632,HAS_CITY
1579,1568,HAS_COUNTRY
1579,1583,HAS_ACTIVITY
1579,1582,HAS_ACTIVITY
1579,1633,HAS_ACTIVITY
1579,1585,HAS_RESTAURANT
1579,1587,HAS_HOTEL
1634,1555,HAS_CITY
1634,1557,HAS_COUNTRY
1634,1574,HAS_ACTIVITY
1634,1575,HAS_ACTIVITY
1634,1576,HAS_ACTIVITY
1634,1561,HAS_RESTAURANT
1634,1578,HAS_HOTEL
1635,1581,HAS_CITY
1635,1580,HAS_CITY
1635,1568,HAS_COUNTRY
1635,1571,HAS_ACTIVITY
1635,1583,HAS_ACTIVITY
1635,1582,HAS_ACTIVITY
1635,1585,HAS_RESTAURANT
1635,1587,HAS_HOTEL
1553,1554,HAS_CITY
1553,1555,HAS_CITY
1553,1556,HAS_COUNTRY
1553,1557,HAS_COUNTRY
1553,1558,HAS_ACTIVITY
1553,1559,HAS_ACTIVITY
1553,1560,HAS_RESTAURANT
1553,1561,HAS_RESTAURANT
1553,1562,HAS_HOTEL
1553,1563,HAS_HOTEL
1565,1566,HAS_CITY
1565,1567,HAS_CITY
1565,1568,HAS_COUNTRY
1565,1569,HAS_COUNTRY
1565,1570,HAS_COUNTRY
1565,1571,HAS_ACTIVITY
1565,1572,HAS_ACTIVITY
1668,1554,HAS_CITY
1668,1556,HAS_COUNTRY
1668,1558,HAS_ACTIVITY
1668,1661,HAS_ACTIVITY
1668,1669,HAS_ACTIVITY
1668,1560,HAS_RESTAURANT
1668,1664,HAS_HOTEL
