start,type,end
BREZİLYA – ARJANTİN – ŞİLİ TURU 04 – 22 OCAK,HAS_COUNTRY,Brezilya
BREZİLYA – ARJANTİN – ŞİLİ TURU 04 – 22 OCAK,HAS_COUNTRY,Arjantin
BREZİLYA – ARJANTİN – ŞİLİ TURU 04 – 22 OCAK,HAS_COUNTRY,Şili
BREZİLYA – ARJANTİN – ŞİLİ TURU 04 – 22 OCAK,HAS_CITY,Rio de Janeiro
BREZİLYA – ARJANTİN – ŞİLİ TURU 04 – 22 OCAK,HAS_CITY,Iguazu
BREZİLYA – ARJANTİN – ŞİLİ TURU 04 – 22 OCAK,HAS_CITY,Buenos Aires
BREZİLYA – ARJANTİN – ŞİLİ TURU 04 – 22 OCAK,HAS_CITY,Cape Horn
BREZİLYA – ARJANTİN – ŞİLİ TURU 04 – 22 OCAK,HAS_CITY,Magdalena Adası
BREZİLYA – ARJANTİN – ŞİLİ TURU 04 – 22 OCAK,HAS_CITY,Santiago
BREZİLYA – ARJANTİN – ŞİLİ TURU 04 – 22 OCAK,HAS_SEASON,Kış
BREZİLYA – ARJANTİN – ŞİLİ TURU 04 – 22 OCAK,HAS_DATE_START,2025-01-04
BREZİLYA – ARJANTİN – ŞİLİ TURU 04 – 22 OCAK,HAS_DATE_END,2025-01-22
Rio de Janeiro,HAS_RESTAURANT,Satyricon Restaurant
Rio de Janeiro,HAS_RESTAURANT,La Cabrera Restaurant
Rio de Janeiro,HAS_RESTAURANT,Fervor Restaurant
Iguazu,HAS_RESTAURANT,Satyricon Restaurant
Iguazu,HAS_RESTAURANT,La Cabrera Restaurant
Iguazu,HAS_RESTAURANT,Fervor Restaurant
İZLANDA TURU 18 – 24 MAYIS,HAS_COUNTRY,İzlanda
İZLANDA TURU 18 – 24 MAYIS,HAS_CITY,İzlanda
İZLANDA TURU 18 – 24 MAYIS,HAS_SEASON,İlkbahar
İZLANDA TURU 18 – 24 MAYIS,HAS_DATE_START,2025-05-18
İZLANDA TURU 18 – 24 MAYIS,HAS_DATE_END,2025-05-24
İzlanda,HAS_HOTEL,Hali Country Hotel
İzlanda,HAS_HOTEL,Fosshotel Glacier Lagoon
GÜNEY AFRİKA TURU 07 – 16 ARALIK,HAS_COUNTRY,Güney Afrika
GÜNEY AFRİKA TURU 07 – 16 ARALIK,HAS_CITY,Cape Town
GÜNEY AFRİKA TURU 07 – 16 ARALIK,HAS_CITY,Stellenbosch
GÜNEY AFRİKA TURU 07 – 16 ARALIK,HAS_CITY,Franschhoek
GÜNEY AFRİKA TURU 07 – 16 ARALIK,HAS_CITY,Kimberley
GÜNEY AFRİKA TURU 07 – 16 ARALIK,HAS_SEASON,Kış
GÜNEY AFRİKA TURU 07 – 16 ARALIK,HAS_DATE_START,2025-12-07
GÜNEY AFRİKA TURU 07 – 16 ARALIK,HAS_DATE_END,2025-12-16
Cape Town,HAS_HOTEL,Babel Hotel
Stellenbosch,HAS_HOTEL,Babel Hotel
VENEDİK & MİLANO TURU 08 – 12,HAS_COUNTRY,İtalya
VENEDİK & MİLANO TURU 08 – 12,HAS_CITY,Venedik
VENEDİK & MİLANO TURU 08 – 12,HAS_CITY,Milano
Venedik,HAS_HOTEL,Hotel Ai Cavalieri
Milano,HAS_HOTEL,Hotel Ai Cavalieri
Venedik,HAS_RESTAURANT,Ristorante Da Ivo
Venedik,HAS_RESTAURANT,Ristorante Acqua Pazza
Venedik,HAS_RESTAURANT,Osteria Enoteca San Marco
Venedik,HAS_RESTAURANT,Restaurant Terrazza Danieli
Venedik,HAS_RESTAURANT,Da Giacomo
Venedik,HAS_RESTAURANT,Il Salumaio di Montenapoleone
Venedik,HAS_RESTAURANT,Solferino Restaurant
Milano,HAS_RESTAURANT,Ristorante Da Ivo
Milano,HAS_RESTAURANT,Ristorante Acqua Pazza
Milano,HAS_RESTAURANT,Osteria Enoteca San Marco
Milano,HAS_RESTAURANT,Restaurant Terrazza Danieli
Milano,HAS_RESTAURANT,Da Giacomo
Milano,HAS_RESTAURANT,Il Salumaio di Montenapoleone
Milano,HAS_RESTAURANT,Solferino Restaurant
MALDİVLER TURU 08 – 15 OCAK 2024,HAS_COUNTRY,Maldivler
MALDİVLER TURU 08 – 15 OCAK 2024,HAS_CITY,Maldivler
MALDİVLER TURU 08 – 15 OCAK 2024,HAS_SEASON,Kış
MALDİVLER TURU 08 – 15 OCAK 2024,HAS_DATE_START,2024-01-08
MALDİVLER TURU 08 – 15 OCAK 2024,HAS_DATE_END,2024-01-15
Maldivler,HAS_HOTEL,Beach Villa with Pool
Maldivler,HAS_HOTEL,Water Villa with Pool
Maldivler,HAS_HOTEL,Water Villa One Bedroom
TANZANYA & ZANZIBAR TURU 08 – 17 OCAK 2024,HAS_COUNTRY,Tanzanya
TANZANYA & ZANZIBAR TURU 08 – 17 OCAK 2024,HAS_CITY,Arusha
TANZANYA & ZANZIBAR TURU 08 – 17 OCAK 2024,HAS_CITY,Serengeti
TANZANYA & ZANZIBAR TURU 08 – 17 OCAK 2024,HAS_CITY,Zanzibar
TANZANYA & ZANZIBAR TURU 08 – 17 OCAK 2024,HAS_SEASON,Kış
TANZANYA & ZANZIBAR TURU 08 – 17 OCAK 2024,HAS_DATE_START,2024-01-08
TANZANYA & ZANZIBAR TURU 08 – 17 OCAK 2024,HAS_DATE_END,2024-01-17
Arusha,HAS_HOTEL,Singita Lodge
Arusha,HAS_HOTEL,Singita Sasakawa Lodge
Serengeti,HAS_HOTEL,Singita Lodge
Serengeti,HAS_HOTEL,Singita Sasakawa Lodge
BARCELONA TURU 09 – 11 KASIM,HAS_COUNTRY,İspanya
BARCELONA TURU 09 – 11 KASIM,HAS_CITY,Barcelona
BARCELONA TURU 09 – 11 KASIM,HAS_SEASON,Sonbahar
BARCELONA TURU 09 – 11 KASIM,HAS_DATE_START,2025-11-09
BARCELONA TURU 09 – 11 KASIM,HAS_DATE_END,2025-11-11
Barcelona,HAS_RESTAURANT,La Pepita Tapas Bar
Barcelona,HAS_RESTAURANT,Gala Restoran
Barcelona,HAS_RESTAURANT,Barceloneta Restoran
BILBAO & SAN SEBASTIAN TURU 12 – 15 EYLÜL,HAS_COUNTRY,İspanya
BILBAO & SAN SEBASTIAN TURU 12 – 15 EYLÜL,HAS_COUNTRY,Fransa
BILBAO & SAN SEBASTIAN TURU 12 – 15 EYLÜL,HAS_CITY,Bilbao
BILBAO & SAN SEBASTIAN TURU 12 – 15 EYLÜL,HAS_CITY,San Sebastian
BILBAO & SAN SEBASTIAN TURU 12 – 15 EYLÜL,HAS_CITY,Biarritz
BILBAO & SAN SEBASTIAN TURU 12 – 15 EYLÜL,HAS_CITY,Saint Jean De Luz
BILBAO & SAN SEBASTIAN TURU 12 – 15 EYLÜL,HAS_SEASON,Sonbahar
BILBAO & SAN SEBASTIAN TURU 12 – 15 EYLÜL,HAS_DATE_START,2025-09-12
BILBAO & SAN SEBASTIAN TURU 12 – 15 EYLÜL,HAS_DATE_END,2025-09-15
Bilbao,HAS_HOTEL,Hotel Maria Cristina
San Sebastian,HAS_HOTEL,Hotel Maria Cristina
Bilbao,HAS_RESTAURANT,Restaurante Ilura
Bilbao,HAS_RESTAURANT,Elkano Restaurant
Bilbao,HAS_RESTAURANT,Cafe Iruña
San Sebastian,HAS_RESTAURANT,Restaurante Ilura
San Sebastian,HAS_RESTAURANT,Elkano Restaurant
San Sebastian,HAS_RESTAURANT,Cafe Iruña
AVUSTRALYA & YENİ ZELANDA TURU 14 ARALIK – 3 OCAK,HAS_COUNTRY,Avustralya
AVUSTRALYA & YENİ ZELANDA TURU 14 ARALIK – 3 OCAK,HAS_COUNTRY,Yeni Zelanda
AVUSTRALYA & YENİ ZELANDA TURU 14 ARALIK – 3 OCAK,HAS_COUNTRY,Singapur
AVUSTRALYA & YENİ ZELANDA TURU 14 ARALIK – 3 OCAK,HAS_CITY,Singapore
AVUSTRALYA & YENİ ZELANDA TURU 14 ARALIK – 3 OCAK,HAS_CITY,Auckland
AVUSTRALYA & YENİ ZELANDA TURU 14 ARALIK – 3 OCAK,HAS_CITY,Rotorua
AVUSTRALYA & YENİ ZELANDA TURU 14 ARALIK – 3 OCAK,HAS_CITY,Wellington
AVUSTRALYA & YENİ ZELANDA TURU 14 ARALIK – 3 OCAK,HAS_CITY,Tekapo
AVUSTRALYA & YENİ ZELANDA TURU 14 ARALIK – 3 OCAK,HAS_CITY,Queenstown
AVUSTRALYA & YENİ ZELANDA TURU 14 ARALIK – 3 OCAK,HAS_CITY,Gold Coast
AVUSTRALYA & YENİ ZELANDA TURU 14 ARALIK – 3 OCAK,HAS_CITY,Sydney
Singapore,HAS_HOTEL,JW Marriott Hotel Singapore South Beach
Singapore,HAS_HOTEL,Pullman Rotorua
Singapore,HAS_HOTEL,Intercontinental Hotel Wellington
Singapore,HAS_HOTEL,Peppers Blue Water Resort Lake Tekapo
Singapore,HAS_HOTEL,The Rees Hotel & Luxury Apartments
Singapore,HAS_HOTEL,JW Marriott Gold Coast Resort & Spa
Singapore,HAS_HOTEL,Sydney Harbour Marriott Hotel at Circular Quay
Auckland,HAS_HOTEL,JW Marriott Hotel Singapore South Beach
Auckland,HAS_HOTEL,Pullman Rotorua
Auckland,HAS_HOTEL,Intercontinental Hotel Wellington
Auckland,HAS_HOTEL,Peppers Blue Water Resort Lake Tekapo
Auckland,HAS_HOTEL,The Rees Hotel & Luxury Apartments
Auckland,HAS_HOTEL,JW Marriott Gold Coast Resort & Spa
Auckland,HAS_HOTEL,Sydney Harbour Marriott Hotel at Circular Quay
BALI & BANGKOK TURU 18 TEMMUZ – 06 AĞUSTOS,HAS_COUNTRY,Endonezya
BALI & BANGKOK TURU 18 TEMMUZ – 06 AĞUSTOS,HAS_COUNTRY,Tayland
BALI & BANGKOK TURU 18 TEMMUZ – 06 AĞUSTOS,HAS_CITY,Bali
BALI & BANGKOK TURU 18 TEMMUZ – 06 AĞUSTOS,HAS_CITY,Bangkok
Bali,HAS_HOTEL,Capella Bangkok Hotel
Bali,HAS_HOTEL,Riverside Pool Villa
Bangkok,HAS_HOTEL,Capella Bangkok Hotel
Bangkok,HAS_HOTEL,Riverside Pool Villa
Bali,HAS_RESTAURANT,Koral Restaurant
Bali,HAS_RESTAURANT,Restaurant POTONG
Bangkok,HAS_RESTAURANT,Koral Restaurant
Bangkok,HAS_RESTAURANT,Restaurant POTONG
DANİMARKA & NORVEÇ TURU 18 – 25 AĞUSTOS 2025,HAS_COUNTRY,Danimarka
DANİMARKA & NORVEÇ TURU 18 – 25 AĞUSTOS 2025,HAS_COUNTRY,Norveç
DANİMARKA & NORVEÇ TURU 18 – 25 AĞUSTOS 2025,HAS_CITY,Kopenhag
DANİMARKA & NORVEÇ TURU 18 – 25 AĞUSTOS 2025,HAS_CITY,Bergen
DANİMARKA & NORVEÇ TURU 18 – 25 AĞUSTOS 2025,HAS_CITY,Flåm
DANİMARKA & NORVEÇ TURU 18 – 25 AĞUSTOS 2025,HAS_CITY,Oslo
DANİMARKA & NORVEÇ TURU 18 – 25 AĞUSTOS 2025,HAS_SEASON,Yaz
DANİMARKA & NORVEÇ TURU 18 – 25 AĞUSTOS 2025,HAS_DATE_START,2025-08-18
DANİMARKA & NORVEÇ TURU 18 – 25 AĞUSTOS 2025,HAS_DATE_END,2025-08-25
Kopenhag,HAS_HOTEL,Nimb Hotel
Kopenhag,HAS_HOTEL,Bergen Børs Hotel
Kopenhag,HAS_HOTEL,Fretheim Hotel
Bergen,HAS_HOTEL,Nimb Hotel
Bergen,HAS_HOTEL,Bergen Børs Hotel
Bergen,HAS_HOTEL,Fretheim Hotel
Kopenhag,HAS_RESTAURANT,Fjellskål Seafood Restaurant
Kopenhag,HAS_RESTAURANT,Restaurant Arven
Kopenhag,HAS_RESTAURANT,Lofoten Fiskerestaurant
Kopenhag,HAS_RESTAURANT,Bryggen Tracteursted
Kopenhag,HAS_RESTAURANT,Izakaya Bar & Terrace
Bergen,HAS_RESTAURANT,Fjellskål Seafood Restaurant
Bergen,HAS_RESTAURANT,Restaurant Arven
Bergen,HAS_RESTAURANT,Lofoten Fiskerestaurant
Bergen,HAS_RESTAURANT,Bryggen Tracteursted
Bergen,HAS_RESTAURANT,Izakaya Bar & Terrace
GÜNEY AFRİKA TURU 19 ARALIK 2025 – 3 OCAK 2026,HAS_COUNTRY,Güney Afrika
GÜNEY AFRİKA TURU 19 ARALIK 2025 – 3 OCAK 2026,HAS_COUNTRY,Zambiya
GÜNEY AFRİKA TURU 19 ARALIK 2025 – 3 OCAK 2026,HAS_CITY,Cape Town
GÜNEY AFRİKA TURU 19 ARALIK 2025 – 3 OCAK 2026,HAS_CITY,Franschhoek
GÜNEY AFRİKA TURU 19 ARALIK 2025 – 3 OCAK 2026,HAS_CITY,Livingstone
GÜNEY AFRİKA TURU 19 ARALIK 2025 – 3 OCAK 2026,HAS_CITY,Serengeti
GÜNEY AFRİKA TURU 19 ARALIK 2025 – 3 OCAK 2026,HAS_SEASON,Kış
GÜNEY AFRİKA TURU 19 ARALIK 2025 – 3 OCAK 2026,HAS_DATE_START,2026-01-25
GÜNEY AFRİKA TURU 19 ARALIK 2025 – 3 OCAK 2026,HAS_DATE_END,2026-01-03
Cape Town,HAS_HOTEL,Royal Livingstone Victoria Falls Zambia Hotel by Anantara
Cape Town,HAS_HOTEL,Babylonstoren Hotel
Cape Town,HAS_HOTEL,Marataba Safari Lodge
Franschhoek,HAS_HOTEL,Royal Livingstone Victoria Falls Zambia Hotel by Anantara
Franschhoek,HAS_HOTEL,Babylonstoren Hotel
Franschhoek,HAS_HOTEL,Marataba Safari Lodge
Cape Town,HAS_RESTAURANT,The Lookout Cafe
Franschhoek,HAS_RESTAURANT,The Lookout Cafe
JAPONYA TURU 19 HAZİRAN – 5 TEMMUZ 2025,HAS_COUNTRY,Japonya
JAPONYA TURU 19 HAZİRAN – 5 TEMMUZ 2025,HAS_CITY,Tokyo
JAPONYA TURU 19 HAZİRAN – 5 TEMMUZ 2025,HAS_CITY,Okayama
JAPONYA TURU 19 HAZİRAN – 5 TEMMUZ 2025,HAS_CITY,Kyoto
JAPONYA TURU 19 HAZİRAN – 5 TEMMUZ 2025,HAS_CITY,Naoshima
JAPONYA TURU 19 HAZİRAN – 5 TEMMUZ 2025,HAS_CITY,Teshima
Tokyo,HAS_HOTEL,Mitsui Garden Hotel Premier Jingu-Gaien
Tokyo,HAS_HOTEL,Uno Hotel
Tokyo,HAS_HOTEL,ACE Hotel Kyoto
Okayama,HAS_HOTEL,Mitsui Garden Hotel Premier Jingu-Gaien
Okayama,HAS_HOTEL,Uno Hotel
Okayama,HAS_HOTEL,ACE Hotel Kyoto
LAPLAND TURU 19 – 24 OCAK,HAS_COUNTRY,İsveç
LAPLAND TURU 19 – 24 OCAK,HAS_CITY,Jukkasjärvi
LAPLAND TURU 19 – 24 OCAK,HAS_CITY,Harads
LAPLAND TURU 19 – 24 OCAK,HAS_SEASON,Kış
LAPLAND TURU 19 – 24 OCAK,HAS_DATE_START,2025-01-19
LAPLAND TURU 19 – 24 OCAK,HAS_DATE_END,2025-01-24
Jukkasjärvi,HAS_HOTEL,ICEHOTEL
Jukkasjärvi,HAS_HOTEL,Kaamos Hotel
Jukkasjärvi,HAS_HOTEL,Treehotel
Harads,HAS_HOTEL,ICEHOTEL
Harads,HAS_HOTEL,Kaamos Hotel
Harads,HAS_HOTEL,Treehotel
MISIR TURU 20 – 25 NİSAN 2024,HAS_COUNTRY,Mısır
MISIR TURU 20 – 25 NİSAN 2024,HAS_CITY,Kahire
MISIR TURU 20 – 25 NİSAN 2024,HAS_CITY,Aswan
MISIR TURU 20 – 25 NİSAN 2024,HAS_CITY,Luxor
MISIR TURU 20 – 25 NİSAN 2024,HAS_SEASON,İlkbahar
MISIR TURU 20 – 25 NİSAN 2024,HAS_DATE_START,2024-04-20
MISIR TURU 20 – 25 NİSAN 2024,HAS_DATE_END,2024-04-25
Kahire,HAS_HOTEL,Marriott Mena House Hotel
Kahire,HAS_HOTEL,Movenpick Sunray Nile Cruise
Aswan,HAS_HOTEL,Marriott Mena House Hotel
Aswan,HAS_HOTEL,Movenpick Sunray Nile Cruise
AMALFI TURU 20 – 23 HAZİRAN,HAS_COUNTRY,İtalya
AMALFI TURU 20 – 23 HAZİRAN,HAS_CITY,Amalfi
AMALFI TURU 20 – 23 HAZİRAN,HAS_CITY,Ravello
AMALFI TURU 20 – 23 HAZİRAN,HAS_CITY,Pompei
AMALFI TURU 20 – 23 HAZİRAN,HAS_CITY,Napoli
AMALFI TURU 20 – 23 HAZİRAN,HAS_CITY,Sorrento
AMALFI TURU 20 – 23 HAZİRAN,HAS_SEASON,Yaz
AMALFI TURU 20 – 23 HAZİRAN,HAS_DATE_START,2025-06-20
AMALFI TURU 20 – 23 HAZİRAN,HAS_DATE_END,2025-06-23
Amalfi,HAS_HOTEL,Villa Piedimonte
Amalfi,HAS_HOTEL,Hotel Rufolo
Ravello,HAS_HOTEL,Villa Piedimonte
Ravello,HAS_HOTEL,Hotel Rufolo
LOIRE TURU 20 – 23 NİSAN,HAS_COUNTRY,Fransa
LOIRE TURU 20 – 23 NİSAN,HAS_CITY,Loire
LOIRE TURU 20 – 23 NİSAN,HAS_CITY,Tours
LOIRE TURU 20 – 23 NİSAN,HAS_CITY,Amboise
LOIRE TURU 20 – 23 NİSAN,HAS_CITY,Blois
LOIRE TURU 20 – 23 NİSAN,HAS_SEASON,İlkbahar
LOIRE TURU 20 – 23 NİSAN,HAS_DATE_START,2025-04-20
LOIRE TURU 20 – 23 NİSAN,HAS_DATE_END,2025-04-23
Loire,HAS_RESTAURANT,Avarum Restaurant
Loire,HAS_RESTAURANT,Restaurante Amour Blanc
Tours,HAS_RESTAURANT,Avarum Restaurant
Tours,HAS_RESTAURANT,Restaurante Amour Blanc
BRUGGE & LOIRE TURU 20 – 23 NİSAN,HAS_COUNTRY,Belçika
BRUGGE & LOIRE TURU 20 – 23 NİSAN,HAS_COUNTRY,Fransa
BRUGGE & LOIRE TURU 20 – 23 NİSAN,HAS_CITY,Brugge
BRUGGE & LOIRE TURU 20 – 23 NİSAN,HAS_CITY,Gent
BRUGGE & LOIRE TURU 20 – 23 NİSAN,HAS_CITY,Loire
BRUGGE & LOIRE TURU 20 – 23 NİSAN,HAS_CITY,Amboise
BRUGGE & LOIRE TURU 20 – 23 NİSAN,HAS_CITY,Blois
BRUGGE & LOIRE TURU 20 – 23 NİSAN,HAS_SEASON,İlkbahar
BRUGGE & LOIRE TURU 20 – 23 NİSAN,HAS_DATE_START,2025-04-20
BRUGGE & LOIRE TURU 20 – 23 NİSAN,HAS_DATE_END,2025-04-23
Brugge,HAS_HOTEL,Hotel De Orangerie
Brugge,HAS_HOTEL,Hotel Van Cleef
Brugge,HAS_HOTEL,Hotel Heritage Relais Chateau
Brugge,HAS_HOTEL,Hotel Dukes' Palace
Gent,HAS_HOTEL,Hotel De Orangerie
Gent,HAS_HOTEL,Hotel Van Cleef
Gent,HAS_HOTEL,Hotel Heritage Relais Chateau
Gent,HAS_HOTEL,Hotel Dukes' Palace
AMALFI TURU 20 – 24 HAZİRAN,HAS_COUNTRY,İtalya
AMALFI TURU 20 – 24 HAZİRAN,HAS_CITY,Amalfi
AMALFI TURU 20 – 24 HAZİRAN,HAS_SEASON,Yaz
AMALFI TURU 20 – 24 HAZİRAN,HAS_DATE_START,2025-06-20
AMALFI TURU 20 – 24 HAZİRAN,HAS_DATE_END,2025-06-24
SALZBURG TURU 20 – 25 ARALIK,HAS_COUNTRY,Avusturya
SALZBURG TURU 20 – 25 ARALIK,HAS_COUNTRY,Almanya
SALZBURG TURU 20 – 25 ARALIK,HAS_CITY,Salzburg
SALZBURG TURU 20 – 25 ARALIK,HAS_CITY,Hallstatt
SALZBURG TURU 20 – 25 ARALIK,HAS_CITY,St Wolfgang
SALZBURG TURU 20 – 25 ARALIK,HAS_CITY,Berchtesgaden
SALZBURG TURU 20 – 25 ARALIK,HAS_SEASON,Kış
SALZBURG TURU 20 – 25 ARALIK,HAS_DATE_START,2025-12-20
SALZBURG TURU 20 – 25 ARALIK,HAS_DATE_END,2025-12-25
Salzburg,HAS_HOTEL,Radisson Blu Hotel Altstadt
Salzburg,HAS_HOTEL,Hotel Goldener Hirsch
Salzburg,HAS_HOTEL,Hotel Bristol
Hallstatt,HAS_HOTEL,Radisson Blu Hotel Altstadt
Hallstatt,HAS_HOTEL,Hotel Goldener Hirsch
Hallstatt,HAS_HOTEL,Hotel Bristol
Salzburg,HAS_RESTAURANT,Cafe Sacher Salzburg
Salzburg,HAS_RESTAURANT,Restaurant Blaue Gans Salzburg Gasthaus
Hallstatt,HAS_RESTAURANT,Cafe Sacher Salzburg
Hallstatt,HAS_RESTAURANT,Restaurant Blaue Gans Salzburg Gasthaus
BELGRAD TURU 21 – 23 EYLÜL,HAS_COUNTRY,Sırbistan
BELGRAD TURU 21 – 23 EYLÜL,HAS_CITY,Belgrad
BELGRAD TURU 21 – 23 EYLÜL,HAS_CITY,Karlofca
BELGRAD TURU 21 – 23 EYLÜL,HAS_CITY,Novi Sad
BELGRAD TURU 21 – 23 EYLÜL,HAS_SEASON,Sonbahar
BELGRAD TURU 21 – 23 EYLÜL,HAS_DATE_START,2025-09-21
BELGRAD TURU 21 – 23 EYLÜL,HAS_DATE_END,2025-09-23
Belgrad,HAS_HOTEL,Metropol Palace Hotel
Belgrad,HAS_HOTEL,Square Nine Hotel
Karlofca,HAS_HOTEL,Metropol Palace Hotel
Karlofca,HAS_HOTEL,Square Nine Hotel
Belgrad,HAS_RESTAURANT,Kalemegdan Restaurant
Karlofca,HAS_RESTAURANT,Kalemegdan Restaurant
İSTANBUL – KAPADOKYA – İZMİR TURU 23 TEMMUZ – 2 AĞUSTOS 2023,HAS_COUNTRY,Türkiye
İSTANBUL – KAPADOKYA – İZMİR TURU 23 TEMMUZ – 2 AĞUSTOS 2023,HAS_CITY,İstanbul
İSTANBUL – KAPADOKYA – İZMİR TURU 23 TEMMUZ – 2 AĞUSTOS 2023,HAS_CITY,Kapadokya
İSTANBUL – KAPADOKYA – İZMİR TURU 23 TEMMUZ – 2 AĞUSTOS 2023,HAS_CITY,Kuşadası
İSTANBUL – KAPADOKYA – İZMİR TURU 23 TEMMUZ – 2 AĞUSTOS 2023,HAS_CITY,İzmir
İSTANBUL – KAPADOKYA – İZMİR TURU 23 TEMMUZ – 2 AĞUSTOS 2023,HAS_CITY,Şirince
İSTANBUL – KAPADOKYA – İZMİR TURU 23 TEMMUZ – 2 AĞUSTOS 2023,HAS_CITY,Efes
İstanbul,HAS_RESTAURANT,Il Cortile Ristorante Pizzeria
İstanbul,HAS_RESTAURANT,Pandeli Restaurant
İstanbul,HAS_RESTAURANT,Belisirma Nehir Kenarı Restoran
İstanbul,HAS_RESTAURANT,Geleneksel Türk Restoranı (Efes)
Kapadokya,HAS_RESTAURANT,Il Cortile Ristorante Pizzeria
Kapadokya,HAS_RESTAURANT,Pandeli Restaurant
Kapadokya,HAS_RESTAURANT,Belisirma Nehir Kenarı Restoran
Kapadokya,HAS_RESTAURANT,Geleneksel Türk Restoranı (Efes)
EDINBURGH & HIGHLANDS TURU 4 – 8 AĞUSTOS,HAS_COUNTRY,İskoçya
EDINBURGH & HIGHLANDS TURU 4 – 8 AĞUSTOS,HAS_CITY,Edinburgh
EDINBURGH & HIGHLANDS TURU 4 – 8 AĞUSTOS,HAS_CITY,Pitlochry
EDINBURGH & HIGHLANDS TURU 4 – 8 AĞUSTOS,HAS_CITY,Fort William
EDINBURGH & HIGHLANDS TURU 4 – 8 AĞUSTOS,HAS_CITY,Inverness
EDINBURGH & HIGHLANDS TURU 4 – 8 AĞUSTOS,HAS_SEASON,Yaz
EDINBURGH & HIGHLANDS TURU 4 – 8 AĞUSTOS,HAS_DATE_START,2025-08-04
EDINBURGH & HIGHLANDS TURU 4 – 8 AĞUSTOS,HAS_DATE_END,2025-08-08
Edinburgh,HAS_HOTEL,Fonab Castle Hotel
Edinburgh,HAS_HOTEL,The Craigellachie Hotel
Edinburgh,HAS_HOTEL,Nevis Bank Inn
Edinburgh,HAS_HOTEL,Seasgair Hotel
Pitlochry,HAS_HOTEL,Fonab Castle Hotel
Pitlochry,HAS_HOTEL,The Craigellachie Hotel
Pitlochry,HAS_HOTEL,Nevis Bank Inn
Pitlochry,HAS_HOTEL,Seasgair Hotel
Edinburgh,HAS_RESTAURANT,Nevis Bank Inn and Browns Restaurant
Edinburgh,HAS_RESTAURANT,Rocpool Restaurant
Pitlochry,HAS_RESTAURANT,Nevis Bank Inn and Browns Restaurant
Pitlochry,HAS_RESTAURANT,Rocpool Restaurant
TAYLAND TURU 5 – 18 ŞUBAT,HAS_COUNTRY,Tayland
TAYLAND TURU 5 – 18 ŞUBAT,HAS_CITY,Bangkok
TAYLAND TURU 5 – 18 ŞUBAT,HAS_CITY,Chiang Mai
TAYLAND TURU 5 – 18 ŞUBAT,HAS_CITY,Chiang Rai
TAYLAND TURU 5 – 18 ŞUBAT,HAS_SEASON,Kış
TAYLAND TURU 5 – 18 ŞUBAT,HAS_DATE_START,2025-02-05
TAYLAND TURU 5 – 18 ŞUBAT,HAS_DATE_END,2025-02-18
Bangkok,HAS_HOTEL,The Surin
Chiang Mai,HAS_HOTEL,The Surin
Bangkok,HAS_RESTAURANT,Beach Restaurant (The Surin)
Bangkok,HAS_RESTAURANT,Potong Restaurant
Bangkok,HAS_RESTAURANT,Clara Restaurant
Bangkok,HAS_RESTAURANT,Kalido
Bangkok,HAS_RESTAURANT,Carpe Diem Beach Club
Bangkok,HAS_RESTAURANT,Terrace Rim Naam
Chiang Mai,HAS_RESTAURANT,Beach Restaurant (The Surin)
Chiang Mai,HAS_RESTAURANT,Potong Restaurant
Chiang Mai,HAS_RESTAURANT,Clara Restaurant
Chiang Mai,HAS_RESTAURANT,Kalido
Chiang Mai,HAS_RESTAURANT,Carpe Diem Beach Club
Chiang Mai,HAS_RESTAURANT,Terrace Rim Naam
JAPONYA TURU 6 – 13 NİSAN 2024 (SAFFET EMRE),HAS_COUNTRY,Japonya
JAPONYA TURU 6 – 13 NİSAN 2024 (SAFFET EMRE),HAS_CITY,Tokyo
JAPONYA TURU 6 – 13 NİSAN 2024 (SAFFET EMRE),HAS_CITY,Hakone
JAPONYA TURU 6 – 13 NİSAN 2024 (SAFFET EMRE),HAS_CITY,Kyoto
JAPONYA TURU 6 – 13 NİSAN 2024 (SAFFET EMRE),HAS_CITY,Nara
JAPONYA TURU 6 – 13 NİSAN 2024 (SAFFET EMRE),HAS_CITY,Naoshima
JAPONYA TURU 6 – 13 NİSAN 2024 (SAFFET EMRE),HAS_CITY,Teshima
JAPONYA TURU 6 – 13 NİSAN 2024 (SAFFET EMRE),HAS_SEASON,İlkbahar
JAPONYA TURU 6 – 13 NİSAN 2024 (SAFFET EMRE),HAS_DATE_START,2024-04-06
JAPONYA TURU 6 – 13 NİSAN 2024 (SAFFET EMRE),HAS_DATE_END,2024-04-13
Tokyo,HAS_HOTEL,Mitsui Garden Hotel
Tokyo,HAS_HOTEL,Benesse House
Hakone,HAS_HOTEL,Mitsui Garden Hotel
Hakone,HAS_HOTEL,Benesse House
ARLES TURU 03 – 06 EKİM,HAS_COUNTRY,Fransa
ARLES TURU 03 – 06 EKİM,HAS_CITY,Arles
ARLES TURU 03 – 06 EKİM,HAS_CITY,Avignon
ARLES TURU 03 – 06 EKİM,HAS_CITY,Les Baux-de-Provence
ARLES TURU 03 – 06 EKİM,HAS_CITY,L'Isle-sur-la-Sorgue
ARLES TURU 03 – 06 EKİM,HAS_SEASON,Sonbahar
ARLES TURU 03 – 06 EKİM,HAS_DATE_START,2025-10-03
ARLES TURU 03 – 06 EKİM,HAS_DATE_END,2025-10-06
Arles,HAS_RESTAURANT,Restaurant L'Oriel
Arles,HAS_RESTAURANT,Café Tadoa Ando
Arles,HAS_RESTAURANT,La Taula Gallici's Gourmet Restaurant
Avignon,HAS_RESTAURANT,Restaurant L'Oriel
Avignon,HAS_RESTAURANT,Café Tadoa Ando
Avignon,HAS_RESTAURANT,La Taula Gallici's Gourmet Restaurant
PUGLIA TURU 07 – 11 EKİM,HAS_COUNTRY,İtalya
PUGLIA TURU 07 – 11 EKİM,HAS_CITY,Bari
PUGLIA TURU 07 – 11 EKİM,HAS_CITY,Alberobello
PUGLIA TURU 07 – 11 EKİM,HAS_CITY,Matera
PUGLIA TURU 07 – 11 EKİM,HAS_CITY,Monopoli
PUGLIA TURU 07 – 11 EKİM,HAS_CITY,Polignano a Mare
PUGLIA TURU 07 – 11 EKİM,HAS_CITY,Lecce
PUGLIA TURU 07 – 11 EKİM,HAS_SEASON,Sonbahar
PUGLIA TURU 07 – 11 EKİM,HAS_DATE_START,2025-10-07
PUGLIA TURU 07 – 11 EKİM,HAS_DATE_END,2025-10-11
Bari,HAS_HOTEL,Canne Bianche Lifestyle & Hotel
Alberobello,HAS_HOTEL,Canne Bianche Lifestyle & Hotel
PROVENCE TURU 4 – 7 MAYIS,HAS_COUNTRY,Fransa
PROVENCE TURU 4 – 7 MAYIS,HAS_CITY,Provence
PROVENCE TURU 4 – 7 MAYIS,HAS_CITY,L’Isle-sur-la-Sorgue
PROVENCE TURU 4 – 7 MAYIS,HAS_CITY,Roussillon
PROVENCE TURU 4 – 7 MAYIS,HAS_CITY,Gordes
PROVENCE TURU 4 – 7 MAYIS,HAS_CITY,Saint-Rémy-de-Provence
PROVENCE TURU 4 – 7 MAYIS,HAS_CITY,Les Baux-de-Provence
PROVENCE TURU 4 – 7 MAYIS,HAS_CITY,Arles
PROVENCE TURU 4 – 7 MAYIS,HAS_SEASON,İlkbahar
PROVENCE TURU 4 – 7 MAYIS,HAS_DATE_START,2025-05-04
PROVENCE TURU 4 – 7 MAYIS,HAS_DATE_END,2025-05-07
Provence,HAS_RESTAURANT,Tadao Ando Café Restaurant
Provence,HAS_RESTAURANT,Chateau d’Estoublon
L’Isle-sur-la-Sorgue,HAS_RESTAURANT,Tadao Ando Café Restaurant
L’Isle-sur-la-Sorgue,HAS_RESTAURANT,Chateau d’Estoublon
59. Venedik Bienali,HAS_COUNTRY,İtalya
59. Venedik Bienali,HAS_CITY,Venedik
59. Venedik Bienali,HAS_TRANSPORT,Türk Hava Yolları TK1867
Venedik,HAS_RESTAURANT,Trattoria Alla Madonna
Dubai Programı,HAS_COUNTRY,Birleşik Arap Emirlikleri
Dubai Programı,HAS_CITY,Dubai
Dubai Programı,HAS_TRANSPORT,Emirates EK124
Dubai,HAS_HOTEL,Atlantis The Royal
Dubai,HAS_RESTAURANT,Nobu Restaurant - Atlantis the Palm
İzmir’in En Güzel Köyleri - Şirince & Urla,HAS_COUNTRY,Türkiye
İzmir’in En Güzel Köyleri - Şirince & Urla,HAS_CITY,İzmir
İzmir’in En Güzel Köyleri - Şirince & Urla,HAS_CITY,Şirince
İzmir’in En Güzel Köyleri - Şirince & Urla,HAS_CITY,Urla
İzmir,HAS_HOTEL,Güllü Konak
Şirince,HAS_HOTEL,Güllü Konak
İzmir,HAS_RESTAURANT,Artemis Restaurant ve Şarapevi
İzmir,HAS_RESTAURANT,Yengeç Restoran - Urla İskele
Şirince,HAS_RESTAURANT,Artemis Restaurant ve Şarapevi
Şirince,HAS_RESTAURANT,Yengeç Restoran - Urla İskele
Toskana Gezisi,HAS_COUNTRY,İtalya
Toskana Gezisi,HAS_CITY,Bologna
Toskana Gezisi,HAS_CITY,Floransa
Toskana Gezisi,HAS_CITY,Chianti
Toskana Gezisi,HAS_CITY,San Gimignano
Toskana Gezisi,HAS_CITY,Siena
Toskana Gezisi,HAS_CITY,Cortona
Toskana Gezisi,HAS_CITY,Orvieto
Toskana Gezisi,HAS_CITY,Roma
Toskana Gezisi,HAS_TRANSPORT,Türk Hava Yolları TK1323
Toskana Gezisi,HAS_TRANSPORT,Türk Hava Yolları TK1864
Bologna,HAS_HOTEL,Hotel Cerretani Firenze – Mgallery
Montepulciano,HAS_HOTEL,Hotel Cerretani Firenze – Mgallery
Bologna,HAS_RESTAURANT,Buca Mario
Bologna,HAS_RESTAURANT,Osteria delle Tre Panche
Bologna,HAS_RESTAURANT,Ristorante Storico Sabatini
Bologna,HAS_RESTAURANT,Buca Lapi
Bologna,HAS_RESTAURANT,Antico Ristorante Paoli 1827
Montepulciano,HAS_RESTAURANT,Buca Mario
Montepulciano,HAS_RESTAURANT,Osteria delle Tre Panche
Montepulciano,HAS_RESTAURANT,Ristorante Storico Sabatini
Montepulciano,HAS_RESTAURANT,Buca Lapi
Montepulciano,HAS_RESTAURANT,Antico Ristorante Paoli 1827
Avustralya – Yeni Zelanda,HAS_COUNTRY,Avustralya
Avustralya – Yeni Zelanda,HAS_COUNTRY,Yeni Zelanda
Avustralya – Yeni Zelanda,HAS_CITY,Sydney
Avustralya – Yeni Zelanda,HAS_CITY,Auckland
Avustralya – Yeni Zelanda,HAS_CITY,Rotorua
Avustralya – Yeni Zelanda,HAS_CITY,Queenstown
Avustralya – Yeni Zelanda,HAS_CITY,Melbourne
Avustralya – Yeni Zelanda,HAS_TRANSPORT,Türk Hava Yolları TK174
Sydney,HAS_HOTEL,Park Hyatt Sydney
Auckland,HAS_HOTEL,Park Hyatt Sydney
Hindistan Gezisi,HAS_COUNTRY,Hindistan
Hindistan Gezisi,HAS_CITY,Varanasi
Hindistan Gezisi,HAS_CITY,Jaipur
Hindistan Gezisi,HAS_CITY,Udaipur
Hindistan Gezisi,HAS_CITY,Delhi
Hindistan Gezisi,HAS_TRANSPORT,Türk Hava Yolları TK716
Hindistan Gezisi,HAS_TRANSPORT,Air India AI406
Hindistan Gezisi,HAS_TRANSPORT,Indigo 6E7348
Varanasi,HAS_HOTEL,Brijrama Palace
Varanasi,HAS_HOTEL,Rambagh Palace
Varanasi,HAS_HOTEL,Taj Lake Palace
Jaipur,HAS_HOTEL,Brijrama Palace
Jaipur,HAS_HOTEL,Rambagh Palace
Jaipur,HAS_HOTEL,Taj Lake Palace
Varanasi,HAS_RESTAURANT,Udayan Terrace
Varanasi,HAS_RESTAURANT,Neelkamal Restaurant
Varanasi,HAS_RESTAURANT,Spice Route
Varanasi,HAS_RESTAURANT,Bukhara - ITC Maurya Hotel
Varanasi,HAS_RESTAURANT,City Palace Özel Akşam Yemeği
Varanasi,HAS_RESTAURANT,Mewar Terrace
Jaipur,HAS_RESTAURANT,Udayan Terrace
Jaipur,HAS_RESTAURANT,Neelkamal Restaurant
Jaipur,HAS_RESTAURANT,Spice Route
Jaipur,HAS_RESTAURANT,Bukhara - ITC Maurya Hotel
Jaipur,HAS_RESTAURANT,City Palace Özel Akşam Yemeği
Jaipur,HAS_RESTAURANT,Mewar Terrace
Meksika Gezisi,HAS_COUNTRY,Meksika
Meksika Gezisi,HAS_CITY,Mexico City
Meksika Gezisi,HAS_CITY,Mérida
Meksika Gezisi,HAS_CITY,Chichen Itza
Meksika Gezisi,HAS_CITY,Cancún
Meksika Gezisi,HAS_TRANSPORT,Türk Hava Yolları TK2341
Meksika Gezisi,HAS_TRANSPORT,Türk Hava Yolları TK2175
Meksika Gezisi,HAS_TRANSPORT,Türk Hava Yolları TK184
Meksika Gezisi,HAS_TRANSPORT,Aeroméxico AM826D
Meksika Gezisi,HAS_TRANSPORT,Türk Hava Yolları TK181
Mexico City,HAS_HOTEL,The St. Regis Mexico City
Mérida,HAS_HOTEL,The St. Regis Mexico City
Mexico City,HAS_RESTAURANT,Göl kenarında özel yemek
Mexico City,HAS_RESTAURANT,Woodend Restaurant
Mexico City,HAS_RESTAURANT,Ixi’im
Mexico City,HAS_RESTAURANT,Ki’ol
Mérida,HAS_RESTAURANT,Göl kenarında özel yemek
Mérida,HAS_RESTAURANT,Woodend Restaurant
Mérida,HAS_RESTAURANT,Ixi’im
Mérida,HAS_RESTAURANT,Ki’ol
Sicilya Gezisi,HAS_COUNTRY,İtalya
Sicilya Gezisi,HAS_CITY,Katanya
Sicilya Gezisi,HAS_CITY,Taormina
Sicilya Gezisi,HAS_CITY,Savoca
Sicilya Gezisi,HAS_CITY,Forza d’Agrò
Sicilya Gezisi,HAS_CITY,Syracuse
Sicilya Gezisi,HAS_CITY,Ragusa
Sicilya Gezisi,HAS_CITY,Palermo
Sicilya Gezisi,HAS_TRANSPORT,Türk Hava Yolları TK1393
Katanya,HAS_HOTEL,Hotel Metropole Taormina
Taormina,HAS_HOTEL,Hotel Metropole Taormina
Katanya,HAS_RESTAURANT,Osteria Rosso Divino
Katanya,HAS_RESTAURANT,Doba Restaurant and Terrace
Taormina,HAS_RESTAURANT,Osteria Rosso Divino
Taormina,HAS_RESTAURANT,Doba Restaurant and Terrace
Porto Gezisi,HAS_COUNTRY,Portekiz
Porto Gezisi,HAS_CITY,Porto
Porto,HAS_HOTEL,Maison Albar Hotels Le Monumental Palace
Porto,HAS_RESTAURANT,Enoteca 1756 Restaurant
Porto,HAS_RESTAURANT,Marisqueira A Antiga
Porto,HAS_RESTAURANT,Casa de Chá de Boa Nova
Porto,HAS_RESTAURANT,Vinum Restaurant & Wine Bar
Kahire Gezisi,HAS_COUNTRY,Mısır
Kahire Gezisi,HAS_CITY,Kahire
Kahire,HAS_HOTEL,Four Seasons Hotel Cairo at Nile Plaza
Kahire,HAS_RESTAURANT,Riviera - Four Seasons Hotel Cairo at Nile Plaza
Endülüs Gezisi,HAS_COUNTRY,İspanya
Endülüs Gezisi,HAS_CITY,Granada
Endülüs Gezisi,HAS_CITY,Córdoba
Endülüs Gezisi,HAS_CITY,Sevilla
Endülüs Gezisi,HAS_CITY,Ronda
Avustralya Gezisi,HAS_COUNTRY,Avustralya
Avustralya Gezisi,HAS_CITY,Melbourne
Avustralya Gezisi,HAS_CITY,Ballarat
Avustralya Gezisi,HAS_CITY,Hobart
Avustralya Gezisi,HAS_CITY,Adelaide
Avustralya Gezisi,HAS_CITY,Hahndorf
Avustralya Gezisi,HAS_CITY,Barossa Valley
Avustralya Gezisi,HAS_CITY,Brisbane
Avustralya Gezisi,HAS_CITY,Surfers Paradise
Avustralya Gezisi,HAS_CITY,Sydney
Avustralya Gezisi,HAS_CITY,Canberra
Avustralya Gezisi,HAS_TRANSPORT,Türk Hava Yolları TK168
Avustralya Gezisi,HAS_TRANSPORT,Türk Hava Yolları TK169
Avustralya Gezisi,HAS_TRANSPORT,Melbourne - Hobart İç Hat Uçuşu
Avustralya Gezisi,HAS_TRANSPORT,Hobart - Adelaide İç Hat Uçuşu
Avustralya Gezisi,HAS_TRANSPORT,Adelaide - Brisbane İç Hat Uçuşu
Melbourne,HAS_HOTEL,"The Tasman, a Luxury Collection Hotel, Hobart"
Ballarat,HAS_HOTEL,"The Tasman, a Luxury Collection Hotel, Hobart"
Melbourne,HAS_RESTAURANT,Nehir Kenarı Restoran - Adelaide
Melbourne,HAS_RESTAURANT,Yerel Lüks Restoran - Adelaide
Ballarat,HAS_RESTAURANT,Nehir Kenarı Restoran - Adelaide
Ballarat,HAS_RESTAURANT,Yerel Lüks Restoran - Adelaide
Barselona Gezisi,HAS_COUNTRY,İspanya
Barselona Gezisi,HAS_CITY,Barselona
Barselona Gezisi,HAS_CITY,Girona
Barselona Gezisi,HAS_TRANSPORT,Türk Hava Yolları TK1467
Barselona,HAS_HOTEL,Almanac Barcelona
Girona,HAS_HOTEL,Almanac Barcelona
Barselona,HAS_RESTAURANT,Maná 75
Barselona,HAS_RESTAURANT,El Tribut
Barselona,HAS_RESTAURANT,BarcelonaMilona
Barselona,HAS_RESTAURANT,Restaurant Normal
Girona,HAS_RESTAURANT,Maná 75
Girona,HAS_RESTAURANT,El Tribut
Girona,HAS_RESTAURANT,BarcelonaMilona
Girona,HAS_RESTAURANT,Restaurant Normal
Puglia Gezisi,HAS_COUNTRY,İtalya
Puglia Gezisi,HAS_CITY,Lecce
Puglia Gezisi,HAS_CITY,Alberobello
Puglia Gezisi,HAS_CITY,Locorotondo
Puglia Gezisi,HAS_CITY,Monopoli
Puglia Gezisi,HAS_CITY,Polignano a Mare
Puglia Gezisi,HAS_CITY,Matera
Puglia Gezisi,HAS_CITY,Napoli
Puglia Gezisi,HAS_CITY,Pompei
Lecce,HAS_RESTAURANT,Ristorante Blunotte
Lecce,HAS_RESTAURANT,Ristorante La Cantina
Lecce,HAS_RESTAURANT,Pizzeria Casa Pinto
Alberobello,HAS_RESTAURANT,Ristorante Blunotte
Alberobello,HAS_RESTAURANT,Ristorante La Cantina
Alberobello,HAS_RESTAURANT,Pizzeria Casa Pinto
Alegra Benardete ile Sicilya’da Nefes,HAS_COUNTRY,İtalya
Alegra Benardete ile Sicilya’da Nefes,HAS_CITY,Siracusa
Alegra Benardete ile Sicilya’da Nefes,HAS_CITY,Ortigia
Alegra Benardete ile Sicilya’da Nefes,HAS_CITY,Noto
Alegra Benardete ile Sicilya’da Nefes,HAS_CITY,Taormina
Siracusa,HAS_HOTEL,Casa Di Melo Otel
Ortigia,HAS_HOTEL,Casa Di Melo Otel
Arjantin Gezisi,HAS_COUNTRY,Arjantin
Arjantin Gezisi,HAS_CITY,Buenos Aires
Arjantin Gezisi,HAS_CITY,Ushuaia
Arjantin Gezisi,HAS_CITY,Puerto Madryn
Buenos Aires,HAS_RESTAURANT,Tango House
Ushuaia,HAS_RESTAURANT,Tango House
Bangkok & Hong Kong Gezisi,HAS_COUNTRY,Tayland
Bangkok & Hong Kong Gezisi,HAS_COUNTRY,Çin
Bangkok & Hong Kong Gezisi,HAS_CITY,Bangkok
Bangkok & Hong Kong Gezisi,HAS_CITY,Macau
Bangkok & Hong Kong Gezisi,HAS_CITY,Hong Kong
Bangkok & Hong Kong Gezisi,HAS_TRANSPORT,Türk Hava Yolları TK68
Bangkok & Hong Kong Gezisi,HAS_TRANSPORT,Macau - Hong Kong Feribot
Bangkok,HAS_HOTEL,Lebua at State Tower Hotel
Macau,HAS_HOTEL,Lebua at State Tower Hotel
Bangkok,HAS_RESTAURANT,Err Restaurant
Bangkok,HAS_RESTAURANT,Sala Rattanakosin Restaurant
Bangkok,HAS_RESTAURANT,Eat Me Restaurant
Macau,HAS_RESTAURANT,Err Restaurant
Macau,HAS_RESTAURANT,Sala Rattanakosin Restaurant
Macau,HAS_RESTAURANT,Eat Me Restaurant
Bhutan & Nepal Gezisi,HAS_COUNTRY,Nepal
Bhutan & Nepal Gezisi,HAS_COUNTRY,Bhutan
Bhutan & Nepal Gezisi,HAS_CITY,Katmandu
Bhutan & Nepal Gezisi,HAS_CITY,Paro
Bhutan & Nepal Gezisi,HAS_CITY,Punakha
Bhutan & Nepal Gezisi,HAS_CITY,Thimphu
Bhutan & Nepal Gezisi,HAS_CITY,Bhaktapur
Bhutan & Nepal Gezisi,HAS_TRANSPORT,İstanbul - Katmandu Uçuşu
Bhutan & Nepal Gezisi,HAS_TRANSPORT,Katmandu - Paro Uçuşu
Bilbao & San Sebastián Gezisi,HAS_COUNTRY,İspanya
Bilbao & San Sebastián Gezisi,HAS_COUNTRY,Fransa
Bilbao & San Sebastián Gezisi,HAS_CITY,Bilbao
Bilbao & San Sebastián Gezisi,HAS_CITY,San Sebastián
Bilbao & San Sebastián Gezisi,HAS_CITY,Hondarribia
Bilbao & San Sebastián Gezisi,HAS_CITY,Saint-Jean-de-Luz
Bilbao & San Sebastián Gezisi,HAS_CITY,Biarritz
Bilbao & San Sebastián Gezisi,HAS_TRANSPORT,İstanbul - Bilbao Uçuşu
Bilbao,HAS_HOTEL,Hotel Du Palais Biarritz
San Sebastián,HAS_HOTEL,Hotel Du Palais Biarritz
Bilbao,HAS_RESTAURANT,Hotel Du Palais Biarritz - Le Sunset
San Sebastián,HAS_RESTAURANT,Hotel Du Palais Biarritz - Le Sunset
Brezilya & Arjantin Gezisi,HAS_COUNTRY,Brezilya
Brezilya & Arjantin Gezisi,HAS_COUNTRY,Arjantin
Brezilya & Arjantin Gezisi,HAS_CITY,Rio de Janeiro
Brezilya & Arjantin Gezisi,HAS_CITY,Foz do Iguaçu
Brezilya & Arjantin Gezisi,HAS_CITY,Buenos Aires
Brezilya & Arjantin Gezisi,HAS_TRANSPORT,Türk Hava Yolları İstanbul - Rio Uçuşu
Brezilya & Arjantin Gezisi,HAS_TRANSPORT,LATAM Airlines LA3290 Rio - Iguazú
Brezilya & Arjantin Gezisi,HAS_TRANSPORT,Aerolineas Argentinas AR1783 Iguazú - Buenos Aires
Rio de Janeiro,HAS_HOTEL,Park Hyatt - Palacio Duhau Hotel
Foz do Iguaçu,HAS_HOTEL,Park Hyatt - Palacio Duhau Hotel
Rio de Janeiro,HAS_RESTAURANT,Rio Restaurant Önerileri
Rio de Janeiro,HAS_RESTAURANT,Buenos Aires Restaurant Önerileri
Foz do Iguaçu,HAS_RESTAURANT,Rio Restaurant Önerileri
Foz do Iguaçu,HAS_RESTAURANT,Buenos Aires Restaurant Önerileri
Burgonya Gezisi,HAS_COUNTRY,Fransa
Burgonya Gezisi,HAS_CITY,Beaune
Burgonya Gezisi,HAS_CITY,Dijon
Burgonya Gezisi,HAS_CITY,Nuits-Saint-Georges
Burgonya Gezisi,HAS_CITY,Vézelay
Burgonya Gezisi,HAS_CITY,Cluny
Burgonya Gezisi,HAS_CITY,Fleurie
Burgonya Gezisi,HAS_TRANSPORT,İstanbul - Lyon Uçuşu
Beaune,HAS_RESTAURANT,Auberge de la Madone - Fleurie
Dijon,HAS_RESTAURANT,Auberge de la Madone - Fleurie
San Sebastián ve Bask Bölgesi Gezisi (Can Özdemir),HAS_COUNTRY,İspanya
San Sebastián ve Bask Bölgesi Gezisi (Can Özdemir),HAS_COUNTRY,Fransa
San Sebastián ve Bask Bölgesi Gezisi (Can Özdemir),HAS_CITY,San Sebastián
San Sebastián ve Bask Bölgesi Gezisi (Can Özdemir),HAS_CITY,Getaria
San Sebastián ve Bask Bölgesi Gezisi (Can Özdemir),HAS_CITY,Saint-Jean-de-Luz
San Sebastián ve Bask Bölgesi Gezisi (Can Özdemir),HAS_CITY,Biarritz
San Sebastián ve Bask Bölgesi Gezisi (Can Özdemir),HAS_CITY,Bilbao
San Sebastián,HAS_HOTEL,Hotel de Londres y de Inglaterra
San Sebastián,HAS_HOTEL,Hotel Villa Favorita
San Sebastián,HAS_HOTEL,Hotel Zenit Convento San Martín
Getaria,HAS_HOTEL,Hotel de Londres y de Inglaterra
Getaria,HAS_HOTEL,Hotel Villa Favorita
Getaria,HAS_HOTEL,Hotel Zenit Convento San Martín
San Sebastián,HAS_RESTAURANT,Elkano Restoran - Getaria
San Sebastián,HAS_RESTAURANT,Guggenheim Müzesi Restoranı - Bilbao
Getaria,HAS_RESTAURANT,Elkano Restoran - Getaria
Getaria,HAS_RESTAURANT,Guggenheim Müzesi Restoranı - Bilbao
Cape Town Gezisi,HAS_COUNTRY,Güney Afrika
Cape Town Gezisi,HAS_CITY,Cape Town
Cape Town Gezisi,HAS_TRANSPORT,Türk Hava Yolları TK44
Cape Town,HAS_HOTEL,One&Only Cape Town
Cape Town,HAS_RESTAURANT,Nobu - One&Only Cape Town
Cape Town,HAS_RESTAURANT,Aubergine Restaurant
Cape Town,HAS_RESTAURANT,Buitenverwachting Restaurant
Cape Town,HAS_RESTAURANT,Harbour House Restaurant - Kalk Bay
Cape Town,HAS_RESTAURANT,Delaire Graff Indochine Restaurant
Lapland Rovaniemi Gezisi,HAS_COUNTRY,Finlandiya
Lapland Rovaniemi Gezisi,HAS_CITY,Rovaniemi
Lapland Rovaniemi Gezisi,HAS_TRANSPORT,İstanbul - Rovaniemi Uçuşu
Rovaniemi,HAS_HOTEL,Arctic TreeHouse Hotel
Rovaniemi,HAS_HOTEL,Santa’s Igloos Arctic Circle
Rovaniemi,HAS_RESTAURANT,Rakas Restaurant & Bar
Rovaniemi,HAS_RESTAURANT,MonteRosa Restaurant
Rovaniemi,HAS_RESTAURANT,Gustav Kitchen & Bar
Rovaniemi,HAS_RESTAURANT,Glass Restaurant - Santa Claus Village
Rovaniemi,HAS_RESTAURANT,Arctic Restaurant
Rovaniemi,HAS_RESTAURANT,Ice Restaurant
Rovaniemi,HAS_RESTAURANT,Kota Restaurant
Kenya & Rwanda Safari Gezisi,HAS_COUNTRY,Kenya
Kenya & Rwanda Safari Gezisi,HAS_COUNTRY,Ruanda
Kenya & Rwanda Safari Gezisi,HAS_CITY,Nairobi
Kenya & Rwanda Safari Gezisi,HAS_CITY,Masai Mara
Kenya & Rwanda Safari Gezisi,HAS_CITY,Kigali
Kenya & Rwanda Safari Gezisi,HAS_CITY,Volcanoes National Park
Kenya & Rwanda Safari Gezisi,HAS_TRANSPORT,İstanbul - Nairobi Uçuşu
Kenya & Rwanda Safari Gezisi,HAS_TRANSPORT,Charter Flight Cessna Caravan 208 - Nairobi to Masai Mara
Kenya & Rwanda Safari Gezisi,HAS_TRANSPORT,Lodge Transferleri
Kenya & Rwanda Safari Gezisi,HAS_TRANSPORT,Kigali Kara Transferi
Nairobi,HAS_HOTEL,Four Points by Sheraton JKIA
Nairobi,HAS_HOTEL,Sanctuary Olonana
Nairobi,HAS_HOTEL,Bisate Lodge
Masai Mara,HAS_HOTEL,Four Points by Sheraton JKIA
Masai Mara,HAS_HOTEL,Sanctuary Olonana
Masai Mara,HAS_HOTEL,Bisate Lodge
Lizbon Seyahat Programı - SAHA,HAS_COUNTRY,Portekiz
Lizbon Seyahat Programı - SAHA,HAS_CITY,Lizbon
Lizbon Seyahat Programı - SAHA,HAS_TRANSPORT,İstanbul – Lizbon uçuşu TK 1759
Lizbon Seyahat Programı - SAHA,HAS_TRANSPORT,Havalimanı – Bairro Alto Hotel transfer
Lizbon,HAS_HOTEL,"Bairro Alto Hotel, Praça Luís de Camões, 2 1200"
Sicilya & Malta Gezisi,HAS_COUNTRY,İtalya
Sicilya & Malta Gezisi,HAS_COUNTRY,Malta
Sicilya & Malta Gezisi,HAS_CITY,Katanya
Sicilya & Malta Gezisi,HAS_CITY,Taormina
Sicilya & Malta Gezisi,HAS_CITY,Savoca
Sicilya & Malta Gezisi,HAS_CITY,Etna
Sicilya & Malta Gezisi,HAS_CITY,Siracusa
Sicilya & Malta Gezisi,HAS_CITY,Noto
Sicilya & Malta Gezisi,HAS_CITY,Modica
Sicilya & Malta Gezisi,HAS_CITY,Ragusa
Sicilya & Malta Gezisi,HAS_CITY,Valletta
Sicilya & Malta Gezisi,HAS_CITY,Senglea
Sicilya & Malta Gezisi,HAS_CITY,Vittoriosa
Sicilya & Malta Gezisi,HAS_CITY,Cospicua
Sicilya & Malta Gezisi,HAS_CITY,Mdina
Sicilya & Malta Gezisi,HAS_TRANSPORT,İstanbul – Katanya uçuşu TK 1395
Sicilya & Malta Gezisi,HAS_TRANSPORT,Katanya – Taormina transferi
Sicilya & Malta Gezisi,HAS_TRANSPORT,Ada içi özel araç transferleri
Katanya,HAS_HOTEL,Grand Hotel Timeo - Deluxe Sea View Junior Suite with balcony or terrace
Taormina,HAS_HOTEL,Grand Hotel Timeo - Deluxe Sea View Junior Suite with balcony or terrace
Katanya,HAS_RESTAURANT,Osteria Rosso Divino (Taormina)
Katanya,HAS_RESTAURANT,Regina Lucia Ristorante (Siracusa)
Taormina,HAS_RESTAURANT,Osteria Rosso Divino (Taormina)
Taormina,HAS_RESTAURANT,Regina Lucia Ristorante (Siracusa)
Vietnam & Kamboçya Gezisi,HAS_COUNTRY,Vietnam
Vietnam & Kamboçya Gezisi,HAS_COUNTRY,Kamboçya
Vietnam & Kamboçya Gezisi,HAS_COUNTRY,Tayland
Vietnam & Kamboçya Gezisi,HAS_CITY,Hanoi
Vietnam & Kamboçya Gezisi,HAS_CITY,Ha Long
Vietnam & Kamboçya Gezisi,HAS_CITY,Ho Chi Minh (Saygon)
Vietnam & Kamboçya Gezisi,HAS_CITY,Mekong Deltası
Vietnam & Kamboçya Gezisi,HAS_CITY,Siem Reap
Vietnam & Kamboçya Gezisi,HAS_CITY,Phnom Penh
Vietnam & Kamboçya Gezisi,HAS_CITY,Bangkok
Vietnam & Kamboçya Gezisi,HAS_TRANSPORT,"İstanbul – Hanoi uçuşu (TK 166, Türk Hava Yolları)"
Vietnam & Kamboçya Gezisi,HAS_TRANSPORT,Hanoi – Ha Long deniz uçağı
Vietnam & Kamboçya Gezisi,HAS_TRANSPORT,Violet Cruise – Ha Long Körfezi tekne yolculuğu
Vietnam & Kamboçya Gezisi,HAS_TRANSPORT,"Hanoi – Ho Chi Minh uçuşu (VN253, Vietnam Havayolları)"
Vietnam & Kamboçya Gezisi,HAS_TRANSPORT,Ho Chi Minh – Siem Reap uçuşu (Cambodia Angkor Air K6809)
Vietnam & Kamboçya Gezisi,HAS_TRANSPORT,"Siem Reap – Bangkok uçuşu (PG914, Bangkok Airways)"
Vietnam & Kamboçya Gezisi,HAS_TRANSPORT,"Bangkok – İstanbul uçuşu (TK 65, Türk Hava Yolları)"
Vietnam & Kamboçya Gezisi,HAS_TRANSPORT,Havalimanı ve şehir içi transferler
Vietnam & Kamboçya Gezisi,HAS_TRANSPORT,Mekong Deltası’nda bot ve rikşov gezileri
Ho Chi Minh,HAS_HOTEL,Sofitel Legend Metropole (Hanoi)
Ho Chi Minh,HAS_HOTEL,Violet Cruise (Ha Long Körfezi)
Ho Chi Minh,HAS_HOTEL,"Otel (Ho Chi Minh, ismi belirtilmemiş)"
Ho Chi Minh,HAS_HOTEL,"Otel (Siem Reap, ismi belirtilmemiş)"
Mekong Deltası,HAS_HOTEL,Sofitel Legend Metropole (Hanoi)
Mekong Deltası,HAS_HOTEL,Violet Cruise (Ha Long Körfezi)
Mekong Deltası,HAS_HOTEL,"Otel (Ho Chi Minh, ismi belirtilmemiş)"
Mekong Deltası,HAS_HOTEL,"Otel (Siem Reap, ismi belirtilmemiş)"
Ho Chi Minh,HAS_RESTAURANT,"Yerel restoranlarda öğle yemekleri (Hanoi, Ho Chi Minh turları sırasında)"
Ho Chi Minh,HAS_RESTAURANT,Ha Long Violet Cruise – deniz ürünleri ve geleneksel Vietnam mutfağı
Ho Chi Minh,HAS_RESTAURANT,Mekong Deltası – nehir kenarında restoran
Ho Chi Minh,HAS_RESTAURANT,Yerel aile evi – çay ve taze meyve ikramı
Mekong Deltası,HAS_RESTAURANT,"Yerel restoranlarda öğle yemekleri (Hanoi, Ho Chi Minh turları sırasında)"
Mekong Deltası,HAS_RESTAURANT,Ha Long Violet Cruise – deniz ürünleri ve geleneksel Vietnam mutfağı
Mekong Deltası,HAS_RESTAURANT,Mekong Deltası – nehir kenarında restoran
Mekong Deltası,HAS_RESTAURANT,Yerel aile evi – çay ve taze meyve ikramı
Kenya Safari Gezisi - Şule Zorlu,HAS_COUNTRY,Kenya
Kenya Safari Gezisi - Şule Zorlu,HAS_CITY,Nairobi
Kenya Safari Gezisi - Şule Zorlu,HAS_CITY,Masai Mara
Kenya Safari Gezisi - Şule Zorlu,HAS_TRANSPORT,"İstanbul – Doha uçuşu (QR 246, Qatar Airways)"
Kenya Safari Gezisi - Şule Zorlu,HAS_TRANSPORT,"Doha – Nairobi uçuşu (QR 1335, Qatar Airways)"
Kenya Safari Gezisi - Şule Zorlu,HAS_TRANSPORT,Nairobi Havalimanı – Giraffe Manor transferi
Kenya Safari Gezisi - Şule Zorlu,HAS_TRANSPORT,Nairobi – Masai Mara lodge transferleri
Nairobi,HAS_HOTEL,Giraffe Manor
Nairobi,HAS_HOTEL,Sala’s Camp
Nairobi,HAS_HOTEL,The Retreat (günübirlik kullanım)
Masai Mara,HAS_HOTEL,Giraffe Manor
Masai Mara,HAS_HOTEL,Sala’s Camp
Masai Mara,HAS_HOTEL,The Retreat (günübirlik kullanım)
Nairobi,HAS_RESTAURANT,"The Retreat (kahvaltı, öğle yemeği)"
Nairobi,HAS_RESTAURANT,Giraffe Manor (kahvaltı & ikindi çayı)
Masai Mara,HAS_RESTAURANT,"The Retreat (kahvaltı, öğle yemeği)"
Masai Mara,HAS_RESTAURANT,Giraffe Manor (kahvaltı & ikindi çayı)
"İtalya Gezisi - Bologna, Floransa, Toskana & Forte dei Marmi",HAS_COUNTRY,İtalya
"İtalya Gezisi - Bologna, Floransa, Toskana & Forte dei Marmi",HAS_CITY,Bologna
"İtalya Gezisi - Bologna, Floransa, Toskana & Forte dei Marmi",HAS_CITY,Floransa
"İtalya Gezisi - Bologna, Floransa, Toskana & Forte dei Marmi",HAS_CITY,Toskana
"İtalya Gezisi - Bologna, Floransa, Toskana & Forte dei Marmi",HAS_CITY,Forte dei Marmi
"İtalya Gezisi - Bologna, Floransa, Toskana & Forte dei Marmi",HAS_TRANSPORT,"İstanbul – Bologna uçuşu (TK1321, Türk Hava Yolları)"
"İtalya Gezisi - Bologna, Floransa, Toskana & Forte dei Marmi",HAS_TRANSPORT,Bologna – şehir içi transferler
"İtalya Gezisi - Bologna, Floransa, Toskana & Forte dei Marmi",HAS_TRANSPORT,Toskana ve Floransa içi kara transferleri
"Prag, Karlovy Vary & Cesky Krumlov Gezisi - Beril Miskavi",HAS_COUNTRY,Çekya
"Prag, Karlovy Vary & Cesky Krumlov Gezisi - Beril Miskavi",HAS_CITY,Prag
"Prag, Karlovy Vary & Cesky Krumlov Gezisi - Beril Miskavi",HAS_CITY,Karlovy Vary
"Prag, Karlovy Vary & Cesky Krumlov Gezisi - Beril Miskavi",HAS_CITY,Cesky Krumlov
"Prag, Karlovy Vary & Cesky Krumlov Gezisi - Beril Miskavi",HAS_TRANSPORT,"İstanbul – Prag uçuşu (TK1769, Türk Hava Yolları)"
"Prag, Karlovy Vary & Cesky Krumlov Gezisi - Beril Miskavi",HAS_TRANSPORT,Prag – şehir içi transferler
"Prag, Karlovy Vary & Cesky Krumlov Gezisi - Beril Miskavi",HAS_TRANSPORT,Karlovy Vary ve Cesky Krumlov kara transferleri
Prag,HAS_RESTAURANT,"Kampa Park Restaurant (Na Kampě 8b, Prag)"
Karlovy Vary,HAS_RESTAURANT,"Kampa Park Restaurant (Na Kampě 8b, Prag)"
Endülüs Gezisi - Berrin Zorlu,HAS_COUNTRY,İspanya
Endülüs Gezisi - Berrin Zorlu,HAS_CITY,Malaga
Endülüs Gezisi - Berrin Zorlu,HAS_CITY,Ronda
Endülüs Gezisi - Berrin Zorlu,HAS_CITY,Granada
Endülüs Gezisi - Berrin Zorlu,HAS_CITY,Cordoba
Endülüs Gezisi - Berrin Zorlu,HAS_CITY,Sevilla
Endülüs Gezisi - Berrin Zorlu,HAS_TRANSPORT,"İstanbul – Malaga uçuşu (TK1303, Türk Hava Yolları)"
Endülüs Gezisi - Berrin Zorlu,HAS_TRANSPORT,Malaga – Granada transferi
Endülüs Gezisi - Berrin Zorlu,HAS_TRANSPORT,Endülüs içi kara transferleri
Ürdün Gezisi - Berrin Zorlu,HAS_COUNTRY,Ürdün
Ürdün Gezisi - Berrin Zorlu,HAS_CITY,Amman
Ürdün Gezisi - Berrin Zorlu,HAS_CITY,Mount Nebo
Ürdün Gezisi - Berrin Zorlu,HAS_CITY,Madaba
Ürdün Gezisi - Berrin Zorlu,HAS_CITY,Petra
Ürdün Gezisi - Berrin Zorlu,HAS_CITY,Wadi Rum
Ürdün Gezisi - Berrin Zorlu,HAS_CITY,Dead Sea
Ürdün Gezisi - Berrin Zorlu,HAS_TRANSPORT,"İstanbul – Amman uçuşu (TK816, Türk Hava Yolları)"
Ürdün Gezisi - Berrin Zorlu,HAS_TRANSPORT,Ürdün içi kara transferleri
BAE Gezisi - Fuat Pamukçu,HAS_COUNTRY,Birleşik Arap Emirlikleri
BAE Gezisi - Fuat Pamukçu,HAS_CITY,Abu Dhabi
BAE Gezisi - Fuat Pamukçu,HAS_CITY,Ras Al Khaimah
BAE Gezisi - Fuat Pamukçu,HAS_CITY,Dubai
BAE Gezisi - Fuat Pamukçu,HAS_TRANSPORT,İstanbul – Abu Dhabi uçuşu
BAE Gezisi - Fuat Pamukçu,HAS_TRANSPORT,Şehir içi ve otel transferleri
BAE Gezisi - Fuat Pamukçu,HAS_TRANSPORT,Abu Dhabi – Ras Al Khaimah transferi
BAE Gezisi - Fuat Pamukçu,HAS_TRANSPORT,Ras Al Khaimah – Dubai transferi
Abu Dhabi,HAS_HOTEL,"The St. Regis Saadiyat Island Resort, Abu Dhabi"
Abu Dhabi,HAS_HOTEL,The Ritz Carlton Ras Al Khaimah
Abu Dhabi,HAS_HOTEL,"Address Dubai Mall, Dubai"
Ras Al Khaimah,HAS_HOTEL,"The St. Regis Saadiyat Island Resort, Abu Dhabi"
Ras Al Khaimah,HAS_HOTEL,The Ritz Carlton Ras Al Khaimah
Ras Al Khaimah,HAS_HOTEL,"Address Dubai Mall, Dubai"
Abu Dhabi,HAS_RESTAURANT,Hakkasan Abu Dhabi
Abu Dhabi,HAS_RESTAURANT,Ula Beach RAK
Abu Dhabi,HAS_RESTAURANT,The Guild Dubai
Abu Dhabi,HAS_RESTAURANT,WHITE Beach Dubai
Abu Dhabi,HAS_RESTAURANT,Estiatorio Milos Dubai
Abu Dhabi,HAS_RESTAURANT,The MAINE Oyster Bar & Grill JBR
Abu Dhabi,HAS_RESTAURANT,La Cantine Beach
Abu Dhabi,HAS_RESTAURANT,The Restaurant at Address Dubai Mall
Ras Al Khaimah,HAS_RESTAURANT,Hakkasan Abu Dhabi
Ras Al Khaimah,HAS_RESTAURANT,Ula Beach RAK
Ras Al Khaimah,HAS_RESTAURANT,The Guild Dubai
Ras Al Khaimah,HAS_RESTAURANT,WHITE Beach Dubai
Ras Al Khaimah,HAS_RESTAURANT,Estiatorio Milos Dubai
Ras Al Khaimah,HAS_RESTAURANT,The MAINE Oyster Bar & Grill JBR
Ras Al Khaimah,HAS_RESTAURANT,La Cantine Beach
Ras Al Khaimah,HAS_RESTAURANT,The Restaurant at Address Dubai Mall
Peru Gezisi - Seda Soğancıoğlu,HAS_COUNTRY,Peru
Peru Gezisi - Seda Soğancıoğlu,HAS_CITY,Lima
Peru Gezisi - Seda Soğancıoğlu,HAS_CITY,Cusco
Peru Gezisi - Seda Soğancıoğlu,HAS_CITY,Sacred Valley
Peru Gezisi - Seda Soğancıoğlu,HAS_CITY,Machu Picchu
Peru Gezisi - Seda Soğancıoğlu,HAS_TRANSPORT,"İstanbul – Lima uçuşu (TK800, Türk Hava Yolları, Panama aktarmalı CM337)"
Peru Gezisi - Seda Soğancıoğlu,HAS_TRANSPORT,Lima Havalimanı – otel transferi
Peru Gezisi - Seda Soğancıoğlu,HAS_TRANSPORT,Peru içi kara ve tren transferleri
Lima,HAS_HOTEL,Belmond Miraflores Park (Lima)
Cusco,HAS_HOTEL,Belmond Miraflores Park (Lima)
USA Gezisi - Selen Zorlu,HAS_COUNTRY,Amerika Birleşik Devletleri
USA Gezisi - Selen Zorlu,HAS_CITY,New York
USA Gezisi - Selen Zorlu,HAS_TRANSPORT,"Londra – New York uçuşu (BA175, British Airways)"
USA Gezisi - Selen Zorlu,HAS_TRANSPORT,New York havalimanı – otel transferi
Hindistan Gezisi - Berrin Zorlu,HAS_COUNTRY,Hindistan
Hindistan Gezisi - Berrin Zorlu,HAS_CITY,Varanasi
Hindistan Gezisi - Berrin Zorlu,HAS_CITY,Jaipur
Hindistan Gezisi - Berrin Zorlu,HAS_CITY,Udaipur
Hindistan Gezisi - Berrin Zorlu,HAS_CITY,Delhi
Hindistan Gezisi - Berrin Zorlu,HAS_TRANSPORT,"İstanbul – Delhi uçuşu (TK716, Türk Hava Yolları)"
Hindistan Gezisi - Berrin Zorlu,HAS_TRANSPORT,"Delhi – Varanasi uçuşu (AI406, Air India)"
Hindistan Gezisi - Berrin Zorlu,HAS_TRANSPORT,Hindistan içi transferler ve uçuşlar
Mısır Gezisi - Hakan Ateş,HAS_COUNTRY,Mısır
Mısır Gezisi - Hakan Ateş,HAS_CITY,Kahire
Mısır Gezisi - Hakan Ateş,HAS_TRANSPORT,"İstanbul – Kahire uçuşu (TK694D, Türk Hava Yolları)"
Mısır Gezisi - Hakan Ateş,HAS_TRANSPORT,Kahire Havalimanı – otel transferi
Mısır Gezisi - Hakan Ateş,HAS_TRANSPORT,Şehir içi araç ile transferler
Provence Gezisi - Olgun Zorlu,HAS_COUNTRY,Fransa
Provence Gezisi - Olgun Zorlu,HAS_CITY,Marsilya
Provence Gezisi - Olgun Zorlu,HAS_CITY,Roussillon
Provence Gezisi - Olgun Zorlu,HAS_CITY,Gordes
Provence Gezisi - Olgun Zorlu,HAS_TRANSPORT,"İstanbul – Marsilya uçuşu (TK1367, Türk Hava Yolları)"
Provence Gezisi - Olgun Zorlu,HAS_TRANSPORT,Marsilya Havalimanı – Provence transferi
Provence Gezisi - Olgun Zorlu,HAS_TRANSPORT,Köyler arası özel araç transferleri
Toskana Gezisi - Selen Zorlu,HAS_COUNTRY,İtalya
Toskana Gezisi - Selen Zorlu,HAS_CITY,Bologna
Toskana Gezisi - Selen Zorlu,HAS_CITY,San Casciano Val di Pesa
Toskana Gezisi - Selen Zorlu,HAS_CITY,Floransa
Toskana Gezisi - Selen Zorlu,HAS_CITY,Chianti
Toskana Gezisi - Selen Zorlu,HAS_TRANSPORT,"İstanbul – Bologna uçuşu (TK1321, Türk Hava Yolları)"
Toskana Gezisi - Selen Zorlu,HAS_TRANSPORT,Bologna Havalimanı – Toskana otel transferi
Toskana Gezisi - Selen Zorlu,HAS_TRANSPORT,Bölge içi kara transferleri
Güney Afrika Gezisi - Tanju Kaya,HAS_COUNTRY,Güney Afrika
Güney Afrika Gezisi - Tanju Kaya,HAS_CITY,Johannesburg
Güney Afrika Gezisi - Tanju Kaya,HAS_CITY,Sabi Sand
Güney Afrika Gezisi - Tanju Kaya,HAS_CITY,Kruger
Güney Afrika Gezisi - Tanju Kaya,HAS_CITY,Cape Town
Güney Afrika Gezisi - Tanju Kaya,HAS_TRANSPORT,"İstanbul – Johannesburg uçuşu (TK38, Türk Hava Yolları)"
Güney Afrika Gezisi - Tanju Kaya,HAS_TRANSPORT,Johannesburg – Sabi Sabi özel uçuşu (Federal Havayolları)
Güney Afrika Gezisi - Tanju Kaya,HAS_TRANSPORT,"Kruger Mpumalanga – Cape Town uçuşu (SA8664, South African Airways)"
Güney Afrika Gezisi - Tanju Kaya,HAS_TRANSPORT,Şehir içi ve lodge transferleri
Johannesburg,HAS_HOTEL,Sabi Sabi Little Bush Camp
Johannesburg,HAS_HOTEL,The Table Bay
Sabi Sand,HAS_HOTEL,Sabi Sabi Little Bush Camp
Sabi Sand,HAS_HOTEL,The Table Bay
Tayland & Vietnam Gezisi,HAS_COUNTRY,Tayland
Tayland & Vietnam Gezisi,HAS_COUNTRY,Vietnam
Tayland & Vietnam Gezisi,HAS_CITY,Bangkok
Tayland & Vietnam Gezisi,HAS_CITY,Chiang Rai
Tayland & Vietnam Gezisi,HAS_CITY,Danang
Tayland & Vietnam Gezisi,HAS_CITY,Hanoi
Tayland & Vietnam Gezisi,HAS_CITY,Saigon
Tayland & Vietnam Gezisi,HAS_TRANSPORT,"İstanbul – Bangkok uçuşu (TK68, Türk Hava Yolları)"
Tayland & Vietnam Gezisi,HAS_TRANSPORT,"Bangkok – Chiang Rai uçuşu (PG231, Bangkok Airways)"
Tayland & Vietnam Gezisi,HAS_TRANSPORT,"Bangkok – Danang uçuşu (PG222, Bangkok Airways)"
Tayland & Vietnam Gezisi,HAS_TRANSPORT,Vietnam içi transferler
Tayland & Vietnam Gezisi,HAS_TRANSPORT,Saigon aktarmalı Bangkok dönüş uçuşu
Tayland & Vietnam Gezisi,HAS_TRANSPORT,Şehir içi ve havalimanı transferleri
Bangkok,HAS_HOTEL,"Mandarin Oriental, Bangkok"
Bangkok,HAS_HOTEL,"Anantara Golden Triangle, Chiang Rai"
Chiang Rai,HAS_HOTEL,"Mandarin Oriental, Bangkok"
Chiang Rai,HAS_HOTEL,"Anantara Golden Triangle, Chiang Rai"
Bangkok,HAS_RESTAURANT,The Market Restaurant (Vietnam)
Chiang Rai,HAS_RESTAURANT,The Market Restaurant (Vietnam)
Tayland & Endonezya Gezisi,HAS_COUNTRY,Tayland
Tayland & Endonezya Gezisi,HAS_COUNTRY,Endonezya
Tayland & Endonezya Gezisi,HAS_CITY,Phuket
Tayland & Endonezya Gezisi,HAS_CITY,Bangkok
Tayland & Endonezya Gezisi,HAS_CITY,Bali
Tayland & Endonezya Gezisi,HAS_TRANSPORT,"İstanbul – Phuket uçuşu (TK172, Türk Hava Yolları)"
Tayland & Endonezya Gezisi,HAS_TRANSPORT,Phuket – Bangkok uçuşu
Tayland & Endonezya Gezisi,HAS_TRANSPORT,Bangkok – Bali uçuşu
Tayland & Endonezya Gezisi,HAS_TRANSPORT,Şehir içi ve havalimanı transferleri
Phuket,HAS_HOTEL,The Surin Phuket
Bangkok,HAS_HOTEL,The Surin Phuket
Phuket,HAS_RESTAURANT,"Beach Restaurant, The Surin (Phuket)"
Bangkok,HAS_RESTAURANT,"Beach Restaurant, The Surin (Phuket)"
Tayland Gezi Önerileri,HAS_COUNTRY,Tayland
Tayland Gezi Önerileri,HAS_CITY,Bangkok
Tayland Gezi Önerileri,HAS_CITY,Phuket
Toskana Gezisi - Bayram Programı,HAS_COUNTRY,İtalya
Toskana Gezisi - Bayram Programı,HAS_CITY,Bologna
Toskana Gezisi - Bayram Programı,HAS_CITY,Siena
Toskana Gezisi - Bayram Programı,HAS_CITY,Montepulciano
Toskana Gezisi - Bayram Programı,HAS_CITY,San Gimignano
Toskana Gezisi - Bayram Programı,HAS_TRANSPORT,"İstanbul – Bologna uçuşu (TK1321, Türk Hava Yolları)"
Toskana Gezisi - Bayram Programı,HAS_TRANSPORT,Bologna Havalimanı – şehir içi transfer
Toskana Gezisi - Bayram Programı,HAS_TRANSPORT,Bölge içi kara transferleri ve araç kiralama
Toskana Gezisi,HAS_CITY,Montepulciano
Toskana Gezisi,HAS_CITY,Pienza
Toskana Gezisi,HAS_CITY,Montalcino
Toskana Gezisi,HAS_TRANSPORT,"İstanbul – Bologna uçuşu (TK1321, Türk Hava Yolları)"
Toskana Gezisi,HAS_TRANSPORT,Bologna Havalimanı – şehir merkezi transferi
Toskana Gezisi,HAS_TRANSPORT,Toskana içi kara transferleri
Bologna,HAS_HOTEL,Borgo Santo Pietro
Montepulciano,HAS_HOTEL,Borgo Santo Pietro
Toskana Bağ Bozumu Programı,HAS_COUNTRY,İtalya
Toskana Bağ Bozumu Programı,HAS_CITY,Bologna
Toskana Bağ Bozumu Programı,HAS_CITY,Chianti
Toskana Bağ Bozumu Programı,HAS_CITY,Toskana kırsalı
Toskana Bağ Bozumu Programı,HAS_TRANSPORT,İstanbul – Bologna uçuşu (Türk Hava Yolları)
Toskana Bağ Bozumu Programı,HAS_TRANSPORT,Bologna – İstanbul uçuşu (Türk Hava Yolları)
Bologna,HAS_HOTEL,COMO Castello del Nero
Bologna,HAS_HOTEL,Rosewood Castiglion del Bosco
Chianti,HAS_HOTEL,COMO Castello del Nero
Chianti,HAS_HOTEL,Rosewood Castiglion del Bosco
Vietnam & Kamboçya Gezisi,HAS_CITY,Ho Chi Minh
Vietnam & Kamboçya Gezisi,HAS_TRANSPORT,"İstanbul – Ho Chi Minh uçuşu (TK168, Türk Hava Yolları)"
Vietnam & Kamboçya Gezisi,HAS_TRANSPORT,Ho Chi Minh içi Vespa ve araç transferleri
Vietnam & Kamboçya Gezisi,HAS_TRANSPORT,Mekong Deltası bot turu
Vietnam & Kamboçya Gezisi,HAS_TRANSPORT,Ho Chi Minh – Phnom Penh kara/air transferi
Vietnam & Kamboçya Gezisi,HAS_TRANSPORT,Phnom Penh – Siem Reap uçuşu
Ho Chi Minh,HAS_HOTEL,Hotel des Arts Saigon
Ho Chi Minh,HAS_HOTEL,Raffles Hotel Le Royal
Ho Chi Minh,HAS_HOTEL,Belmond La Résidence d’Angkor
Mekong Deltası,HAS_HOTEL,Hotel des Arts Saigon
Mekong Deltası,HAS_HOTEL,Raffles Hotel Le Royal
Mekong Deltası,HAS_HOTEL,Belmond La Résidence d’Angkor
Vietnam Gezisi,HAS_COUNTRY,Vietnam
Vietnam Gezisi,HAS_CITY,Hanoi
Vietnam Gezisi,HAS_CITY,Nha Trang
Vietnam Gezisi,HAS_CITY,Saigon
Vietnam Gezisi,HAS_TRANSPORT,"İstanbul – Hanoi uçuşu (TK164, Türk Hava Yolları)"
Vietnam Gezisi,HAS_TRANSPORT,Hanoi – Nha Trang uçuşu
Vietnam Gezisi,HAS_TRANSPORT,Nha Trang – Saigon uçuşu
Vietnam Gezisi,HAS_TRANSPORT,Şehir içi ve havalimanı transferleri
Vietnam & Bangkok Gezisi - Gökhan Mendi,HAS_COUNTRY,Vietnam
Vietnam & Bangkok Gezisi - Gökhan Mendi,HAS_COUNTRY,Tayland
Vietnam & Bangkok Gezisi - Gökhan Mendi,HAS_CITY,Hanoi
Vietnam & Bangkok Gezisi - Gökhan Mendi,HAS_CITY,Ha Long (Lan Ha Bay)
Vietnam & Bangkok Gezisi - Gökhan Mendi,HAS_CITY,Saigon
Vietnam & Bangkok Gezisi - Gökhan Mendi,HAS_CITY,Bangkok
Vietnam & Bangkok Gezisi - Gökhan Mendi,HAS_TRANSPORT,"İstanbul – Hanoi uçuşu (TK164, Türk Hava Yolları)"
Vietnam & Bangkok Gezisi - Gökhan Mendi,HAS_TRANSPORT,Hanoi – Ha Long kara transferi
Vietnam & Bangkok Gezisi - Gökhan Mendi,HAS_TRANSPORT,Ha Long Bhaya Cruise tekne yolculuğu
Vietnam & Bangkok Gezisi - Gökhan Mendi,HAS_TRANSPORT,Hanoi – Saigon uçuşu
Vietnam & Bangkok Gezisi - Gökhan Mendi,HAS_TRANSPORT,Saigon – Bangkok uçuşu
Vietnam & Bangkok Gezisi - Gökhan Mendi,HAS_TRANSPORT,Şehir içi transferler
Hanoi,HAS_HOTEL,Bhaya Cruise (Lan Ha Bay / Ha Long)
Ha Long (Lan Ha Bay),HAS_HOTEL,Bhaya Cruise (Lan Ha Bay / Ha Long)
Hanoi,HAS_RESTAURANT,May de Cuisine Restaurant (Hanoi)
Ha Long (Lan Ha Bay),HAS_RESTAURANT,May de Cuisine Restaurant (Hanoi)
Volvo EX90 Basın Seyahati - Los Angeles,HAS_COUNTRY,Amerika Birleşik Devletleri
Volvo EX90 Basın Seyahati - Los Angeles,HAS_CITY,Los Angeles
Volvo EX90 Basın Seyahati - Los Angeles,HAS_CITY,Newport Beach
Volvo EX90 Basın Seyahati - Los Angeles,HAS_TRANSPORT,İstanbul – Los Angeles uçuşu
Volvo EX90 Basın Seyahati - Los Angeles,HAS_TRANSPORT,Los Angeles Havalimanı – otel transferi
Volvo EX90 Basın Seyahati - Los Angeles,HAS_TRANSPORT,Şehir içi transferler
Los Angeles,HAS_HOTEL,The Resort at Pelican Hill
Newport Beach,HAS_HOTEL,The Resort at Pelican Hill
Los Angeles,HAS_RESTAURANT,Nobu Los Angeles
Newport Beach,HAS_RESTAURANT,Nobu Los Angeles
Ürdün Gezisi,HAS_COUNTRY,Ürdün
Ürdün Gezisi,HAS_CITY,Amman
Ürdün Gezisi,HAS_CITY,Mount Nebo
Ürdün Gezisi,HAS_CITY,Madaba
Ürdün Gezisi,HAS_CITY,Petra
Ürdün Gezisi,HAS_CITY,Wadi Rum
Ürdün Gezisi,HAS_CITY,Dead Sea
Ürdün Gezisi,HAS_TRANSPORT,"İstanbul – Amman uçuşu (TK816, Türk Hava Yolları)"
Ürdün Gezisi,HAS_TRANSPORT,Ürdün içi kara transferleri
Ürdün Gezisi,HAS_TRANSPORT,"İstanbul – Amman uçuşu (TK812, Türk Hava Yolları)"
Marakeş 21-25 Haziran 2023,HAS_COUNTRY,Fas
Marakeş 21-25 Haziran 2023,HAS_CITY,Marrakech
Marakeş 21-25 Haziran 2023,HAS_CITY,Fes
Marakeş 21-25 Haziran 2023,HAS_TRANSPORT,İstanbul – Fas uçuşu
Marakeş 21-25 Haziran 2023,HAS_TRANSPORT,Fas içi transferler
Havana - Cancun 8-19 Temmuz 2022,HAS_COUNTRY,Küba
Havana - Cancun 8-19 Temmuz 2022,HAS_COUNTRY,Meksika
Havana - Cancun 8-19 Temmuz 2022,HAS_CITY,Havana
Havana - Cancun 8-19 Temmuz 2022,HAS_CITY,Vinales
Havana - Cancun 8-19 Temmuz 2022,HAS_CITY,Cancun
Havana - Cancun 8-19 Temmuz 2022,HAS_SEASON,Yaz
Havana - Cancun 8-19 Temmuz 2022,HAS_DATE_START,2022-07-08
Havana - Cancun 8-19 Temmuz 2022,HAS_DATE_END,2022-07-19
Havana - Cancun 8-19 Temmuz 2022,HAS_TRANSPORT,İstanbul – Havana uçuşu (TK183)
Havana - Cancun 8-19 Temmuz 2022,HAS_TRANSPORT,Küba içi transferler
Havana,HAS_HOTEL,Hotel Manzana Kempinski
Vinales,HAS_HOTEL,Hotel Manzana Kempinski
Havana,HAS_RESTAURANT,Floridita
Havana,HAS_RESTAURANT,Rancho San Vicente
Vinales,HAS_RESTAURANT,Floridita
Vinales,HAS_RESTAURANT,Rancho San Vicente
Japonya 12 - 21 Ekim 2024,HAS_COUNTRY,Japonya
Japonya 12 - 21 Ekim 2024,HAS_CITY,Tokyo
Japonya 12 - 21 Ekim 2024,HAS_CITY,Hakone
Japonya 12 - 21 Ekim 2024,HAS_CITY,Kyoto
Japonya 12 - 21 Ekim 2024,HAS_CITY,Nara
Japonya 12 - 21 Ekim 2024,HAS_CITY,Kobe
Japonya 12 - 21 Ekim 2024,HAS_CITY,Osaka
Japonya 12 - 21 Ekim 2024,HAS_TRANSPORT,İstanbul – Tokyo uçuşu (TK50)
Japonya 12 - 21 Ekim 2024,HAS_TRANSPORT,Japonya içi transferler
Tokyo,HAS_HOTEL,Hotel Tokyo Deluxe Double
Tokyo,HAS_HOTEL,Garrya Nijo Castle Kyoto
Hakone,HAS_HOTEL,Hotel Tokyo Deluxe Double
Hakone,HAS_HOTEL,Garrya Nijo Castle Kyoto
Güney Afrika 14-21 Kasım 2018,HAS_COUNTRY,Güney Afrika
Güney Afrika 14-21 Kasım 2018,HAS_CITY,Johannesburg
Güney Afrika 14-21 Kasım 2018,HAS_CITY,Soweto
Güney Afrika 14-21 Kasım 2018,HAS_CITY,Cape Town
Güney Afrika 14-21 Kasım 2018,HAS_CITY,Stellenbosch
Güney Afrika 14-21 Kasım 2018,HAS_SEASON,Sonbahar
Güney Afrika 14-21 Kasım 2018,HAS_DATE_START,2018-11-14
Güney Afrika 14-21 Kasım 2018,HAS_DATE_END,2018-11-21
Güney Afrika 14-21 Kasım 2018,HAS_TRANSPORT,İstanbul – Johannesburg uçuşu (TK42)
Güney Afrika 14-21 Kasım 2018,HAS_TRANSPORT,Güney Afrika içi transferler
Johannesburg,HAS_HOTEL,Sabi Sabi Game Reserve Lodge
Johannesburg,HAS_HOTEL,Hotel Luxury King Mountain Room
Soweto,HAS_HOTEL,Sabi Sabi Game Reserve Lodge
Soweto,HAS_HOTEL,Hotel Luxury King Mountain Room
Hindistan 2024 Maide Cebi,HAS_COUNTRY,Hindistan
Hindistan 2024 Maide Cebi,HAS_CITY,Delhi
Hindistan 2024 Maide Cebi,HAS_CITY,Jaipur
Hindistan 2024 Maide Cebi,HAS_CITY,Ranthambore
Hindistan 2024 Maide Cebi,HAS_CITY,Udaipur
Hindistan 2024 Maide Cebi,HAS_CITY,Jodhpur
Hindistan 2024 Maide Cebi,HAS_CITY,Mumbai
Hindistan 2024 Maide Cebi,HAS_TRANSPORT,Hindistan içi özel araç transferleri
Hindistan 2024 Maide Cebi,HAS_TRANSPORT,Ranthambore jeep safarileri
Küba Gezisi 2022,HAS_COUNTRY,Küba
Küba Gezisi 2022,HAS_CITY,Havana
Küba Gezisi 2022,HAS_CITY,Cienfuegos
Küba Gezisi 2022,HAS_CITY,Trinidad
Küba Gezisi 2022,HAS_CITY,Santa Clara
Küba Gezisi 2022,HAS_CITY,Vinales
Küba Gezisi 2022,HAS_TRANSPORT,İstanbul – Havana uçuşu (TK183)
Küba Gezisi 2022,HAS_TRANSPORT,Küba içi transferler
Havana,HAS_RESTAURANT,La Canchanchara
Cienfuegos,HAS_RESTAURANT,La Canchanchara
Kolombiya - Peru 2024,HAS_COUNTRY,Kolombiya
Kolombiya - Peru 2024,HAS_COUNTRY,Peru
Kolombiya - Peru 2024,HAS_CITY,Bogotá
Kolombiya - Peru 2024,HAS_CITY,Cartagena
Kolombiya - Peru 2024,HAS_CITY,Lima
Kolombiya - Peru 2024,HAS_CITY,Cusco
Kolombiya - Peru 2024,HAS_CITY,Machu Picchu
Kolombiya - Peru 2024,HAS_TRANSPORT,Uluslararası uçuşlar
Kolombiya - Peru 2024,HAS_TRANSPORT,Kolombiya ve Peru iç hat uçuşları
Kolombiya - Peru 2024,HAS_TRANSPORT,Şehir içi özel transferler
Frieze London 2023,HAS_COUNTRY,İngiltere
Frieze London 2023,HAS_CITY,Londra
Frieze London 2023,HAS_TRANSPORT,İstanbul – Londra uçuşu (THY 1979)
Frieze London 2023,HAS_TRANSPORT,Londra içi transferler
Londra,HAS_HOTEL,The Biltmore Mayfair Hotel
Gamze Çuhadaroglu PROVENCE 2022,HAS_COUNTRY,Fransa
Gamze Çuhadaroglu PROVENCE 2022,HAS_CITY,Marsilya
Gamze Çuhadaroglu PROVENCE 2022,HAS_CITY,Roussillon
Gamze Çuhadaroglu PROVENCE 2022,HAS_CITY,Gordes
Gamze Çuhadaroglu PROVENCE 2022,HAS_CITY,Arles
Gamze Çuhadaroglu PROVENCE 2022,HAS_CITY,Aix-en-Provence
Gamze Çuhadaroglu PROVENCE 2022,HAS_TRANSPORT,İstanbul – Marsilya uçuşu (TK1367)
Gamze Çuhadaroglu PROVENCE 2022,HAS_TRANSPORT,Provence içi transferler
Marsilya,HAS_RESTAURANT,Château La Coste
Roussillon,HAS_RESTAURANT,Château La Coste
MAP Venedik Bienali 2022,HAS_COUNTRY,İtalya
MAP Venedik Bienali 2022,HAS_CITY,Venedik
MAP Venedik Bienali 2022,HAS_TRANSPORT,İstanbul – Venedik uçuşu (THY 1867)
MAP Venedik Bienali 2022,HAS_TRANSPORT,Venedik içi deniz taksi transferleri
Venedik,HAS_HOTEL,Hotel Bauer Palazzo
Venedik,HAS_RESTAURANT,La Caravella
MAP Barcelona Çağdaş Sanat Gezisi 2023,HAS_COUNTRY,İspanya
MAP Barcelona Çağdaş Sanat Gezisi 2023,HAS_CITY,Barselona
MAP Barcelona Çağdaş Sanat Gezisi 2023,HAS_CITY,Cadaques
MAP Barcelona Çağdaş Sanat Gezisi 2023,HAS_TRANSPORT,İstanbul – Barselona uçuşu
MAP Barcelona Çağdaş Sanat Gezisi 2023,HAS_TRANSPORT,Barselona içi transferler
Barselona,HAS_RESTAURANT,Merendero de la Mar
Cadaques,HAS_RESTAURANT,Merendero de la Mar
MAP Provence Program 31 Mart - 3 Nisan 2023,HAS_COUNTRY,Fransa
MAP Provence Program 31 Mart - 3 Nisan 2023,HAS_CITY,Marsilya
MAP Provence Program 31 Mart - 3 Nisan 2023,HAS_CITY,Arles
MAP Provence Program 31 Mart - 3 Nisan 2023,HAS_CITY,Aix-en-Provence
MAP Provence Program 31 Mart - 3 Nisan 2023,HAS_CITY,Saint-Remy-de-Provence
MAP Provence Program 31 Mart - 3 Nisan 2023,HAS_CITY,Les Baux-de-Provence
MAP Provence Program 31 Mart - 3 Nisan 2023,HAS_CITY,Avignon
MAP Provence Program 31 Mart - 3 Nisan 2023,HAS_TRANSPORT,İstanbul – Marsilya uçuşu (TK1365)
MAP Provence Program 31 Mart - 3 Nisan 2023,HAS_TRANSPORT,Provence içi transferler
Marsilya,HAS_RESTAURANT,La Luma Drum Cafe
Marsilya,HAS_RESTAURANT,Les Deux Garçons
Arles,HAS_RESTAURANT,La Luma Drum Cafe
Arles,HAS_RESTAURANT,Les Deux Garçons
Jules Verne - 2 Ladies - Japan - March 2024,HAS_COUNTRY,Japonya
Jules Verne - 2 Ladies - Japan - March 2024,HAS_CITY,Tokyo
Jules Verne - 2 Ladies - Japan - March 2024,HAS_CITY,Kyoto
Jules Verne - 2 Ladies - Japan - March 2024,HAS_CITY,Naoshima
Jules Verne - 2 Ladies - Japan - March 2024,HAS_CITY,Teshima
Jules Verne - 2 Ladies - Japan - March 2024,HAS_TRANSPORT,Japonya içi transferler
Lofoten Islands - Version 2.0,HAS_COUNTRY,Norveç
Lofoten Islands - Version 2.0,HAS_CITY,Henningsvær
Lofoten Islands - Version 2.0,HAS_CITY,Svolvær
Lofoten Islands - Version 2.0,HAS_CITY,Reine
Lofoten Islands - Version 2.0,HAS_CITY,Å
Lofoten Islands - Version 2.0,HAS_TRANSPORT,İstanbul – Oslo – Svolvær uçuşu
Lofoten Islands - Version 2.0,HAS_TRANSPORT,Norveç içi transferler
Henningsvær,HAS_RESTAURANT,Restaurant Nyvågar
Svolvær,HAS_RESTAURANT,Restaurant Nyvågar
Güney Afrika 22-30 Ocak,HAS_COUNTRY,Güney Afrika
Güney Afrika 22-30 Ocak,HAS_CITY,Cape Town
Güney Afrika 22-30 Ocak,HAS_CITY,Stellenbosch
Güney Afrika 22-30 Ocak,HAS_CITY,Johannesburg
Güney Afrika 22-30 Ocak,HAS_CITY,Marataba
Güney Afrika 22-30 Ocak,HAS_SEASON,Kış
Güney Afrika 22-30 Ocak,HAS_DATE_START,2025-01-22
Güney Afrika 22-30 Ocak,HAS_DATE_END,2025-01-30
Güney Afrika 22-30 Ocak,HAS_TRANSPORT,İstanbul – Cape Town uçuşu (TK44)
Güney Afrika 22-30 Ocak,HAS_TRANSPORT,Güney Afrika içi araç kiralama ve transferler
Mardin 13-15 Ekim 2023,HAS_COUNTRY,Türkiye
Mardin 13-15 Ekim 2023,HAS_CITY,Mardin
Mardin 13-15 Ekim 2023,HAS_CITY,Midyat
Mardin 13-15 Ekim 2023,HAS_TRANSPORT,İstanbul – Mardin uçuşu (TK2674)
Mardin 13-15 Ekim 2023,HAS_TRANSPORT,Mardin içi transferler
Meksika 06-16 Aralık 2023,HAS_COUNTRY,Meksika
Meksika 06-16 Aralık 2023,HAS_CITY,Mexico City
Meksika 06-16 Aralık 2023,HAS_CITY,Mérida
Meksika 06-16 Aralık 2023,HAS_CITY,Tulum
Meksika 06-16 Aralık 2023,HAS_SEASON,Kış
Meksika 06-16 Aralık 2023,HAS_DATE_START,2023-12-06
Meksika 06-16 Aralık 2023,HAS_DATE_END,2023-12-16
Meksika 06-16 Aralık 2023,HAS_TRANSPORT,İstanbul – Mexico City uçuşu (TK184)
Meksika 06-16 Aralık 2023,HAS_TRANSPORT,Meksika içi transferler
Mexico City,HAS_HOTEL,Hotel Rosas
Mérida,HAS_HOTEL,Hotel Rosas
Mendi Family - Kenya 25-29 Aralık,HAS_COUNTRY,Kenya
Mendi Family - Kenya 25-29 Aralık,HAS_CITY,Nairobi
Mendi Family - Kenya 25-29 Aralık,HAS_CITY,Masai Mara
Mendi Family - Kenya 25-29 Aralık,HAS_SEASON,Kış
Mendi Family - Kenya 25-29 Aralık,HAS_DATE_START,2025-12-25
Mendi Family - Kenya 25-29 Aralık,HAS_DATE_END,2025-12-29
Mendi Family - Kenya 25-29 Aralık,HAS_TRANSPORT,İstanbul – Nairobi uçuşu (TK607)
Mendi Family - Kenya 25-29 Aralık,HAS_TRANSPORT,Air Kenya iç hat uçuşu
Mendi Family - Kenya 25-29 Aralık,HAS_TRANSPORT,Kenya içi transferler
Nairobi,HAS_HOTEL,Emara Ole Sereni Hotel
Masai Mara,HAS_HOTEL,Emara Ole Sereni Hotel
Mevzun Vietnam Kamboçya 2016,HAS_COUNTRY,Vietnam
Mevzun Vietnam Kamboçya 2016,HAS_COUNTRY,Kamboçya
Mevzun Vietnam Kamboçya 2016,HAS_CITY,Hanoi
Mevzun Vietnam Kamboçya 2016,HAS_CITY,Halong
Mevzun Vietnam Kamboçya 2016,HAS_CITY,Hoi An
Mevzun Vietnam Kamboçya 2016,HAS_CITY,Ho Chi Minh City
Mevzun Vietnam Kamboçya 2016,HAS_CITY,Siem Reap
Mevzun Vietnam Kamboçya 2016,HAS_TRANSPORT,İstanbul – Bangkok – Vietnam uçuşları (THY 69)
Mevzun Vietnam Kamboçya 2016,HAS_TRANSPORT,Vietnam içi transferler
Mevzun Vietnam Kamboçya 2016,HAS_TRANSPORT,Bangkok – İstanbul dönüş uçuşu (THY 69)
Hanoi,HAS_HOTEL,Park Hyatt Saigon
Hanoi,HAS_HOTEL,Intercontinental Danang
Hanoi,HAS_HOTEL,Sofitel Legend Metropole Hanoi
Hanoi,HAS_HOTEL,Paradise Luxury Halong
Halong,HAS_HOTEL,Park Hyatt Saigon
Halong,HAS_HOTEL,Intercontinental Danang
Halong,HAS_HOTEL,Sofitel Legend Metropole Hanoi
Halong,HAS_HOTEL,Paradise Luxury Halong
Mevzun Çifçi Hindistan 2024,HAS_COUNTRY,Hindistan
Mevzun Çifçi Hindistan 2024,HAS_CITY,Delhi
Mevzun Çifçi Hindistan 2024,HAS_CITY,Jaipur
Mevzun Çifçi Hindistan 2024,HAS_CITY,Udaipur
Mevzun Çifçi Hindistan 2024,HAS_CITY,Jodhpur
Mevzun Çifçi Hindistan 2024,HAS_CITY,Mumbai
Mevzun Çifçi Hindistan 2024,HAS_TRANSPORT,İstanbul – Delhi uçuşu (TK716)
Mevzun Çifçi Hindistan 2024,HAS_TRANSPORT,Hindistan içi uçuşlar ve transferler
Mine Bahadır Japonya - Tayland Programı,HAS_COUNTRY,Japonya
Mine Bahadır Japonya - Tayland Programı,HAS_COUNTRY,Tayland
Mine Bahadır Japonya - Tayland Programı,HAS_CITY,Tokyo
Mine Bahadır Japonya - Tayland Programı,HAS_CITY,Kyoto
Mine Bahadır Japonya - Tayland Programı,HAS_CITY,Ise Shima
Mine Bahadır Japonya - Tayland Programı,HAS_CITY,Chiang Rai
Mine Bahadır Japonya - Tayland Programı,HAS_CITY,Chiang Mai
Mine Bahadır Japonya - Tayland Programı,HAS_CITY,Phuket
Mine Bahadır Japonya - Tayland Programı,HAS_TRANSPORT,İstanbul – Tokyo uçuşu
Mine Bahadır Japonya - Tayland Programı,HAS_TRANSPORT,Japonya içi transferler
Mine Bahadır Japonya - Tayland Programı,HAS_TRANSPORT,Tayland içi transferler
Murat Bilgin 28 Eylül - 9 Ekim 2023 Güney Afrika,HAS_COUNTRY,Güney Afrika
Murat Bilgin 28 Eylül - 9 Ekim 2023 Güney Afrika,HAS_CITY,Johannesburg
Murat Bilgin 28 Eylül - 9 Ekim 2023 Güney Afrika,HAS_CITY,Cape Town
Murat Bilgin 28 Eylül - 9 Ekim 2023 Güney Afrika,HAS_CITY,Stellenbosch
Murat Bilgin 28 Eylül - 9 Ekim 2023 Güney Afrika,HAS_CITY,Franschhoek
Murat Bilgin 28 Eylül - 9 Ekim 2023 Güney Afrika,HAS_CITY,Sabi Sabi
Murat Bilgin 28 Eylül - 9 Ekim 2023 Güney Afrika,HAS_TRANSPORT,İstanbul – Johannesburg uçuşu (TK42)
Murat Bilgin 28 Eylül - 9 Ekim 2023 Güney Afrika,HAS_TRANSPORT,Güney Afrika içi transferler
Johannesburg,HAS_HOTEL,Four Seasons Hotel The Westcliff
Cape Town,HAS_HOTEL,Four Seasons Hotel The Westcliff
Johannesburg,HAS_RESTAURANT,Delaire Graff
Cape Town,HAS_RESTAURANT,Delaire Graff
Myanmar 2017 Mevzun Çiftçi,HAS_COUNTRY,Myanmar
Myanmar 2017 Mevzun Çiftçi,HAS_COUNTRY,Tayland
Myanmar 2017 Mevzun Çiftçi,HAS_CITY,Yangon
Myanmar 2017 Mevzun Çiftçi,HAS_CITY,Mandalay
Myanmar 2017 Mevzun Çiftçi,HAS_CITY,Bagan
Myanmar 2017 Mevzun Çiftçi,HAS_CITY,Inle Lake
Myanmar 2017 Mevzun Çiftçi,HAS_CITY,Bangkok
Myanmar 2017 Mevzun Çiftçi,HAS_TRANSPORT,İstanbul – Yangon uçuşu
Myanmar 2017 Mevzun Çiftçi,HAS_TRANSPORT,Myanmar içi transferler
Myanmar 2017 Mevzun Çiftçi,HAS_TRANSPORT,Bangkok – İstanbul uçuşu (THY69)
Yangon,HAS_HOTEL,Belmond Road to Mandalay Cruise
Mandalay,HAS_HOTEL,Belmond Road to Mandalay Cruise
SUMMER EUROPE 2025,HAS_COUNTRY,FRANCE
SUMMER EUROPE 2025,HAS_COUNTRY,ITALY
SUMMER EUROPE 2025,HAS_CITY,PARIS
SUMMER EUROPE 2025,HAS_CITY,ROME
SUMMER EUROPE 2025,HAS_TRANSPORT,PLANE
SUMMER EUROPE 2025,HAS_TRANSPORT,TRAIN
PARIS,HAS_HOTEL,HOTEL LUMIERE
PARIS,HAS_HOTEL,ROMA SUITES
ROME,HAS_HOTEL,HOTEL LUMIERE
ROME,HAS_HOTEL,ROMA SUITES
PARIS,HAS_RESTAURANT,LE BISTRO
PARIS,HAS_RESTAURANT,TRATTORIA ROMANA
ROME,HAS_RESTAURANT,LE BISTRO
ROME,HAS_RESTAURANT,TRATTORIA ROMANA
SUMMER EUROPE 2024,HAS_COUNTRY,FRANCE
SUMMER EUROPE 2024,HAS_COUNTRY,ITALY
SUMMER EUROPE 2024,HAS_CITY,PARIS
SUMMER EUROPE 2024,HAS_CITY,ROME
SUMMER EUROPE 2024,HAS_TRANSPORT,PLANE
SUMMER EUROPE 2024,HAS_TRANSPORT,TRAIN
BALKANS 2025,HAS_COUNTRY,TURKEY
BALKANS 2025,HAS_COUNTRY,BULGARIA
BALKANS 2025,HAS_COUNTRY,NORTH MACEDONIA
BALKANS 2025,HAS_CITY,"['ISTANBUL', 'SOFIA']"
BALKANS 2025,HAS_CITY,['SKOPJE']
BALKANS 2025,HAS_TRANSPORT,BUS
ROME ANCIENT 2024,HAS_COUNTRY,ITALY
ROME ANCIENT 2024,HAS_CITY,ROME
ROME ANCIENT 2024,HAS_TRANSPORT,TRAIN
ROME ANCIENT 2024,HAS_TRANSPORT,METRO
ROME,HAS_HOTEL,FORUM INN
ROME,HAS_RESTAURANT,TRASTEVERE TRATTORIA
CAPPADOCIA DREAM 2023,HAS_COUNTRY,TURKEY
CAPPADOCIA DREAM 2023,HAS_CITY,GOREME
CAPPADOCIA DREAM 2023,HAS_CITY,ISTANBUL
CAPPADOCIA DREAM 2023,HAS_TRANSPORT,PLANE
CAPPADOCIA DREAM 2023,HAS_TRANSPORT,BUS
GOREME,HAS_HOTEL,GOREME CAVE HOTEL
GOREME,HAS_HOTEL,SULTANAHMET INN
URGUP,HAS_HOTEL,GOREME CAVE HOTEL
URGUP,HAS_HOTEL,SULTANAHMET INN
GOREME,HAS_RESTAURANT,MEZE HOUSE
GOREME,HAS_RESTAURANT,KONYALI RESTAURANT
URGUP,HAS_RESTAURANT,MEZE HOUSE
URGUP,HAS_RESTAURANT,KONYALI RESTAURANT
BALKANS LOOP 2025,HAS_COUNTRY,TURKEY
BALKANS LOOP 2025,HAS_COUNTRY,BULGARIA
BALKANS LOOP 2025,HAS_COUNTRY,NORTH MACEDONIA
BALKANS LOOP 2025,HAS_CITY,"['ISTANBUL', 'SOFIA']"
BALKANS LOOP 2025,HAS_CITY,['SKOPJE']
BALKANS LOOP 2025,HAS_TRANSPORT,BUS
LONDON HIGHLIGHTS 2024,HAS_COUNTRY,UNITED KINGDOM
LONDON HIGHLIGHTS 2024,HAS_CITY,LONDON
LONDON HIGHLIGHTS 2024,HAS_TRANSPORT,UNDERGROUND
LONDON,HAS_HOTEL,SOUTHBANK HOTEL
LONDON,HAS_RESTAURANT,DISHOOM
NEW YORK CLASSICS 2024,HAS_COUNTRY,UNITED STATES
NEW YORK CLASSICS 2024,HAS_CITY,NEW YORK
NEW YORK CLASSICS 2024,HAS_TRANSPORT,SUBWAY
NEW YORK,HAS_HOTEL,MIDTOWN INN
NEW YORK,HAS_RESTAURANT,SHAKE SHACK
TOKYO ESSENTIALS 2025,HAS_COUNTRY,JAPAN
TOKYO ESSENTIALS 2025,HAS_CITY,TOKYO
TOKYO ESSENTIALS 2025,HAS_TRANSPORT,METRO
TOKYO ESSENTIALS 2025,HAS_TRANSPORT,BUS
TOKYO,HAS_HOTEL,SHIBUYA HOTEL
TOKYO,HAS_RESTAURANT,SUSHI BAR
KYOTO TEMPLES 2025,HAS_COUNTRY,JAPAN
KYOTO TEMPLES 2025,HAS_CITY,KYOTO
KYOTO TEMPLES 2025,HAS_TRANSPORT,JR
KYOTO TEMPLES 2025,HAS_TRANSPORT,BUS
KYOTO TEMPLES 2025,HAS_TRANSPORT,METRO
KYOTO,HAS_HOTEL,GION RYOKAN
KYOTO,HAS_RESTAURANT,UDON HOUSE
BARCELONA ARCHITECTURE 2024,HAS_COUNTRY,SPAIN
BARCELONA ARCHITECTURE 2024,HAS_CITY,BARCELONA
BARCELONA ARCHITECTURE 2024,HAS_TRANSPORT,METRO
BARCELONA ARCHITECTURE 2024,HAS_TRANSPORT,BUS
BARCELONA,HAS_HOTEL,EIXAMPLE HOTEL
BARCELONA,HAS_RESTAURANT,TAPAS BAR
GAUDI WEEKEND 2025,HAS_COUNTRY,SPAIN
GAUDI WEEKEND 2025,HAS_CITY,BARCELONA
GAUDI WEEKEND 2025,HAS_TRANSPORT,METRO
ISTANBUL CLASSICS 2024,HAS_COUNTRY,TURKEY
ISTANBUL CLASSICS 2024,HAS_CITY,ISTANBUL
ISTANBUL CLASSICS 2024,HAS_TRANSPORT,PLANE
ISTANBUL CLASSICS 2024,HAS_TRANSPORT,METRO
ISTANBUL,HAS_HOTEL,SULTANAHMET INN
ISTANBUL,HAS_RESTAURANT,KONYALI RESTAURANT
CAPPADOCIA DREAM 2023,HAS_CITY,URGUP
CAPPADOCIA DREAM 2023,HAS_TRANSPORT,SHUTTLE
ROME ANTIQUITY 2024,HAS_COUNTRY,ITALY
ROME ANTIQUITY 2024,HAS_CITY,ROME
ROME ANTIQUITY 2024,HAS_TRANSPORT,TRAIN
ROME ANTIQUITY 2024,HAS_TRANSPORT,METRO
ISTANBUL & CAPPADOCIA 2023,HAS_COUNTRY,TURKEY
ISTANBUL & CAPPADOCIA 2023,HAS_CITY,ISTANBUL
ISTANBUL & CAPPADOCIA 2023,HAS_CITY,GOREME
ISTANBUL & CAPPADOCIA 2023,HAS_TRANSPORT,PLANE
ISTANBUL & CAPPADOCIA 2023,HAS_TRANSPORT,SHUTTLE
ISTANBUL,HAS_HOTEL,GOREME CAVE HOTEL
ISTANBUL,HAS_RESTAURANT,MEZE HOUSE
ISTANBUL HERITAGE WEEKEND 2025,HAS_COUNTRY,TURKEY
ISTANBUL HERITAGE WEEKEND 2025,HAS_CITY,ISTANBUL
ISTANBUL HERITAGE WEEKEND 2025,HAS_TRANSPORT,PLANE
ISTANBUL HERITAGE WEEKEND 2025,HAS_TRANSPORT,TRAM
NEW YORK CITY 2024,HAS_COUNTRY,UNITED STATES
NEW YORK CITY 2024,HAS_CITY,NEW YORK
NEW YORK CITY 2024,HAS_TRANSPORT,SUBWAY
NEW YORK,HAS_HOTEL,MIDTOWN HOTEL
LONDON ARCHITECTURE TOUR 2024,HAS_COUNTRY,UNITED KINGDOM
LONDON ARCHITECTURE TOUR 2024,HAS_CITY,LONDON
LONDON ARCHITECTURE TOUR 2024,HAS_TRANSPORT,UNDERGROUND
LONDON ARCHITECTURE TOUR 2024,HAS_TRANSPORT,BUS
LONDON,HAS_HOTEL,RIVERBANK HOTEL
LONDON,HAS_RESTAURANT,TRAFALGAR RESTAURANT
BALKAN CULTURE TOUR 2025,HAS_COUNTRY,TURKEY
BALKAN CULTURE TOUR 2025,HAS_COUNTRY,BULGARIA
BALKAN CULTURE TOUR 2025,HAS_COUNTRY,NORTH MACEDONIA
BALKAN CULTURE TOUR 2025,HAS_CITY,"['ISTANBUL', 'SOFIA']"
BALKAN CULTURE TOUR 2025,HAS_CITY,['SKOPJE']
BALKAN CULTURE TOUR 2025,HAS_TRANSPORT,BUS
SUMMER GREECE 2025,HAS_COUNTRY,GREECE
SUMMER GREECE 2025,HAS_CITY,ATHENS
SUMMER GREECE 2025,HAS_CITY,THESSALONIKI
SUMMER GREECE 2025,HAS_TRANSPORT,PLANE
SUMMER GREECE 2025,HAS_TRANSPORT,BUS
ATHENS,HAS_HOTEL,ATHENS PLAZA HOTEL
ATHENS,HAS_HOTEL,THESSALONIKI INN
THESSALONIKI,HAS_HOTEL,ATHENS PLAZA HOTEL
THESSALONIKI,HAS_HOTEL,THESSALONIKI INN
ATHENS,HAS_RESTAURANT,TAVERNAS
THESSALONIKI,HAS_RESTAURANT,TAVERNAS
ITALY CLASSICS 2024,HAS_COUNTRY,ITALY
ITALY CLASSICS 2024,HAS_CITY,ROME
ITALY CLASSICS 2024,HAS_CITY,VENICE
ITALY CLASSICS 2024,HAS_TRANSPORT,TRAIN
ITALY CLASSICS 2024,HAS_TRANSPORT,BOAT
ROME,HAS_HOTEL,VENICE SUITES
VENICE,HAS_HOTEL,FORUM INN
VENICE,HAS_HOTEL,VENICE SUITES
VENICE,HAS_RESTAURANT,TRATTORIA ROMANA
PARIS MUSEUM TOUR 2024,HAS_COUNTRY,FRANCE
PARIS MUSEUM TOUR 2024,HAS_CITY,PARIS
PARIS MUSEUM TOUR 2024,HAS_TRANSPORT,METRO
PARIS,HAS_HOTEL,MARAIS HOTEL
PARIS,HAS_RESTAURANT,LEON DE BRUXELLES
ISTANBUL CLASSICS 2024,HAS_TRANSPORT,TRAM
TURKEY TOUR 2024,HAS_COUNTRY,TURKEY
TURKEY TOUR 2024,HAS_CITY,CAPPADOCIA
TURKEY TOUR 2024,HAS_CITY,ISTANBUL
TURKEY TOUR 2024,HAS_TRANSPORT,PLANE
TURKEY TOUR 2024,HAS_TRANSPORT,SHUTTLE
CAPPADOCIA,HAS_HOTEL,GOREME CAVE HOTEL
CAPPADOCIA,HAS_RESTAURANT,MEZE HOUSE
EUROPE CLASSICS 2025,HAS_COUNTRY,FRANCE
EUROPE CLASSICS 2025,HAS_COUNTRY,ITALY
EUROPE CLASSICS 2025,HAS_COUNTRY,SPAIN
EUROPE CLASSICS 2025,HAS_CITY,PARIS
EUROPE CLASSICS 2025,HAS_CITY,ROME
EUROPE CLASSICS 2025,HAS_CITY,BARCELONA
EUROPE CLASSICS 2025,HAS_TRANSPORT,PLANE
EUROPE CLASSICS 2025,HAS_TRANSPORT,TRAIN
EUROPE CLASSICS 2025,HAS_TRANSPORT,METRO
PARIS,HAS_HOTEL,FORUM INN
PARIS,HAS_HOTEL,EIXAMPLE HOTEL
ROME,HAS_HOTEL,EIXAMPLE HOTEL
PARIS,HAS_RESTAURANT,TAPAS BAR
ROME,HAS_RESTAURANT,TAPAS BAR
PARIS CITY BREAK 2024,HAS_COUNTRY,FRANCE
PARIS CITY BREAK 2024,HAS_CITY,PARIS
PARIS CITY BREAK 2024,HAS_TRANSPORT,METRO
Buenos Aires,HAS_ACTIVITY,Buenos Aires Modern Sanat Müzesi
Buenos Aires,HAS_ACTIVITY,Plaza de Mayo - Buenos Aires
Buenos Aires,HAS_ACTIVITY,Tango Gösterisi - Buenos Aires
Cape Horn,HAS_ACTIVITY,Cape Horn
Magdalena Adası,HAS_ACTIVITY,Magdalena Adası
Santiago,HAS_ACTIVITY,Santiago Katedrali
İzlanda,HAS_ACTIVITY,Blue Lagoon
İzlanda,HAS_ACTIVITY,Fjallsárlón Glacier Lagoon
İzlanda,HAS_ACTIVITY,Goðafoss Şelalesi
İzlanda,HAS_ACTIVITY,Ice Cave
İzlanda,HAS_ACTIVITY,Jökulsárlón Glacier Lagoon
İzlanda,HAS_ACTIVITY,Kerid Crater Lake
İzlanda,HAS_ACTIVITY,Skaftafell National Park
İzlanda,HAS_ACTIVITY,Svartifoss Şelalesi
Cape Town,HAS_ACTIVITY,Bo-Kaap Mahallesi
Cape Town,HAS_ACTIVITY,Boulders Beach - Penguenler
Cape Town,HAS_ACTIVITY,Camps Bay Plajı
Cape Town,HAS_ACTIVITY,Cape Point
Cape Town,HAS_ACTIVITY,Cape Town & Masa Dağı Gezisi
Cape Town,HAS_ACTIVITY,Cape Town Belediye Binası
Cape Town,HAS_ACTIVITY,Cape Town Graffiti Street Art Turu
Cape Town,HAS_ACTIVITY,Cape Town V&A Waterfront gezisi
Cape Town,HAS_ACTIVITY,Cape Town Şehir Gezisi
Cape Town,HAS_ACTIVITY,Cape Town şehir turu
Cape Town,HAS_ACTIVITY,Cape Town şehir turu ve çevre gezileri
Cape Town,HAS_ACTIVITY,Chapman’s Peak Drive
Cape Town,HAS_ACTIVITY,Franschhoek
Cape Town,HAS_ACTIVITY,Hout Bay & Seal Island
Cape Town,HAS_ACTIVITY,Iziko Güney Afrika Müzesi ve Planetaryum
Cape Town,HAS_ACTIVITY,Masa Dağı (Table Mountain)
Cape Town,HAS_ACTIVITY,Stellenbosch Vadisi Şarap Bağları
Cape Town,HAS_ACTIVITY,V&A Waterfront
Cape Town,HAS_ACTIVITY,Ümit Burnu Kalesi
Stellenbosch,HAS_ACTIVITY,Franschhoek ve Stellenbosch şarap bağları gezisi
Stellenbosch,HAS_ACTIVITY,Stellenbosch Şarap Evleri
Stellenbosch,HAS_ACTIVITY,Stellenbosch şarap bağları gezisi
Stellenbosch,HAS_ACTIVITY,Stellenbosch şarap bağları turu
Franschhoek,HAS_ACTIVITY,Franschhoek Motor Müzesi
Franschhoek,HAS_ACTIVITY,Franschhoek Şarap Bağları
Franschhoek,HAS_ACTIVITY,Franschhoek Şarap Bağları ve Galeriler
Kimberley,HAS_ACTIVITY,Kimberley Diamond Mine & Big Hole
Serengeti,HAS_ACTIVITY,Serengeti Ulusal Parkı Safari
Barcelona,HAS_ACTIVITY,Casa Milà
Barcelona,HAS_ACTIVITY,Gotik Mahallesi
Barcelona,HAS_ACTIVITY,La Sagrada Familia
Barcelona,HAS_ACTIVITY,Park Güell
Barcelona,HAS_ACTIVITY,Plaza Catalunya
Biarritz,HAS_ACTIVITY,Biarritz Gezisi
Biarritz,HAS_ACTIVITY,Biarritz Grande Plage
Biarritz,HAS_ACTIVITY,Biarritz Şehir Turu
Biarritz,HAS_ACTIVITY,Casino Municipal - Biarritz
Biarritz,HAS_ACTIVITY,Chapelle Impériale - Biarritz
Biarritz,HAS_ACTIVITY,Musée Asiatica - Biarritz
Saint Jean De Luz,HAS_ACTIVITY,Saint Jean De Luz Gezisi
San Sebastian,HAS_ACTIVITY,San Sebastian Şehir Gezisi
Auckland,HAS_ACTIVITY,Auckland Şehir Gezisi
Queenstown,HAS_ACTIVITY,Queenstown Panoramik Gezisi
Sydney,HAS_ACTIVITY,Botanik Bahçeleri - Sydney
Sydney,HAS_ACTIVITY,Hyde Park Barracks - Sydney
Sydney,HAS_ACTIVITY,Sydney Harbour Bridge
Sydney,HAS_ACTIVITY,Sydney Harbour Tekne Turu & Havai Fişek Gösterisi
Sydney,HAS_ACTIVITY,Sydney Köprüsü
Sydney,HAS_ACTIVITY,Sydney Opera Binası
Sydney,HAS_ACTIVITY,Sydney Opera Binası & Harbour Bridge
Sydney,HAS_ACTIVITY,Sydney Opera House
Sydney,HAS_ACTIVITY,Ulusal Müze - Sydney
Bergen,HAS_ACTIVITY,Bergen Market Square & Balık Pazarı
Flåm,HAS_ACTIVITY,Flåm Railway Museum
Oslo,HAS_ACTIVITY,Oslo Opera Binası
Livingstone,HAS_ACTIVITY,David Livingstone Müzesi
Teshima,HAS_ACTIVITY,Teshima Sanat Müzesi
Teshima,HAS_ACTIVITY,Teshima Yokoo Evi
Luxor,HAS_ACTIVITY,Luxor East Bank Gezisi
Luxor,HAS_ACTIVITY,Luxor Tapınağı
Ravello,HAS_ACTIVITY,Ravello - Villa Cimbrone Bahçesi
Ravello,HAS_ACTIVITY,Ravello - Villa Rufolo
Pompei,HAS_ACTIVITY,Pompei Antik Kenti
Pompei,HAS_ACTIVITY,Pompei Şehri Ziyareti
Napoli,HAS_ACTIVITY,Duomo di Napoli
Napoli,HAS_ACTIVITY,Napoli Tarihi Merkezi
Napoli,HAS_ACTIVITY,Napoli Şehri Gezisi
Amalfi,HAS_ACTIVITY,Amalfi Kasabası Gezisi
Amalfi,HAS_ACTIVITY,Tam Gün Tekne Gezisi
Sorrento,HAS_ACTIVITY,Sorrento Gezisi
Sorrento,HAS_ACTIVITY,Sorrento Peninsula Arkeoloji Müzesi
Amboise,HAS_ACTIVITY,Amboise Şatosu
Blois,HAS_ACTIVITY,Château de Blois
Loire,HAS_ACTIVITY,Loire Vadisi Balon Turu
Loire,HAS_ACTIVITY,Loire Vadisi Şarap Bağları
Tours,HAS_ACTIVITY,Tours Şehri Gezisi
Brugge,HAS_ACTIVITY,Brugge Gezisi
Gent,HAS_ACTIVITY,Gent Gezisi
Hallstatt,HAS_ACTIVITY,Hallstatt Gezisi
St Wolfgang,HAS_ACTIVITY,Atlı Kızak Turu (St Wolfgang)
Salzburg,HAS_ACTIVITY,Salzburg Kalesi
Berchtesgaden,HAS_ACTIVITY,Salzbergwerk Berchtesgaden
Belgrad,HAS_ACTIVITY,Belgrad Şehir Gezisi
Karlofca,HAS_ACTIVITY,Karlofca Gezisi
Novi Sad,HAS_ACTIVITY,Novi Sad Gezisi
Efes,HAS_ACTIVITY,Efes Antik Kenti
Şirince,HAS_ACTIVITY,Şirince Köyü
Şirince,HAS_ACTIVITY,Şirince Çarşısı
Inverness,HAS_ACTIVITY,Inverness Kalesi
Inverness,HAS_ACTIVITY,Inverness Müzesi ve Sanat Galerisi
Chiang Rai,HAS_ACTIVITY,Chiang Rai Gezisi
Chiang Rai,HAS_ACTIVITY,Chiang Rai fil kampı ziyareti
Chiang Rai,HAS_ACTIVITY,"Chiang Rai’de fil sürüşü, Altın Üçgen gezisi veya yemek kursu"
Bangkok,HAS_ACTIVITY,Bangkok Kanalları Gezisi
Bangkok,HAS_ACTIVITY,Bangkok kanal turu (Thonburi Klongs) ve Chao Phraya Nehri gezisi
Bangkok,HAS_ACTIVITY,Bangkok Şehir Gezisi
Bangkok,HAS_ACTIVITY,Bangkok şehir turu
Bangkok,HAS_ACTIVITY,Bangkok şehir turu ve alışveriş aktiviteleri
Bangkok,HAS_ACTIVITY,"Bangkok şehir turu: Wat Arun, Wat Pho, Çin Mahallesi"
Bangkok,HAS_ACTIVITY,Bangkok’ta Grand Palace & Wat Phra Kaew ziyareti
Bangkok,HAS_ACTIVITY,Damnoen Saduak yüzen pazar ziyareti (Bangkok)
Bangkok,HAS_ACTIVITY,Grand Palace & Wat Phra Kaew - Bangkok
Bangkok,HAS_ACTIVITY,Pak Khlong Talat Çiçek Pazarı - Bangkok
Bangkok,HAS_ACTIVITY,Royal Barge Ulusal Müzesi - Bangkok
Bangkok,HAS_ACTIVITY,Wang Lang Market - Bangkok
Bangkok,HAS_ACTIVITY,Wat Arun Tapınakları - Bangkok
Bangkok,HAS_ACTIVITY,Wat Pho Tapınağı - Bangkok
Bangkok,HAS_ACTIVITY,Wat Suthat Tapınağı - Bangkok
Bangkok,HAS_ACTIVITY,Çiçek Kültürü Müzesi - Bangkok
Hakone,HAS_ACTIVITY,Hakone Açık Hava Müzesi
Hakone,HAS_ACTIVITY,Hakone Açık Hava Müzesi ziyareti
Hakone,HAS_ACTIVITY,Hakone Teleferiği
Nara,HAS_ACTIVITY,Nara Park
Avignon,HAS_ACTIVITY,Avignon Gezisi
Les Baux-de-Provence,HAS_ACTIVITY,Les Baux-de-Provence Gezisi
L'Isle-sur-la-Sorgue,HAS_ACTIVITY,L'Isle-sur-la-Sorgue Gezisi
Alberobello,HAS_ACTIVITY,Alberobello Trulli Evleri
Alberobello,HAS_ACTIVITY,Trulli Evleri - Alberobello
Matera,HAS_ACTIVITY,Matera Gezisi
Matera,HAS_ACTIVITY,Matera Kaya Evleri
Matera,HAS_ACTIVITY,Matera Kiliseleri ve Mağaraları
Monopoli,HAS_ACTIVITY,Monopoli Gezisi
Monopoli,HAS_ACTIVITY,Monopoli Tarihi Merkezi
Polignano a Mare,HAS_ACTIVITY,Domenico Modugno Heykeli - Polignano a Mare
Polignano a Mare,HAS_ACTIVITY,Polignano a Mare
Polignano a Mare,HAS_ACTIVITY,Polignano a Mare Gezisi
Lecce,HAS_ACTIVITY,Lecce Şehir Gezisi
Lecce,HAS_ACTIVITY,Palazzo dei Celestini - Lecce
Lecce,HAS_ACTIVITY,Roma Amfi Tiyatrosu - Lecce
Lecce,HAS_ACTIVITY,San Giuseppe Kilisesi - Lecce
Lecce,HAS_ACTIVITY,Santa Croce Bazilikası - Lecce
Lecce,HAS_ACTIVITY,Sant’Oronzo Meydanı - Lecce
Bari,HAS_ACTIVITY,Bari Şehir Gezisi
L’Isle-sur-la-Sorgue,HAS_ACTIVITY,L’Isle-sur-la-Sorgue Gezisi
Roussillon,HAS_ACTIVITY,Gordes ve Roussillon köy gezileri
Roussillon,HAS_ACTIVITY,Roussillon Gezisi
Roussillon,HAS_ACTIVITY,Roussillon ve Gordes gezisi
Gordes,HAS_ACTIVITY,Gordes Gezisi
Provence,HAS_ACTIVITY,Les Baux-de-Provence Gezisi
Provence,HAS_ACTIVITY,Saint-Rémy-de-Provence Gezisi
Arles,HAS_ACTIVITY,Arles Gezisi
Arles,HAS_ACTIVITY,Arles Luma Müzesi ziyareti
Arles,HAS_ACTIVITY,Arles şehir gezisi
Arles,HAS_ACTIVITY,Fondation Vincent van Gogh Arles ziyareti
Venedik,HAS_ACTIVITY,Ai Weiwei sergisi
Venedik,HAS_ACTIVITY,Arsenale ana sergi turu
Venedik,HAS_ACTIVITY,Galleria dell’Accademia
Venedik,HAS_ACTIVITY,Giardini Bienali
Venedik,HAS_ACTIVITY,Giardini ana sergi turu
Venedik,HAS_ACTIVITY,Palazzo Manfrin
Venedik,HAS_ACTIVITY,Peggy Guggenheim Müzesi
Venedik,HAS_ACTIVITY,"Personal Structures, Palazzo Bembo sergisi"
Venedik,HAS_ACTIVITY,Venedik Bienali ülke pavyonları turu
Dubai,HAS_ACTIVITY,Dubai Autodrome Circuit
Dubai,HAS_ACTIVITY,Dubai Creek – Old Town
Dubai,HAS_ACTIVITY,Dubai Mall
Dubai,HAS_ACTIVITY,Museum of the Future
Dubai,HAS_ACTIVITY,New Year's Eve Celebration - The Restaurant at Address Dubai Mall
Urla,HAS_ACTIVITY,Urla Sanat Sokağı
Chianti,HAS_ACTIVITY,Antinori nel Chianti Classico Şaraphanesi
Chianti,HAS_ACTIVITY,Chianti bölgesinde üzüm bağları ve köyler
San Gimignano,HAS_ACTIVITY,San Gimignano UNESCO Dünya Mirası
San Gimignano,HAS_ACTIVITY,San Gimignano gezisi
San Gimignano,HAS_ACTIVITY,San Gimignano kasabası gezisi
Siena,HAS_ACTIVITY,Siena Şehir Merkezi
Siena,HAS_ACTIVITY,Siena şehir turu
Cortona,HAS_ACTIVITY,Cortona Tarihi Sokaklar
Orvieto,HAS_ACTIVITY,Orvieto Katedrali
Orvieto,HAS_ACTIVITY,Orvieto Yer Altı Tünelleri
Jaipur,HAS_ACTIVITY,City Palace - Jaipur
Jaipur,HAS_ACTIVITY,Jaipur Amber Kalesi ziyareti
Jaipur,HAS_ACTIVITY,Jaipur City Palace gezisi
Jaipur,HAS_ACTIVITY,Jaipur City Palace ziyareti
Jaipur,HAS_ACTIVITY,Jaipur şehir turu
Udaipur,HAS_ACTIVITY,City Palace - Udaipur
Udaipur,HAS_ACTIVITY,Udaipur City Palace ve göl çevresi gezisi
Udaipur,HAS_ACTIVITY,Udaipur City Palace ziyareti
Udaipur,HAS_ACTIVITY,Udaipur göl gezileri ve saray ziyareti
Udaipur,HAS_ACTIVITY,Udaipur göl gezisi
Chichen Itza,HAS_ACTIVITY,Chichen Itza
Savoca,HAS_ACTIVITY,Godfather Film Kilisesi - Savoca
Savoca,HAS_ACTIVITY,Savoca köyü gezisi
Forza d’Agrò,HAS_ACTIVITY,Forza d’Agrò Ortaçağ Köyü
Forza d’Agrò,HAS_ACTIVITY,Piazza del Municipio - Forza d’Agrò
Syracuse,HAS_ACTIVITY,Syracuse Katedrali
Ragusa,HAS_ACTIVITY,Ragusa Ibla
Porto,HAS_ACTIVITY,Batalha Meydanı
Porto,HAS_ACTIVITY,Boavista
Porto,HAS_ACTIVITY,Churchill Graham Şaraphanesi
Porto,HAS_ACTIVITY,Foz do Douro
Porto,HAS_ACTIVITY,Gaia Şarap Evleri
Porto,HAS_ACTIVITY,Lello Kütüphanesi
Porto,HAS_ACTIVITY,Liberdade Meydanı
Porto,HAS_ACTIVITY,Palácio da Bolsa
Porto,HAS_ACTIVITY,Porto Katedrali
Porto,HAS_ACTIVITY,Ribeira Bölgesi
Porto,HAS_ACTIVITY,Santa Catarina Caddesi
Porto,HAS_ACTIVITY,Serralves Müzesi
Porto,HAS_ACTIVITY,Six Bridges Tekne Turu
Porto,HAS_ACTIVITY,São Bento Tren İstasyonu
Porto,HAS_ACTIVITY,São Francisco Kilisesi
Porto,HAS_ACTIVITY,Torre dos Clérigos
Porto,HAS_ACTIVITY,Tuktuk Gezisi & Rehberli Yürüyüş Turu
Kahire,HAS_ACTIVITY,Büyük Mısır Müzesi
Kahire,HAS_ACTIVITY,Deve Gezisi - Piramitler
Kahire,HAS_ACTIVITY,El Refaei Camii
Kahire,HAS_ACTIVITY,Giza Piramitleri
Kahire,HAS_ACTIVITY,"Giza Piramitleri gezisi (Keops, Kefren, Mikerinos)"
Kahire,HAS_ACTIVITY,Kahire şehir gezisi
Kahire,HAS_ACTIVITY,Khan El Khalili Çarşısı
Kahire,HAS_ACTIVITY,Khufu Piramidi
Kahire,HAS_ACTIVITY,Mısır Müzesi - Eski Müze
Kahire,HAS_ACTIVITY,Nil Nehri Felucca Tekne Gezisi
Kahire,HAS_ACTIVITY,Sfenks
Kahire,HAS_ACTIVITY,Sfenks ziyareti
Kahire,HAS_ACTIVITY,Sultan Hassan Camii
Granada,HAS_ACTIVITY,"Granada şehir merkezi turu (Realejo Mahallesi, Capilla Real, Katedral, Madraza)"
Granada,HAS_ACTIVITY,Las Granadas Kapısı
Córdoba,HAS_ACTIVITY,Alcazar Kalesi - Córdoba
Córdoba,HAS_ACTIVITY,Mezquita Camii - Córdoba
Córdoba,HAS_ACTIVITY,Musevi Mahallesi - Córdoba
Córdoba,HAS_ACTIVITY,Plaza Corredera - Córdoba
Sevilla,HAS_ACTIVITY,Alcázar - Sevilla
Sevilla,HAS_ACTIVITY,Sevilla Katedrali
Sevilla,HAS_ACTIVITY,Sevilla şehir turu
Ronda,HAS_ACTIVITY,Plaza de Toros - Ronda
Ronda,HAS_ACTIVITY,Puente Nuevo - Ronda
Ronda,HAS_ACTIVITY,Ronda Tarihi Sokakları
Ronda,HAS_ACTIVITY,Ronda gezisi
Melbourne,HAS_ACTIVITY,Melbourne Müzesi
Melbourne,HAS_ACTIVITY,Parlamento ve Hazine Binası - Melbourne
Melbourne,HAS_ACTIVITY,Royal Exhibition Binası - Melbourne
Melbourne,HAS_ACTIVITY,Sanat Galerisi - Melbourne
Hobart,HAS_ACTIVITY,Anayasa Limanı - Hobart
Hobart,HAS_ACTIVITY,Franklin Meydanı - Hobart
Hahndorf,HAS_ACTIVITY,Alman Kasabası Hahndorf
Barossa Valley,HAS_ACTIVITY,Barossa Valley Şarap Bağları
Brisbane,HAS_ACTIVITY,Brisbane Şehir Turu
Surfers Paradise,HAS_ACTIVITY,Surfers Paradise - Gold Coast
Canberra,HAS_ACTIVITY,Canberra Şehir Turu
Girona,HAS_ACTIVITY,Girona Gotik Katedrali
Locorotondo,HAS_ACTIVITY,Locorotondo Şehir Gezisi
Ortigia,HAS_ACTIVITY,Duomo Meydanı - Ortigia
Ortigia,HAS_ACTIVITY,Ortigia Roma Amfi Tiyatrosu
Noto,HAS_ACTIVITY,Chiesa di San Carlo - Noto
Noto,HAS_ACTIVITY,Chiesa di San Francesco - Noto
Noto,HAS_ACTIVITY,Corso Vittorio Emanuele - Noto
Noto,HAS_ACTIVITY,Duomo - Noto
Noto,HAS_ACTIVITY,MAT Museum - Noto
Noto,HAS_ACTIVITY,Palazzo Ducezio - Noto
Noto,HAS_ACTIVITY,Palazzo Nicolaci - Noto
Siracusa,HAS_ACTIVITY,Latomie - Siracusa
Siracusa,HAS_ACTIVITY,Roma Amfi Tiyatrosu - Siracusa
Siracusa,HAS_ACTIVITY,Siracusa Arkeoloji Parkı
Siracusa,HAS_ACTIVITY,Siracusa ve Noto ziyaretleri
Siracusa,HAS_ACTIVITY,Yunan Tiyatrosu - Siracusa
Taormina,HAS_ACTIVITY,Taormina Gezisi
Taormina,HAS_ACTIVITY,Taormina şehir turu
Ushuaia,HAS_ACTIVITY,Beagle Kanalı - Ushuaia
Ushuaia,HAS_ACTIVITY,Tierra del Fuego Milli Parkı - Ushuaia
Puerto Madryn,HAS_ACTIVITY,Peninsula Valdes - Puerto Madryn
Macau,HAS_ACTIVITY,Aziz Paulo Katedrali Harabesi - Macau
Macau,HAS_ACTIVITY,Macau Casinoları
Macau,HAS_ACTIVITY,Macau Kulesi
Macau,HAS_ACTIVITY,Macau Müzesi
Macau,HAS_ACTIVITY,Macau Şarap Müzesi
Hong Kong,HAS_ACTIVITY,Hong Kong Miras Müzesi
Hong Kong,HAS_ACTIVITY,Lam Tsuen Dilek Ağacı - Hong Kong
Hong Kong,HAS_ACTIVITY,Tai Po Old Market - Hong Kong
Hong Kong,HAS_ACTIVITY,Wong Tai Sin Tapınağı - Hong Kong
Katmandu,HAS_ACTIVITY,Bhaktapur - Katmandu
Katmandu,HAS_ACTIVITY,Pashupatinath Tapınağı - Katmandu
Paro,HAS_ACTIVITY,Taktsang (Tiger’s Nest) Manastırı - Paro
Punakha,HAS_ACTIVITY,Punakha Dzong - Punakha
Thimphu,HAS_ACTIVITY,Thimphu Şehir Turu
Bilbao,HAS_ACTIVITY,Bilbao Şehir Turu
Bilbao,HAS_ACTIVITY,Guggenheim Müzesi - Bilbao
San Sebastián,HAS_ACTIVITY,Igueldo Tepesi - San Sebastián
San Sebastián,HAS_ACTIVITY,Kursaal Oditoryumu - San Sebastián
San Sebastián,HAS_ACTIVITY,La Bretxa Food Market - San Sebastián
San Sebastián,HAS_ACTIVITY,La Concha Plajı - San Sebastián
San Sebastián,HAS_ACTIVITY,Miramar Sarayı - San Sebastián
San Sebastián,HAS_ACTIVITY,Monte Igueldo - San Sebastián
San Sebastián,HAS_ACTIVITY,Monte Urgull - San Sebastián
San Sebastián,HAS_ACTIVITY,Parte Vieja - San Sebastián
San Sebastián,HAS_ACTIVITY,San Sebastián Şehir Gezisi
San Sebastián,HAS_ACTIVITY,San Telmo Müzesi - San Sebastián
San Sebastián,HAS_ACTIVITY,Victoria Eugenia Tiyatrosu - San Sebastián
Hondarribia,HAS_ACTIVITY,Hondarribia Eski Şehir ve Surlar
Saint-Jean-de-Luz,HAS_ACTIVITY,Eglise Saint-Jean-Baptiste - Saint-Jean-de-Luz
Saint-Jean-de-Luz,HAS_ACTIVITY,Place Louis XIV - Saint-Jean-de-Luz
Saint-Jean-de-Luz,HAS_ACTIVITY,Quai de l’Infante - Saint-Jean-de-Luz
Saint-Jean-de-Luz,HAS_ACTIVITY,Rue Gambetta - Saint-Jean-de-Luz
Saint-Jean-de-Luz,HAS_ACTIVITY,Rue Mazarin - Saint-Jean-de-Luz
Saint-Jean-de-Luz,HAS_ACTIVITY,Saint-Jean-de-Luz Plajları
Saint-Jean-de-Luz,HAS_ACTIVITY,Sanat Galerileri - Saint-Jean-de-Luz
Beaune,HAS_ACTIVITY,Hospices de Beaune (Hôtel-Dieu)
Beaune,HAS_ACTIVITY,Musée des Beaux-Arts - Beaune
Beaune,HAS_ACTIVITY,Notre-Dame Kilisesi - Beaune
Dijon,HAS_ACTIVITY,Musée des Beaux-Arts - Dijon
Dijon,HAS_ACTIVITY,Notre-Dame Kilisesi - Dijon
Dijon,HAS_ACTIVITY,Palais des ducs de Bourgogne - Dijon
Dijon,HAS_ACTIVITY,Rue de la Liberté - Dijon
Dijon,HAS_ACTIVITY,Saint-Bénigne Katedrali - Dijon
Dijon,HAS_ACTIVITY,Saint-Michel Kilisesi - Dijon
Dijon,HAS_ACTIVITY,Saint-Philibert Kilisesi - Dijon
Nuits-Saint-Georges,HAS_ACTIVITY,Beffroi Meydanı - Nuits-Saint-Georges
Nuits-Saint-Georges,HAS_ACTIVITY,Église Saint-Symphorien - Nuits-Saint-Georges
Vézelay,HAS_ACTIVITY,Abbaye Sainte-Marie-Madeleine - Vézelay
Vézelay,HAS_ACTIVITY,Colline Éternelle - Vézelay Şarap Tadımı
Cluny,HAS_ACTIVITY,Benedictine Manastırı - Cluny
Cluny,HAS_ACTIVITY,Hôtel-Dieu - Cluny
Cluny,HAS_ACTIVITY,Musée d’Art et d’Archéologie - Cluny
Cluny,HAS_ACTIVITY,Tour de Fromages - Cluny
Fleurie,HAS_ACTIVITY,Beaujolais Şarap Bağları - Fleurie
Getaria,HAS_ACTIVITY,Cristóbal Balenciaga Museoa - Getaria
Getaria,HAS_ACTIVITY,Gaztetape Plajı - Getaria
Getaria,HAS_ACTIVITY,Getaria Balıkçı Köyü
Getaria,HAS_ACTIVITY,Malkorbe Plajı - Getaria
Rovaniemi,HAS_ACTIVITY,Aurora Borealis Macerası
Rovaniemi,HAS_ACTIVITY,Cam Igloo Deneyimi
Rovaniemi,HAS_ACTIVITY,Husky Safari
Rovaniemi,HAS_ACTIVITY,Kar Ayakkabısı Yürüyüşü
Rovaniemi,HAS_ACTIVITY,Kar Bisikleti Turu
Rovaniemi,HAS_ACTIVITY,Kicksled Deneyimi
Rovaniemi,HAS_ACTIVITY,Kızaklı Sandalye
Rovaniemi,HAS_ACTIVITY,Reindeer Safari
Rovaniemi,HAS_ACTIVITY,Santa Claus Village Gezisi
Rovaniemi,HAS_ACTIVITY,Snowmobile Safari
Masai Mara,HAS_ACTIVITY,Game Drives - Masai Mara
Masai Mara,HAS_ACTIVITY,Masai Mara Safari
Masai Mara,HAS_ACTIVITY,Masai Mara’da safari ve game drive aktiviteleri
Volcanoes National Park,HAS_ACTIVITY,Volcanoes National Park Gorilla Trekking
Kigali,HAS_ACTIVITY,Kigali Şehir Turu
Lizbon,HAS_ACTIVITY,"09 Kasım 2022: Bairro Alto Hotel transfer, check-in ve serbest zaman"
Lizbon,HAS_ACTIVITY,09 Kasım 2022: İstanbul – Lizbon uçuşu (TK 1759)
Katanya,HAS_ACTIVITY,İstanbul – Katanya uçuşu TK 1395
Etna,HAS_ACTIVITY,Etna Yanardağı gezisi
Modica,HAS_ACTIVITY,Modica ve Ragusa turları
Valletta,HAS_ACTIVITY,Valletta şehir turu
Senglea,HAS_ACTIVITY,"Senglea, Vittoriosa ve Cospicua üçlü gezisi"
Mdina,HAS_ACTIVITY,Mdina şehir turu
Hanoi,HAS_ACTIVITY,Hanoi By Night turu
Hanoi,HAS_ACTIVITY,Hanoi şehir turu
Hanoi,HAS_ACTIVITY,"Hanoi şehir turu: Ho Chi Minh Mozolesi, Başkanlık Sarayı, Tek Sütunlu Pagoda, Edebiyat Tapınağı"
Hanoi,HAS_ACTIVITY,"Hanoi şehir turu: Ho Chi Minh Mozolesi, kazık ev, Tek Sütunlu Pagoda, Edebiyat Tapınağı"
Hanoi,HAS_ACTIVITY,"Hanoi şehir turu: Opera Binası, Edebiyat Tapınağı, Etnoloji Müzesi, Eski Mahalle"
Hanoi,HAS_ACTIVITY,Hanoi’de pedallı taksi (rikşov) gezisi
Ha Long,HAS_ACTIVITY,Ha Long Körfezi’nde deniz uçağı ile ulaşım ve Violet Cruise konaklaması
Ha Long,HAS_ACTIVITY,"Ha Long Körfezi’nde mağara keşfi, yüzme ve balık avı"
Mekong Deltası,HAS_ACTIVITY,"Mekong Deltası bot turu, tropik meyve bahçeleri, noodle yapımı"
Mekong Deltası,HAS_ACTIVITY,"Mekong Deltası gezisi: bot turları, noodle yapımı, meyve bahçeleri, yerel aile ziyareti"
Siem Reap,HAS_ACTIVITY,"Siem Reap (Angkor) gezisi: Angkor Thom, Bayon Tapınağı, Baphuon, Kraliyet Sarayı, Fil Terası"
Siem Reap,HAS_ACTIVITY,Siem Reap Angkor Wat ziyareti
Siem Reap,HAS_ACTIVITY,"Siem Reap’te Angkor Wat, Angkor Thom, Bayon ve Ta Prohm gezileri"
Phnom Penh,HAS_ACTIVITY,"Phnom Penh şehir turu: Artisan D’Angkor el işi okulu, Phsar Chas çarşısı"
Phnom Penh,HAS_ACTIVITY,"Phnom Penh şehir turu: Kraliyet Sarayı, Gümüş Pagoda, Ulusal Müze"
Floransa,HAS_ACTIVITY,Floransa çevresinde geziler
Floransa,HAS_ACTIVITY,Floransa şehir turu (Piazza Della Signoria ve diğer yapılar)
Toskana,HAS_ACTIVITY,Toskana’da şarap bağları ve bölgesel geziler
Forte dei Marmi,HAS_ACTIVITY,Forte dei Marmi sahil tatili
Prag,HAS_ACTIVITY,"Prag şehir turu: Prag Kalesi, St. Vitus Bazilikası, Altın Yol"
Karlovy Vary,HAS_ACTIVITY,Karlovy Vary gezisi
Cesky Krumlov,HAS_ACTIVITY,Cesky Krumlov şehir turu
Cordoba,HAS_ACTIVITY,Cordoba turu
Amman,HAS_ACTIVITY,Amman şehir turu
Mount Nebo,HAS_ACTIVITY,Mount Nebo ve Madaba ziyareti
Petra,HAS_ACTIVITY,Petra Antik Kenti gezisi
Wadi Rum,HAS_ACTIVITY,Wadi Rum çöl safarisi
Dead Sea,HAS_ACTIVITY,Dead Sea’de konaklama ve dinlenme
Abu Dhabi,HAS_ACTIVITY,Ferrari World Abu Dhabi – Driving Experience
Abu Dhabi,HAS_ACTIVITY,"Louvre Museum, Abu Dhabi"
Lima,HAS_ACTIVITY,Lima şehir turu
Lima,HAS_ACTIVITY,Lima şehir turu (Plaza Mayor ve tarihi merkez)
Cusco,HAS_ACTIVITY,Cusco turu
Cusco,HAS_ACTIVITY,Cusco şehir turu
Sacred Valley,HAS_ACTIVITY,Sacred Valley gezisi
Machu Picchu,HAS_ACTIVITY,Machu Picchu gezisi
Machu Picchu,HAS_ACTIVITY,Machu Picchu ziyareti
New York,HAS_ACTIVITY,Central Park ziyareti
New York,HAS_ACTIVITY,Kültürel ve alışveriş aktiviteleri
New York,HAS_ACTIVITY,New York şehir turu (müze ve meydanlar)
Varanasi,HAS_ACTIVITY,Varanasi’de Ganj Nehri kıyısında Aarti töreni
Delhi,HAS_ACTIVITY,Delhi şehir turu
San Casciano Val di Pesa,HAS_ACTIVITY,San Casciano Val di Pesa kasabası ziyareti
Phuket,HAS_ACTIVITY,Phuket Tarihi Kent Gezisi
Phuket,HAS_ACTIVITY,Phuket ada ve sahil aktiviteleri
Phuket,HAS_ACTIVITY,Phuket sahil tatili
Phuket,HAS_ACTIVITY,Phuket’te Big Buddha ziyareti
Bali,HAS_ACTIVITY,Bali’de tapınak ziyaretleri ve sahil aktiviteleri
Bologna,HAS_ACTIVITY,"Bologna şehir turu (Piazza Maggiore, Basilica di San Petronio, Fontana di Nettuno, Palazzo Communale)"
Montepulciano,HAS_ACTIVITY,Montepulciano şarap bağları turu
Montepulciano,HAS_ACTIVITY,Montepulciano şarap bağları ve kasaba gezisi
Pienza,HAS_ACTIVITY,Pienza kasabası ziyareti
Montalcino,HAS_ACTIVITY,Montalcino’da şarap tadımı
Ho Chi Minh,HAS_ACTIVITY,"Ho Chi Minh şehir turu: Reunification Palace, War Remnants Museum, Cho Lon, Thien Hau Tapınağı, Notre Dame Katedrali, Posta Merkezi, Belediye Tiyatrosu"
Nha Trang,HAS_ACTIVITY,Nha Trang sahil tatili ve dinlenme
Saigon,HAS_ACTIVITY,Saigon şehir turu
Ha Long (Lan Ha Bay),HAS_ACTIVITY,Ha Long (Lan Ha Bay) Bhaya özel tekne yolculuğu
Havana,HAS_ACTIVITY,1950’lerden kalma Amerikan arabaları ile Havana turu
Havana,HAS_ACTIVITY,"Havana Eski Kenti, Malecon Bulvarı, Devrim Meydanı, Colomb Mezarlığı ve Morro Kalesi gezisi"
Havana,HAS_ACTIVITY,Havana şehir turu
Havana,HAS_ACTIVITY,"Havana şehir turu (Eski Kent, Malecon, Devrim Meydanı, Colomb Mezarlığı, Miramar)"
Vinales,HAS_ACTIVITY,Vinales tütün tarlaları ve çiftlik ziyareti
Vinales,HAS_ACTIVITY,"Vinales şehir merkezi, tütün tarlaları ve çiftlik ziyareti"
Tokyo,HAS_ACTIVITY,Tokyo şehir turu
Osaka,HAS_ACTIVITY,Osaka Kalesi ziyareti
Kobe,HAS_ACTIVITY,Sorakuen Bahçesi ve Kobe eski yerleşim yeri gezisi
Soweto,HAS_ACTIVITY,Soweto gezisi ve Nelson Mandela’nın Evi ziyareti
Ranthambore,HAS_ACTIVITY,Ranthambore Milli Parkı’nda jeep safari
Jodhpur,HAS_ACTIVITY,Jodhpur Mehrangarh Kalesi gezisi
Jodhpur,HAS_ACTIVITY,Jodhpur Mehrangarh Kalesi ziyareti
Mumbai,HAS_ACTIVITY,Mumbai şehir turu
Cienfuegos,HAS_ACTIVITY,"Cienfuegos şehir turu (Valle Sarayı, Jose Marti Parkı, Prado Promenade)"
Trinidad,HAS_ACTIVITY,Trinidad gezisi ve La Canchanchara Bar ziyareti
Santa Clara,HAS_ACTIVITY,Santa Clara gezisi ve Che Guevara Anıt Mezarı ziyareti
Bogotá,HAS_ACTIVITY,Bogotá şehir turu
Cartagena,HAS_ACTIVITY,Cartagena eski şehir gezisi
Londra,HAS_ACTIVITY,Frieze London fuarı gezisi
Londra,HAS_ACTIVITY,Frieze Sculpture Park ziyareti
Londra,HAS_ACTIVITY,Hayward Gallery ziyareti
Naoshima,HAS_ACTIVITY,Naoshima & Teshima sanat adaları gezisi
Henningsvær,HAS_ACTIVITY,Henningsvær gezisi
Svolvær,HAS_ACTIVITY,Svolvær gezisi
Å,HAS_ACTIVITY,Å köyü gezisi
Mardin,HAS_ACTIVITY,Eski Mardin Evleri ve Abbara tünelleri gezisi
Mardin,HAS_ACTIVITY,Mardin şehir turu
Midyat,HAS_ACTIVITY,Midyat Devlet Konukevi ve Gümüşçüler Çarşısı ziyareti
Midyat,HAS_ACTIVITY,Midyat şehir turu
Mexico City,HAS_ACTIVITY,Mexico City şehir turu
Mérida,HAS_ACTIVITY,Mérida şehir turu
Halong,HAS_ACTIVITY,Halong Bay tekne turu
Hoi An,HAS_ACTIVITY,Hoi An yürüyüş turu
Ho Chi Minh City,HAS_ACTIVITY,Ho Chi Minh City şehir turu
Kyoto,HAS_ACTIVITY,Kyoto şehir turu
Ise Shima,HAS_ACTIVITY,Ise Shima bölgesi gezisi
Chiang Mai,HAS_ACTIVITY,Chiang Mai şehir turu
Johannesburg,HAS_ACTIVITY,Johannesburg şehir turu
Yangon,HAS_ACTIVITY,Yangon şehir turu
Mandalay,HAS_ACTIVITY,Mandalay gezisi
Bagan,HAS_ACTIVITY,Bagan tapınakları gezisi
ROME,HAS_ACTIVITY,COLOSSEUM
ROME,HAS_ACTIVITY,PALATINE HILL
ROME,HAS_ACTIVITY,ROMAN FORUM
GOREME,HAS_ACTIVITY,GOREME OPEN AIR MUSEUM
LONDON,HAS_ACTIVITY,BIG BEN
LONDON,HAS_ACTIVITY,BRITISH MUSEUM
LONDON,HAS_ACTIVITY,LONDON EYE
LONDON,HAS_ACTIVITY,TOWER OF LONDON
NEW YORK,HAS_ACTIVITY,CENTRAL PARK
NEW YORK,HAS_ACTIVITY,STATUE OF LIBERTY
NEW YORK,HAS_ACTIVITY,TIMES SQUARE
TOKYO,HAS_ACTIVITY,MEIJI SHRINE
TOKYO,HAS_ACTIVITY,SENSOJI TEMPLE
TOKYO,HAS_ACTIVITY,SHIBUYA CROSSING
KYOTO,HAS_ACTIVITY,FUSHIMI INARI SHRINE
KYOTO,HAS_ACTIVITY,KINKAKUJI TEMPLE
KYOTO,HAS_ACTIVITY,KIYOMIZU DERA
BARCELONA,HAS_ACTIVITY,CASA BATLLO
BARCELONA,HAS_ACTIVITY,PARK GUELL
BARCELONA,HAS_ACTIVITY,SAGRADA FAMILIA
ISTANBUL,HAS_ACTIVITY,AYASOFYA CAMII
ISTANBUL,HAS_ACTIVITY,BLUE MOSQUE
ISTANBUL,HAS_ACTIVITY,GRAND BAZAAR
ISTANBUL,HAS_ACTIVITY,TOPKAPI PALACE
THESSALONIKI,HAS_ACTIVITY,THESSALONIKI OLD TOWN
PARIS,HAS_ACTIVITY,EIFFEL TOWER
PARIS,HAS_ACTIVITY,LOUVRE MUSEUM
PARIS,HAS_ACTIVITY,MONTMARTRE WALK
PARIS,HAS_ACTIVITY,MUSÉE D'ORSAY
